Ahwatukee Foothills Chamber of Commerce ,U.S. Chamber Member,www.ahwatukeechamber.com,(480)753-7676," 1345 E Chandler Blvd, Ste 207 "," Phoenix, AZ 85048 ",
Apache Junction Chamber of Commerce ,U.S. Chamber Member,www.ajchamber.com,(480)982-3141, PO Box 1747," Apache Junction, AZ 85117 ",
Arizona Chamber of Commerce ,U.S. Chamber Member,www.azchamber.com,(602)248-9172," 3200 North Central Ave, Suite 1125 "," Phoenix, AZ 85012 ",
Buckeye Valley Chamber of Commerce ,U.S. Chamber Member,www.buckeyevalleychamber.org,(623)386-2727, 508 East Monroe Ave.," Buckeye, AZ 85326 ",
Chandler Chamber of Commerce ,U.S. Chamber Member,www.chandlerchamber.com,(480)963-4571," 25 South Arizona Pl, Suite 201 "," Chandler, AZ 85225 ",
Cottonwood Chamber of Commerce ,U.S. Chamber Member,www.cottonwoodchamberaz.org/,(928)634-7593," 849 Cove Pkwy, Ste B"," Cottonwood, AZ 86326 ",
Gilbert Chamber of Commerce ,U.S. Chamber Member,www.gilbertaz.com,(480)892-0056, PO Box 527," Gilbert, AZ 85299 ",
Glendale Chamber of Commerce ,U.S. Chamber Member,www.glendaleazchamber.org,(623)937-4754," 5800 W Glenn Dr, Suite 275 "," Glendale, AZ 85301 ",
Graham County Chamber of Commerce ,U.S. Chamber Member,www.graham-chamber.com,(928)428-2511, 1051 W Thatcher Blvd," Safford, AZ 85546 ",
Grand Canyon Chamber of Commerce ,U.S. Chamber Member,www.grandcanyonchamber.com,(844)638-2901," PO Box 3007, 469 State Route 64 "," Grand Canyon, AZ 86023 ",
Greater Casa Grande Chamber of Commerce ,U.S. Chamber Member,www.casagrandechamber.org,(520)836-2125, 575 North Marshall St," Casa Grande, AZ 85122 ",3 / 5
Greater Flagstaff Chamber of Commerce ,U.S. Chamber Member,www.flagstaffchamber.com,(928)773-9453, 101 West Route 66," Flagstaff, AZ 86001 ",
Greater Oro Valley Chamber of Commerce ,U.S. Chamber Member,www.orovalleychamber.com,(520)297-2191," 7435 North Oracle Rd, Suite 107 "," Tucson, AZ 85704 ",
Greater Phoenix Chamber of Commerce ,U.S. Chamber Member,www.phoenixchamber.com,(602)495-2195," 201 North Central Ave, Suite 2700 "," Phoenix, AZ 85004 ",
Kingman Area Chamber of Commerce ,U.S. Chamber Member,www.kingmanchamber.org,(928)753-6253, 405 E Beale St," Kingman, AZ 86401 ",
Lake Havasu Area Chamber of Commerce ,U.S. Chamber Member,www.havasuchamber.com,(928)855-4115, 314 London Bridge Rd," Lake Havasu City, AZ 86403 ",5 / 5
Marana Chamber of Commerce ,U.S. Chamber Member,www.maranachamber.com,(520)682-4314, 13881 North Casa Grande Hwy," Marana, AZ 85653 ",
Mesa Chamber of Commerce ,U.S. Chamber Member,www.mesachamber.org,(480)969-1307," 165 N Centennial Way, Ste 208 "," Mesa, AZ 85201 ",
Nogales-Santa Cruz County Chamber of Commerce ,U.S. Chamber Member,www.nogaleschamber.com,(520)287-3685, 123 West Kino Park," Nogales, AZ 85621 ",
Parker Area Chamber of Commerce ,U.S. Chamber Member,www.parkeraz.org/,(928)669-2174, 1217 California Ave," Parker, AZ 85344 ",
Pinetop-Lakeside Chamber of Commerce ,U.S. Chamber Member,www.pinetoplakesidechamber.com,(928)367-4290, 518 W White Mountain Blvd," Lakeside, AZ 85929 ",
Prescott Valley Chamber of Commerce ,U.S. Chamber Member,www.pvchamber.org,(928)772-8857," 7120 Pav Way, Suite 102 "," Prescott Valley, AZ 86314 ",3 / 5
Queen Creek Chamber of Commerce ,U.S. Chamber Member,www.queencreekchamber.org,(480)888-1709, Po Box 505," Queen Creek, AZ 85142 ",
Scottsdale Area Chamber of Commerce ,U.S. Chamber Member,www.scottsdalechamber.com,(480)355-2709," 7501 East McCormick Pkwy, Suite 202-N "," Scottsdale, AZ 85258 ",
Sierra Vista Area Chamber of Commerce ,U.S. Chamber Member,www.sierravistachamber.org/,(520)458-6940, 21 East Wilcox Dr," Sierra Vista, AZ 85635 ",
Springerville-Eagar Regional Chamber of Commerce ,U.S. Chamber Member,www.sechamber.com,(928)333-2123," 7 West Main St, PO Box 31 "," Springerville, AZ 85938 ",
Surprise Regional Chamber of Commerce ,U.S. Chamber Member,www.surpriseregionalchamber.com,(623)583-0692, 16126 North Civic Center Plaza," Surprise, AZ 85374 ",
Tempe Chamber of Commerce ,U.S. Chamber Member,www.tempechamber.org,(480)736-4280," 1232 E Broadway Rd, Ste 211 "," Tempe, AZ 85282 ",
Tucson Metro Chamber ,U.S. Chamber Member,www.tucsonchamber.org,(520)792-1212, 465 West St. Mary's Rd," Tucson, AZ 85701 ",5 / 5
Yuma County Chamber of Commerce ,U.S. Chamber Member,www.yumachamber.org,(928)782-2567," 180 West First St, Suite A "," Yuma, AZ 85364 ",
Eloy Chamber of Commerce ,,eloychamber.com/,(520)466-3411, 305 North Stuart Blvd," Eloy, AZ 85131 ",
Ajo District Chamber of Commerce ,,www.ajochamber.com,(520)387-7742, 1 West Plaza St," Ajo, AZ 85321 ",
Arizona Hispanic Chamber of Commerce ,,,(602)279-1800," 255 East Osborn Rd, Suite 201 "," Phoenix, AZ 85012 ",
Benson/San Pedro Valley Chamber of Commerce ,,www.bensonchamberaz.com/,(520)265-8031, 168 East 4th St," Benson, AZ 85602 ",
Bisbee Chamber of Commerce ,,www.bisbeearizona.com,(520)432-6923, PO Box 944," Bisbee, AZ 85603 ",
Black Canyon City Chamber of Commerce ,,www.blackcanyonaz.com,(623)374-9797, PO Box 23," Black Canyon City, AZ 85324 ",
Carefree Cave Creek Chamber of Commerce ,,www.cavecreekchamber.org,(480)437-1110, PO Box 734," Carefree, AZ 85377 ",
Carefree Cave Creek Chamber of Commerce ,,www.carefreecavecreek.org,(480)488-3381, PO Box 734," Carefree, AZ 85377 ",
Chino Valley Area Chamber of Commerce ,,www.chinovalley.org,(928)636-2493, PO Box 419," Chino Valley, AZ 86323 ",
Coolidge Chamber Of Commerce ,,coolidgechamber.org,(520)723-3009, 351 N Arizona Blvd," Coolidge, AZ 85128 ",
Copper Basin Chamber of Commerce ,,www.copperbasinaz.com,(520)363-5078, 355 Alden Rd.," Kearny, AZ 85137 ",
Fountain Hills Chamber of Commerce ,,www.fountainhillschamber.com/fhchamber/,(480)837-1654, PO Box 17598," Fountain Hills, AZ 85269 ",
Globe Miami Chamber of Commerce ,,www.globemiamichamber.com,(928)425-4495, 1360 North Broad St," Globe, AZ 85501 ",
Greater Florence Chamber of Commerce ,,www.florenceazchamber.com,(520)868-9433, PO Box 929," Florence, AZ 85132 ",
Greater San Tan Chamber of Commerce ,,www.greatersantanchamber.com,(480)788-7516," 2510 East Hunt Hwy, Suite 24 "," Queen Creek, AZ 85143 ",
Green Valley-Sahuarita Chamber of Commerce ,,www.greenvalleysahuarita.com,(520)625-7575," 275 West Continental Rd, Suite 123 "," Green Valley, AZ 85622 ",
Mohave Valley Chamber of Commerce ,,www.mohavevalleychamber.com,(928)768-2777, 10225 Harbor Ave," Mohave Valley, AZ 86440 ",
North Phoenix Chamber of Commerce ,,www.northphoenixchamber.com,(602)482-3344," 3141 East Beardsley Rd, Suite 120 "," Phoenix, AZ 85050 ",
Page Lake Powell Chamber of Commerce ,,www.pagechamber.com,(928)645-2741, PO Box 727," Page, AZ 86040 ",
Peoria Chamber of Commerce ,,www.peoriachamber.com,(623)979-3601, 8385 W Mariners Way," Peoria, AZ 85382 ",
Prescott Chamber of Commerce ,,www.prescott.org,(928)445-2000, 117 W Goodwin St," Prescott, AZ 86303 ",
Rim Country Regional Chamber of Commerce ,,www.rimcountrychamber.com,928-474-4515, PO Box 1380," Payson, AZ 85547 ",
San Tan Valley Chamber of Commerce ,,www.SanTanChamber.com,(480)626-7757," 530 East Hunt Hwy, #16-181"," San Tan Valley, AZ 85143 ",
Sedona Chamber of Commerce ,,www.sedonachamber.com,(928)282-7722, 331 Forest Rd," Sedona, AZ 86336 ",
Show Low Chamber of Commerce ,,www.showlowchamber.com,(928)537-2326, 81 East Deuce of Clubs," Show Low, AZ 85901 ",
Snowflake-Taylor Chamber of Commerce ,,www.snowflaketaylorchamber.org,(928)536-4331," 113 North Main St, Suite A "," Snowflake, AZ 85937 ",
Southwest Valley Chamber of Commerce ,,www.southwestvalleychamber.org,(623)932-2260, 289 North Litchfield Rd," Goodyear, AZ 85338 ",
Tucson Hispanic Chamber of Commerce ,,www.tucsonhispanicchamber.org,(520)620-0005, 2754 North Campbell Rd," Tucson, AZ 85718 ",
Wickenburg Chamber of Commerce ,,www.wickenburgchamber.com,(928)684-5479, 216 North Frontier St," Wickenburg, AZ 85390 ",
Willcox Chamber of Commerce and Agriculture ,,www.willcoxchamber.com,(520)384-2272, 1500 North Circle I Rd," Willcox, AZ 85643 ",
Winslow Arizona Chamber of Commerce ,,www.winslowarizona.org,(928)289-2434, 523 West Second St," Winslow, AZ 86047 ",
Alpine Area Chamber of Commerce ,,,(928)339-4330, PO Box 410," Alpine, AZ 85920 ",
Arcadia Chamber of Commerce ,,www.arcadiachamber.net,(602)490-0141, 4148 N Arcadia Dr," Phoenix, AZ 85018 ",
Arizona Asian Chamber of Commerce ,,www.asianchamber.org,(602)222-2009," 1219 E Glandale Ave., 25 "," Phoenix, AZ 85020 ",
Arizona City Chamber of Commerce ,,www.arizonacitychamber.org,(520)466-5141," 13640 South Sunland Gin Rd, PO Box 5 "," Arizona City, AZ 85123 ",
Arizona Highway 69 Chamber of Commerce ,,www.arizonahighway69chamber.org,(928)632-4355," 12791 E Central Ave, Suite B"," Mayer, AZ 86333 ",
Arizona Mexican Chamber of Commerce ,,www.azhcc.com,(602)252-6448, 4644 N 38th Dr.," Phoenix, AZ 85001 ",
Bouse Chamber of Commerce ,,,(928)851-2498, PO Box 817," Bouse, AZ 85325 ",
Bowie Chamber of Commerce ,,www.bowiechamber.com,(520)253-0930, PO Box 287," Bowie, AZ 85605 ",
Chloride Chamber of Commerce ,,,(520)565-4890, PO Box 268," Chloride, AZ 86431 ",
Clarkdale Chamber of Commerce ,,www.clarkdalechamber.com,(928)634-4296," 900 Main St, PO Box 161 "," Clarkdale, AZ 86324 ",
Dolan Springs Chamber of Commerce ,,,(928)767-4473, 16154 Pierce Ferry Rd," Dolan Springs, AZ 86441 ",
Douglas Chamber of Commerce ,,,(520)364-2477, PO Box 1635," Douglas, AZ 85607 ",
Fredonia Chamber ofCommerce ,,,(928)643-7241, PO Box 547," Fredonia, AZ 86022 ",
Gila Bend Chamber of Commerce ,,,(928)420-1964, PO Box Cc," Gila Bend, AZ 85337 ",
Golden Valley Chamber of Commerce ,,www.goldenvalleychamber.com,(928)565-3311, 3395 Verde," Golden Valley, AZ 86413 ",
Greenlee County Chamber of Commerce ,,,(928)359-3600, 809 SE Old West Hwy," Duncan, AZ 85534 ",
Heber-Overgaard Chamber of Commerce ,,,(928)535-5777, 2774 AZ-260," Overgaard, AZ 85933 ",
Holbrook Chamber of Commerce ,,,(928)524-6558, 100 E Arizona St," Holbrook, AZ 86025 ",
Jerome Chamber of Commerce ,,,(928)634-2900, PO Box K," Jerome, AZ 86331 ",
Joseph City Chamber of Commerce ,,,(928)288-3255, PO Box 36972," Joseph City, AZ 86032 ",
Kayenta Chamber & Film Office ,,www.crawleytours.com,(520)697-3463, PO Box 187," Kayenta, AZ 86033 ",
Maricopa Chamber of Commerce ,,www.maricopachamber.org,(520)568-9573," 19756 N John Wayne Pkwy, Suite 106 "," Maricopa, AZ 85139 ",
Mcmullen Valley Chamber of Commerce ,,www.azoutback.com,, PO Box 700," Salome, AZ 85348 ",
Meadview Area Chamber of Commerce ,,www.meadviewazchamber.com,(928)564-2425, PO Box 26," Meadview, AZ 86444 ",
Oatman-Goldroad Chamber of Commerce ,,,(928)768-6222, PO Box 423," Oatman, AZ 86433 ",
Pearce-Sunsites Chamber of Commerce ,,,, PO Box 536," Pearce, AZ 85625 ",
San Manuel Chamber of Commerce ,,,(520)385-4360, 130 N Redington Road," San Manuel, AZ 85631 ",
Seligman Chamber ofCommerce ,,,, PO Box 65," Seligman, AZ 86337 ",
SMOR Chamber of Commerce ,,,(520)896-9322, PO Box 1886," Oracle, AZ 85623 ",
Sonoita-Elgin Chamber of Commerce ,,,(520)455-5498, PO Box 607," Sonoita, AZ 85637 ",
Superior Chamber of Commerce ,,www.superiorarizonachamber.org,(520)689-0200, 165 Main St.," Superior, AZ 85173 ",
The Black Chamber of Arizona ,,,(602)243-1857," 201 E Washington, Suite 440 "," Phoenix, AZ 85004 ",
Tombstone Chamber of Commerce ,,www.tombstonechamber.com,(520)457-9317, PO Box 995," Tombstone, AZ 85638 ",
Tonto Basin Chamber of Commerce ,,www.tontobasinchamber.org,(928)479-2839, PO Box 687," Tonto Basin, AZ 85553 ",
Tubac Chamber of Commerce ,,www.tubacaz.com,(520)398-2704, PO Box 1866," Tubac, AZ 85646 ",
Yarnell-Peeples Valley Chamber of Commerce ,,www.y-pvchamber.com,(928)427-6582, PO Box 275," Yarnell, AZ 85362 ",
