Alhambra Chamber of Commerce ,U.S. Chamber Member,www.alhambrachamber.org/,(626)282-8481, 104 South First St," Alhambra, CA 91801 ",
Alpine Mountain Empire Chamber of Commerce ,U.S. Chamber Member,alpinechamber.com/,(619)445-2722," 1620 Alpine Blvd, Suite 208 "," Alpine, CA 91901 ",
Anaheim Chamber of Commerce ,U.S. Chamber Member,www.anaheimchamber.org,(714)758-0222," 2099 S State College Blvd, Ste 640 "," Anaheim, CA 92806 ",
Big Bear Chamber of Commerce ,U.S. Chamber Member,www.bigbearchamber.com,(909)866-4607, 630 Bartlett Rd," Big Bear Lake, CA 92315 ",
Brawley Chamber of Commerce ,U.S. Chamber Member,www.brawleychamber.com,(760)344-3160, 204 South Imperial Ave," Brawley, CA 92227 ",
Burbank Chamber of Commerce ,U.S. Chamber Member,www.burbankchamber.org,(818)846-3111, 200 West Magnolia Blvd," Burbank, CA 91502 ",
California Chamber of Commerce ,U.S. Chamber Member,www.calchamber.com,(916)444-6670," 1215 K St, Suite 1400 "," Sacramento, CA 95814 ",
Camarillo Chamber of Commerce ,U.S. Chamber Member,www.camarillochamber.org,(805)484-4383, 2400 East Ventura Blvd," Camarillo, CA 93010 ",
Carlsbad Chamber of Commerce ,U.S. Chamber Member,www.carlsbad.org,(760)931-8400, 5934 Priestly Dr," Carlsbad, CA 92008 ",
Cerritos Regional Chamber of Commerce ,U.S. Chamber Member,www.cerritos.org,(562)467-0800, 13259 East South St," Cerritos, CA 90703 ",
Clovis Chamber of Commerce ,U.S. Chamber Member,www.clovischamber.com,(559)299-7363, 325 Pollasky Ave," Clovis, CA 93612 ",
Corona Chamber of Commerce ,U.S. Chamber Member,www.coronachamber.org,(951)737-3350, 904 East 6th St," Corona, CA 92879 ",
Coronado Chamber of Commerce ,U.S. Chamber Member,www.coronadochamber.com,(619)435-9260, 1125 10th St," Coronado, CA 92118 ",
Costa Mesa Chamber of Commerce ,U.S. Chamber Member,www.costamesachamber.com,(714)885-9095," 1700 Adams Ave, Suite 101 "," Costa Mesa, CA 92626 ",
Danville Area Chamber of Commerce ,U.S. Chamber Member,www.danvilleareachamber.com,(925)837-4400, 117-E Town & Country Dr," Danville, CA 94526 ",
El Centro Chamber of Commerce & Visitors Bureau ,U.S. Chamber Member,www.elcentrochamber.com,(760)352-3681, 1095 South 4th St," El Centro, CA 92243 ",
El Dorado Hills Chamber of Commerce ,U.S. Chamber Member,www.eldoradohillschamber.org/,(916)933-1335," 2085 Vine St, Suite 105 "," El Dorado Hills, CA 95762 ",
El Segundo Chamber of Commerce ,U.S. Chamber Member,www.elsegundochamber.com,(310)322-1220, 427 Main St," El Segundo, CA 90245 ",
Elk Grove Chamber of Commerce ,U.S. Chamber Member,www.elkgroveca.com,(916)691-3760," 9401 East Stockton Blvd, Ste 125 "," Elk Grove, CA 95624 ",
Escondido Chamber of Commerce ,U.S. Chamber Member,www.escondidochamber.org/,(760)745-2125, 720 North Broadway," Escondido, CA 92025 ",
Exeter Chamber of Commerce ,U.S. Chamber Member,www.exeterchamber.com/,(559)592-2919, 101 W Pine," Exeter, CA 93221 ",
Fallbrook Chamber of Commerce ,U.S. Chamber Member,www.fallbrookchamberofcommerce.org,(760)728-5845, 111 South Main Ave," Fallbrook, CA 92028 ",
Folsom Chamber of Commerce ,U.S. Chamber Member,www.FolsomChamber.com,(916)985-2698, 200 Wool St," Folsom, CA 95630 ",
Fontana Chamber of Commerce ,U.S. Chamber Member,www.fontanachamber.com,(909)822-4433, 8491 Sierra Ave," Fontana, CA 92335 ",
Fresno Chamber of Commerce ,U.S. Chamber Member,www.fresnochamber.com,(559)495-4800, 2331 Fresno St," Fresno, CA 93721 ",
Goleta Valley Chamber of Commerce ,U.S. Chamber Member,www.goletavalley.com,(805)967-2500," 5662 Calle Real, #204"," Goleta, CA 93117 ",
Greater Bakersfield Chamber of Commerce ,U.S. Chamber Member,www.bakersfieldchamber.org,(661)327-4421, 1725 Eye St," Bakersfield, CA 93301 ",
Greater Coachella Valley Chamber of Comm ,U.S. Chamber Member,www.gcvcc.org,(760)347-0676, 82-921 Indio Blvd," Indio, CA 92201 ",
Greater Conejo Valley Chamber of Commerce ,U.S. Chamber Member,www.conejochamber.org,(805)370-0035," 600 Hampshire Road, Suite 200 "," Westlake Village, CA 91361 ",5 / 5
Greater Irvine Chamber of Commerce ,U.S. Chamber Member,www.greaterirvinechamber.com,(949)660-9112," 36 Executive Park, Suite 100 "," Irvine, CA 92614 ",5 / 5
Greater Redding Chamber of Commerce ,U.S. Chamber Member,www.reddingchamber.com,(530)225-4433," 1321 Butte St, Ste 100 "," Redding, CA 96001 ",
Greater Riverside Chamber of Commerce ,U.S. Chamber Member,www.riverside-chamber.com/,(951)683-7100, 3985 University Ave," Riverside, CA 92501 ",
Greater San Fernando Valley Chamber of Commerce ,U.S. Chamber Member,www.sanfernandovalleychamber.com/default.asp,(818)989-0300," 7120 Hayvenhurst Ave., Suite 114 "," Van Nuys, CA 91406 ",
Hayward Chamber of Commerce ,U.S. Chamber Member,www.hayward.org,(510)537-2424, 22561 Main St," Hayward, CA 94541 ",
Hemet/San Jacinto Chamber of Commerce ,U.S. Chamber Member,www.hsjvc.com,(951)658-3211, 615 North San Jacinto St," Hemet, CA 92543 ",
Hollywood Chamber of Commerce ,U.S. Chamber Member,www.hollywoodchamber.net,(323)469-8311, 6255 W Sunset Blvd," Los Angeles, CA 90028 ",
Irwindale Chamber of Commerce ,U.S. Chamber Member,www.irwindalechamber.org/,(626)960-6606, PO Box 2307," Irwindale, CA 91706 ",
Lancaster Chamber of Commerce ,U.S. Chamber Member,www.lancasterchamber.org,(661)948-4518, 554 West Lancaster Blvd," Lancaster, CA 93534 ",
Lodi Chamber of Commerce ,U.S. Chamber Member,www.lodichamber.com,(209)367-7840, 35 South School St," Lodi, CA 95240 ",
Lompoc Valley Chamber of Commerce & Visitors Burea ,U.S. Chamber Member,www.lompoc.com,(805)736-4567, 111 South I St," Lompoc, CA 93436 ",
Long Beach Area Chamber of Commerce ,U.S. Chamber Member,www.lbchamber.com,(562)436-1251," 1 World Trade Ctr, Ste 1650 "," Long Beach, CA 90831 ",
Loomis Basin Chamber of C ,U.S. Chamber Member,www.loomischamber.com,(916)652-7252, 6090 Horseshoe Bar Rd," Loomis, CA 95650 ",
Los Angeles Area Chamber of Commerce ,U.S. Chamber Member,www.lachamber.com,(213)580-7525, 350 S Bixel St," Los Angeles, CA 90017 ",
Mammoth Lakes Chamber of Commerce ,U.S. Chamber Member,www.mammothlakeschamber.org/,(760)934-3068, Po Box 3268," Mammoth Lakes, CA 93546 ",
Martinez Chamber of Commerce ,U.S. Chamber Member,www.martinezchamber.com,(925)228-2345, 603 Marina Vista," Martinez, CA 94553 ",
Menifee Valley Chamber of Commerce ,U.S. Chamber Member,menifeevalleychamber.com/,(951)672-1991," 29737 New Hub Dr, Suite 102 "," Menifee, CA 92586 ",
Murrieta Chamber of Commerce ,U.S. Chamber Member,www.murrietachamber.org,(951)677-7916," 25125 Madison Ave, Ste 108 "," Murrieta, CA 92562 ",
Newport Beach Chamber of Commerce ,U.S. Chamber Member,www.newportbeach.com,(949)729-4400," 4343 Von Carmen Ave, Suite 150-W "," Newport Beach, CA 92660 ",
North Orange County Chamber ,U.S. Chamber Member,www.nocchamber.com,(714)871-3100," 444 N Harbor Blvd, Suite 200 "," Fullerton, CA 92832 ",
North San Diego Business Chamber ,U.S. Chamber Member,www.sdbusinesschamber.com/,(858)487-1767," 10875 Rancho Bernardo Rd, Suite 104 "," San Diego, CA 92127 ",5 / 5
Orange County Business Council ,U.S. Chamber Member,www.ocbc.org,(949)476-2242," 2 Park Plz, #100"," Irvine, CA 92614 ",
Oxnard Chamber of Commerce ,U.S. Chamber Member,www.oxnardchamber.org,(805)385-8860," 400 East Esplanade Dr, Suite 302 "," Oxnard, CA 93036 ",
Palm Desert Area Chamber of Commerce ,U.S. Chamber Member,www.palmdesert.org,(760)346-6111, 72559 Highway 111," Palm Desert, CA 92260 ",5 / 5
Palmdale Chamber of Commerce ,U.S. Chamber Member,www.palmdalechamber.org,(661)273-3232, 817 E Avenue Q9," Palmdale, CA 93550 ",3 / 5
Palos Verdes Peninsula Chamber of Commerce ,U.S. Chamber Member,palosverdes.com/pvpcc,(310)377-8111," 4040 Palos Verdes Drive North, Suite 205 "," Rolling Hills Estates, CA 90274 ",
Paradise Ridge Chamber of Commerce ,U.S. Chamber Member,www.paradisechamber.com,(530)877-9356," 6161 Clark Road, Ste 1"," Paradise, CA 95969 ",
Paso Robles Chamber of Commerce ,U.S. Chamber Member,www.pasorobleschamber.com,(805)238-0506, 1225 Park St," Paso Robles, CA 93446 ",
Ramona Chamber of Commerce ,U.S. Chamber Member,www.ramonachamber.com,(760)789-1311, 960 Main St," Ramona, CA 92065 ",
Rancho Cordova Chamber of Commerce ,U.S. Chamber Member,www.ranchocordova.org,(916)273-5700," 2729 Prospect Park Dr, Suite 117 "," Rancho Cordova, CA 95670 ",
Rancho Cucamonga Chamber of Commerce ,U.S. Chamber Member,www.ranchochamber.org,(909)987-1012," 10470 Foothill Blvd, Suite 180 "," Rancho Cucamonga, CA 91730 ",
Rancho Mirage Chamber of Commerce ,U.S. Chamber Member,www.ranchomirage.org,(760)568-9351," 71905 Highway 111, Suite H "," Rancho Mirage, CA 92270 ",
Redondo Beach Chamber of Commerce ,U.S. Chamber Member,www.redondochamber.org,(310)376-6911," 119 W Torrance Blvd, Ste 2"," Redondo Beach, CA 90277 ",
Rocklin Area Chamber of Commerce ,U.S. Chamber Member,www.rocklinchamber.com,(916)624-2548, 3700 Rocklin Rd," Rocklin, CA 95677 ",
Roseville Area Chamber of Commerce ,U.S. Chamber Member,www.rosevillechamber.com,(916)783-8136, 650 Douglas Blvd," Roseville, CA 95678 ",5 / 5
Sacramento Metro Chamber of Commerce ,U.S. Chamber Member,www.metrochamber.org,(916)552-6800," 1 Capitol Mall, Suite 300"," Sacramento, CA 95814 ",
San Clemente Chamber of Commerce ,U.S. Chamber Member,www.scchamber.com,(949)492-1131," 1231 Puerta Del Sol, Suite 200 "," San Clemente, CA 92673 ",5 / 5
San Diego East County Chamber of Commerce ,U.S. Chamber Member,www.eastcountychamber.org,(619)440-6161, 201 South Magnolia Ave," El Cajon, CA 92020 ",
San Diego Regional Chamber of Commerce ,U.S. Chamber Member,www.sdchamber.org,(619)544-1300," 402 West Broadway, Suite 1000 "," San Diego, CA 92101 ",3 / 5
San Dimas Chamber of Commerce ,U.S. Chamber Member,sandimaschamber.com,(909)592-3818, PO Box 175," San Dimas, CA 91773 ",
San Gabriel Valley Economic Partnership ,U.S. Chamber Member,valleyconnect.com/,(626)856-3400, 4900 Rivergrade Rd," Baldwin Park, CA 91706 ",
San Juan Capistrano Chamber of Commerce ,U.S. Chamber Member,www.sanjuanchamber.com,(949)493-4700, 31421 La Matanza St.," San Juan Capistrano, CA 92675 ",
San Marcos Chamber of Commerce ,U.S. Chamber Member,www.sanmarcoschamber.com,(760)744-1270," 904 West San Marcos Boulevard, Suite 10 "," San Marcos, CA 92078 ",
Santa Barbara Region Chamber of Commerce ,U.S. Chamber Member,www.sbchamber.org,(805)979-5013," 104 W Anapamu St, Suite A "," Santa Barbara, CA 93101 ",
Santa Clarita Valley Chamber of Commerce ,U.S. Chamber Member,www.scvchamber.com/,(661)702-6977," 28494 Westinghouse Pl, Ste 114 "," Valencia, CA 91355 ",
Santa Fe Springs Chamber of Commerce ,U.S. Chamber Member,www.sfschamber.com,(562)944-1616," 12016 East Telegraph Rd, Suite 100 "," Santa Fe Springs, CA 90670 ",
Santa Maria Valley Chamber ,U.S. Chamber Member,www.santamaria.com,(805)925-2403, 614 South Broadway," Santa Maria, CA 93454 ",
Santa Rosa Chamber of Commerce ,U.S. Chamber Member,www.santarosachamber.com,(707)545-1414," 50 Old Courthouse Sq, Ste 110 "," Santa Rosa, CA 95404 ",
Simi Valley Chamber of Commerce ,U.S. Chamber Member,www.simivalleychamber.org,(805)526-3900," 40 West Cochran St, Suite 100 "," Simi Valley, CA 93065 ",5 / 5
Sonoma Valley Chamber of Commerce ,U.S. Chamber Member,www.sonomachamber.com,(707)996-1033, 651-A Broadway," Sonoma, CA 95476 ",
South County Chambers Of Commerce ,U.S. Chamber Member,www.southcountychambers.com,(805)489-1488, 800A W Branch St," Arroyo Grande, CA 93420 ",
South Orange County Regional Chamber of Commerce ,U.S. Chamber Member,www.socchamber.com,(949)600-5470," 27758 Santa Margarita Pkwy, Suite 378 "," Mission Viejo, CA 92691 ",
South San Francisco Chamber of Commerce ,U.S. Chamber Member,www.ssfchamber.com/,(650)588-1911, 213 Linden Avenue," South San Francisco, CA 94080 ",
Taiwanese American Chamber Of Commerce ,U.S. Chamber Member,www.taccla.org,(626)288-6208," 1045 E Valley Blvd, #A211"," San Gabriel, CA 91776 ",
Temecula Valley Chamber of Commerce ,U.S. Chamber Member,www.temecula.org,(866)676-5090, 26790 Ynez Ct," Temecula, CA 92591 ",
Torrance Area Chamber of Commerce ,U.S. Chamber Member,www.torrancechamber.com,(310)540-5858," 3480 Torrance Blvd, #305"," Torrance, CA 90503 ",
Tulare Chamber of Commerce ,U.S. Chamber Member,www.tularechamber.org,(559)686-1547, 220 East Tulare Ave," Tulare, CA 93274 ",
"USA Express Legal & Investigative Services, Inc. ",U.S. Chamber Member,,(818)391-4212," 21031 Ventura Blvd, Ste 920 "," Woodland Hills, CA 91364 ",
Valley Industry & Commerce Association ,U.S. Chamber Member,www.vica.com,(818)817-0545," 16600 Sherman Way, Suite 170 "," Van Nuys, CA 91406 ",
Ventura Chamber of Commerce ,U.S. Chamber Member,www.ventura-chamber.org,(805)643-7222," 505 Poli St, 2nd Floor "," Ventura, CA 93001 ",
Victor Valley Chamber of Commerce ,U.S. Chamber Member,vvchamber.com,(760)245-6506," 14174 Green Tree Blvd, Ste A "," Victorville, CA 92395 ",
Vista Chamber of Commerce ,U.S. Chamber Member,www.vistachamber.org,(760)726-1122, 127 Main St," Vista, CA 92084 ",
Western Association of Chamber Executives ,U.S. Chamber Member,,(916)442-2223, PO Box 1736," Sacramento, CA 95812 ",
Yorba Linda Chamber of Commerce ,U.S. Chamber Member,www.yorbalindachamber.org/,(714)993-9537," 17670 Yorba Linda Blvd, Ste 400"," Yorba Linda, CA 92886 ",
Santa Clara Chamber of Commerce and CVB ,,www.santaclarachamber.org/home,(408)380-1231, 1850 Warburton Ave," Santa Clara, CA 95050 ",
Vacaville Chamber of Commerce ,,www.vacavillechamber.com,(707)448-6424," 300 Main St, Suite A "," Vacaville, CA 95688 ",
Apple Valley Chamber of Commerce ,,www.avchamber.org,(760)242-2753, 16010 Apple Valley Rd," Apple Valley, CA 92307 ",
Arcadia Chamber of Commerce ,,www.arcadiachamber.com,(626)447-2159, 388 West Huntington Dr," Arcadia, CA 91007 ",
Arcata Chamber of Commerce ,,www.arcatachamber.com/,(707)822-3619, 1635 Heindon Rd," Arcata, CA 95521 ",
Atascadero Chamber of Commerce ,,www.atascaderochamber.org/,(805)466-2044, 6907 El Camino Real," Atascadero, CA 93422 ",
Atwater Chamber of Commerce ,,www.atwaterchamberofcommerce.com/,(209)358-4251, 1181 Third St," Atwater, CA 95301 ",
Auburn Chamber of Commerce ,,www.auburnchamber.net/,(530)885-5616, 1103 High St," Auburn, CA 95603 ",
Barstow Area Chamber of Commerce ,,www.barstowchamber.com,(760)256-8617, PO Box 698," Barstow, CA 92312 ",
Benicia Chamber of Commerce ,,www.beniciachamber.com,(707)745-2120," 601 First St, Suite 100 "," Benicia, CA 94510 ",
Berkeley Chamber of Commerce ,,www.berkeleychamber.com,(510)549-7000, 1834 University Ave," Berkeley, CA 94703 ",
Beverly Hills Chamber of Commerce ,,www.beverlyhillschamber.com,(310)248-1000, 9400 South Santa Monica Blvd.," Beverly Hills, CA 90212 ",
Borrego Springs Chamber of Commerce ,,www.borregospringschamber.com,(760)767-5555, PO Box 420," Borrego Springs, CA 92004 ",
Brea Chamber of Commerce ,,www.breachamber.com,(714)529-3660," 1 Civic Center Cir, 2nd Floor "," Brea, CA 92821 ",
California City Chamber of Commerce ,,info@californiacitychamber,(760)373-8676, PO Box 2008," California City, CA 93504 ",
Canoga Park/West Hills Chamber of Commerce ,,www.cpwhchamber.org,(818)884-4222, 7248 Owensmouth Ave," Canoga Park, CA 91303 ",
Carpinteria Valley Chamber of Commerce ,,www.carpinteriachamber.org/,(805)684-5479, 1056b Eugenia Pl," Carpinteria, CA 93013 ",
Catalina Island Chamber of Commerce ,,www.catalinachamber.com,(310)510-1520, PO Box 217," Avalon, CA 90704 ",
Century City Chamber of Commerce ,,www.centurycitycc.com,(310)553-2222," 2029 Century Park East, Concourse Level "," Los Angeles, CA 90067 ",
Chamber of Commerce Mountain View ,,www.chambermv.org,(650)968-8378, 580 Castro St," Mountain View, CA 94041 ",
Chico Chamber of Commerce ,,www.chicochamber.com,(530)891-5556," 441 Main St, Suite 150, PO Box 3300 "," Chico, CA 95927 ",
Chinese Chamber of Commerce of L.A. ,,www.lachinesechamber.org/,(213)617-0396, 823 N Hill St," Los Angeles, CA 90012 ",
Chino Valley Chamber of Commerce ,,www.chinovalleychamber.com,(909)627-6177, 13150 Seventh St," Chino, CA 91710 ",
Chula Vista Chamber of Commerce ,,www.chulavistachamber.org/,(619)420-6602, 233 4th Ave," Chula Vista, CA 91910 ",
Citrus Heights Regional Chamber of Commerce ,,www.chchamber.com,(916)722-4545," 7920 Alta Sunrise Dr, Suite 100 "," Citrus Heights, CA 95610 ",
Claremont Chamber of Commerce ,,www.claremontchamber.org,(909)624-1681, 205 Yale Ave.," Claremont, CA 91711 ",
Commerce Industrial Council Chamber of Commerce ,,www.industrialcouncil.org,(323)728-7222," 6055 East Washington Blvd, #120"," Commerce, CA 90040 ",
Corona Del Mar Chamber of Commerce ,,www.cdmchamber.com,(949)673-4050," 2855 East Coast Hwy, Suite 101 "," Corona del Mar, CA 92625 ",
Covina Chamber of Commerce ,,www.covina.org/,(626)967-4191," 935 West Badillo St, #100"," Covina, CA 91722 ",
Crescent City-Del Norte County Chamber of Commerce ,,www.delnorte.org,(800)343-8300, 1001 Front St.," Crescent City, CA 95531 ",
Culver City Chamber of Commerce ,,www.culvercitychamber.com,(310)287-3850," 6000 Sepulveda Blvd, Ste 1260 "," Culver City, CA 90230 ",
Cupertino Chamber of Commerce ,,www.cupertino-chamber.org,(408)252-7054, 20455 Silverado Ave," Cupertino, CA 95014 ",
Dana Point Chamber of Commerce ,,danapointchamber.com,(949)496-1555," 34163 Pacific Coast Hwy, Ste 100 "," Dana Point, CA 92629 ",
Davis Chamber of Commerce ,,www.davischamber.com,(530)756-5160, 604 Third St," Davis, CA 95616 ",
Delano Chamber of Commerce ,,delanochamberofcommerce.org,(661)725-2518, 931 High St," Delano, CA 93215 ",
Downey Chamber of Commerce ,,www.downeychamber.com/,(562)923-2191, 11131 Brookshire Ave," Downey, CA 90241 ",
El Dorado County Chamber of Commerce ,,www.eldoradocounty.org,(530)621-5885, 542 Main St," Placerville, CA 95667 ",
Encinitas Chamber of Commerce ,,www.encinitaschamber.com/,(760)753-6041," 535 Encinitas Blvd, Suite 116 "," Encinitas, CA 92024 ",
Encino Chamber of Commerce ,,www.encinochamber.org,(818)789-4711, 4933 Balboa Blvd," Encino, CA 91316 ",
Fairfield Suisun Chamber of Commerce ,,www.ffsc-chamber.com,(707)425-4625, 1111 Webster St," Fairfield, CA 94533 ",
Foster City Chamber of Commerce ,,www.fostercitychamber.com,(650)573-7600," 100 Grand Ln, Ste B "," San Mateo, CA 94404 ",
Fountain Valley Chamber of Commerce ,,www.fvchamber.com,(714)962-3822," 10055 Slater Ave, Suite 250 "," Fountain Valley, CA 92708 ",
Fremont Chamber of Commerce ,,www.fremontbusiness.com/,(510)795-2244," 39488 Stevenson Pl, Suite 100 "," Fremont, CA 94539 ",
Galt District Chamber of Commerce ,,galtchamber.com,(209)745-2529, 431 South Lincoln Way," Galt, CA 95632 ",
Gilroy Chamber of Commerce ,,www.gilroy.org/,(408)842-6437, 7471 Monterey St," Gilroy, CA 95020 ",
Glendale Chamber of Commerce ,,www.glendalechamber.com,(818)240-7870," 701 North Brand Blvd, Suite 120 "," Glendale, CA 91203 ",
Grass Valley/Nevada County Chamber of Commerce ,,www.grassvalleychamber.com/,(530)273-4667, 128 East Main St," Grass Valley, CA 95945 ",
Greater Concord Chamber of Commerce ,,www.concordchamber.com/index.asp,(925)685-1181," 2280 Diamond Blvd, Suite 200 "," Concord, CA 94520 ",
Greater Huntington Park Area Chamber of Commerce ,,www.hpchamber1.com,(323)585-1155, 6725 Seville Ave," Huntington Park, CA 90255 ",
Greater Lakewood Chamber of Commerce ,,www.lakewoodchamber.com,(562)531-9733, PO Box 160," Lakewood, CA 90714 ",
Greater Merced Chamber of Commerce ,,www.mercedchamber.com,(209)384-7092, 646 S Hwy. 59," Merced, CA 95340 ",
Greater Ontario Business Council ,,www.ontario.org,(909)984-2458," 3200 Inland Empire Blvd, Ste 130 "," Ontario, CA 91764 ",
Greater Reedley Chamber of Commerce ,,www.reedleychamberofcommerce.com,(559)638-3548, 1633 11th St.," Reedley, CA 93654 ",
Greater Stockton Chamber of Commerce ,,www.stocktonchamber.org,(209)547-2770," 445 West Weber Ave, Suite 220 "," Stockton, CA 95203 ",
Greater Tehachapi Chamber of Commerce ,,www.tehachapi.com/chamber,(661)822-4180, 209 East Tehachapi Blvd," Tehachapi, CA 93581 ",
Greater Tracy Chamber of Commerce ,,www.tracychamber.org,(209)835-2131, 223 East 10th St," Tracy, CA 95376 ",
Greater Ukiah Chamber of Commerce ,,www.ukiahchamber.com,(707)462-4705," 200 S School St, #N "," Ukiah, CA 95482 ",
Half Moon Bay Coastside C of C & Visitors Bureau ,,www.halfmoonbaychamber.org,(650)726-8380, 235 Main St," Half Moon Bay, CA 94019 ",
Hanford Chamber of Commerce ,,www.hanfordchamber.com,(559)582-0483," 113 Court St, Suite 104 "," Hanford, CA 93230 ",
Harbor City/Harbor Gateway Chamber of Co ,,hchgchamber.com,(310)534-3143, 1517 Pacific Coast Hwy.," Harbor City, CA 90710 ",
Healdsburg Chamber of Commerce & Visitors Bureau ,,www.healdsburg.com,(707)433-6935, 217 Healdsburg Ave.," Healdsburg, CA 95448 ",
Hesperia Chamber of Commerce ,,www.hesperiacc.com,(760)244-2135, 14321 Main St," Hesperia, CA 92345 ",
Huntington Beach Chamber of Commerce ,,www.hbchamber.com,(714)536-8888," 2134 Main St, Suite 100 "," Huntington Beach, CA 92648 ",
Inland Empire Regional Chamber of Commerce ,,www.iechamber.org,(909)456-8900," 3200 Guasti Rd, Suite 100 "," Ontario, CA 91761 ",
King City Chamber of Commerce & Agriculture ,,www.kingcitychamber.com,(831)385-3814," 200 Broadway St, Suite 40 "," King City, CA 93930 ",
La Canada-Flintridge Chamber of Commerce ,,www.lacanadaflintridge.com,(818)790-4289," 4529 Angeles Crest Hwy, Suite 102 "," La Canada, CA 91011 ",
La Mirada Chamber of Commerce ,,www.lamiradachamber.org,(562)902-1970, PO Box 1266," La Mirada, CA 90638 ",
La Verne Chamber of Commerce ,,www.lavernechamber.org,(909)593-5265, 2078 Bonita Ave," La Verne, CA 91750 ",
Laguna Beach Chamber of Commerce ,,www.lagunabeachchamber.org/,(949)494-1018, 357 Glenneyre Ave," Laguna Beach, CA 92651 ",
Laguna Niguel Chamber of Commerce ,,www.lagunaniguelchamber.net,(949)363-0136," 30111 Crown Valley Pkwy, Suite A "," Laguna Niguel, CA 92677 ",
Lake Elsinore Valley Chamber of Commerce ,,www.lakeelsinorechamber.com,(951)245-8848, 132 West Graham Ave," Lake Elsinore, CA 92530 ",
Lake Tahoe South Shore Chamber of Commerce ,,www.tahoechamber.org,(775)588-1728, PO Box 17181," South Lake Tahoe, CA 96151 ",
Lawndale Chamber of Commerce ,,www.lawndalechamber.org,(310)679-3306," 14717 Hawthorne Blvd., Suite A "," Lawndale, CA 90260 ",
Lemoore Chamber of Commerce ,,www.lemoorechamberofcommerce.com,(559)924-6401, 300 E St," Lemoore, CA 93245 ",
Lincoln Area Chamber of Commerce ,,www.lincolnchamber.com,(916)645-2035, 540 F St," Lincoln, CA 95648 ",
Livermore Valley Chamber of Commerce ,,www.livermorechamber.org,(925)447-1606, 2157 First St," Livermore, CA 94550 ",
Lomita Chamber of Commerce ,,www.lomitachamber.org,(424)378-7111," 2315 Lomita Blvd, #410"," Lomita, CA 90717 ",
Lone Pine Chamber of Commerce ,,www.lonepinechamber.org,(760)876-4444, PO Box 749," Lone Pine, CA 93545 ",
Los Alamitos Area Chamber of Commerce ,,www.losalchamber.org,(562)598-6659, 3231 Katella Ave," Los Alamitos, CA 90720 ",
Los Altos Chamber of Commerce ,,www.losaltoschamber.org,(650)948-1455, 3243 Katella Ave," Los Alamitos, CA 90720 ",
Manhattan Beach Chamber of Commerce ,,www.manhattanbeachchamber.com,(310)545-5313, 425 15th St.," Manhattan Beach, CA 90266 ",
McKinleyville Chamber of Commerce ,,www.mckinleyvillechamber.com,(707)839-2449, 1640 Central Ave," McKinleyville, CA 95519 ",
Menlo Park Chamber of Commerce ,,www.menloparkchamber.com,(650)325-2818, 1100 Merrill St," Menlo Park, CA 94025 ",
Mill Valley Chamber of Commerce ,,www.millvalley.org,(415)388-9700, 85 Throckmorton Ave.," Mill Valley, CA 94941 ",
Montebello Chamber of Commerce ,,www.montebellochamber.org/,(323)721-1153, 109 North 19th St," Montebello, CA 90640 ",
Monterey County Convention and Visitors Bureau ,,www.seemonterey.com,(877)221-1010, PO Box 1770," Monterey, CA 93942 ",
Monterey Peninsula Chamber of Commerce ,,www.mpcc.com/,(831)648-5359," 243 El Dorado St, Ste 200 "," Monterey, CA 93940 ",
Montrose-Verdugo Chamber of Commerce ,,www.montroseverdugochamber.wordpress.com,(818)249-7171," 2509 Honolulu Ave,"," Montrose, CA 91020 ",
Moorpark Chamber of Commerce ,,www.moorparkchamber.com,(805)529-0322, 18 High St," Moorpark, CA 93021 ",
Morgan Hill Chamber of Commerce ,,www.morganhill.org,(408)779-9444, PO Box 786," Morgan Hill, CA 95038 ",
Napa Chamber of Commerce ,,www.napachamber.com,(707)254-1146, 1556 First St," Napa, CA 94559 ",
National City Chamber of Commerce ,,www.nationalcitychamber.org,(619)477-9339, 901 National City Blvd.," National City, CA 91950 ",
Newark Chamber of Commerce ,,www.newark-chamber.com,(510)578-4500, 37101 Newark Blvd," Newark, CA 94560 ",
North Monterey County Chamber of Commerce ,,www.northmontereycountychamber.org,(831)633-2465, 10700 Merritt St," Castroville, CA 95012 ",
North Valley Regional Chamber of Commerce ,,www.nvrcc.com,(818)349-5676," 9401 Reseda Blvd, Suite 100 "," Northridge, CA 91324 ",
Norwalk Chamber of Commerce ,,www.norwalkchamber.com/,(562)864-7785, 14783 Carmenita Rd," Norwalk, CA 90650 ",
Novato Chamber of Commerce ,,www.novatochamber.com,(415)897-1164, 807 DeLong Ave," Novato, CA 94945 ",
Oakdale Chamber of Commerce ,,www.oakdalechamber.com,(209)847-2244, 590 North Yosemite Ave," Oakdale, CA 95361 ",
Oakhurst Area Chamber of Commerce ,,www.oakhurstchamber.com/,(559)683-7766, 40343 Highway 41," Oakhurst, CA 93644 ",
Oakland Metropolitan Chamber of Commerce ,,www.oaklandchamber.com,(510)874-4800, 475 14th St," Oakland, CA 94612 ",
Oceanside Chamber of Commerce ,,www.oceansidechamber.com/,(760)722-1534, 928 North Coast Hwy," Oceanside, CA 92054 ",
Ojai Valley Chamber of Commerce ,,ojaichamber.org/,(805)646-8126, PO Box 1134," Ojai, CA 93024 ",
Orange Chamber of Commerce ,,www.orangechamber.com,(714)538-3581," 655 S Main St, Suite 200-310 "," Orange, CA 92868 ",
Pacifica Chamber of Commerce ,,www.pacificachamber.com/,(650)355-4122," 225 Rockaway Beach Ave, #1"," Pacifica, CA 94044 ",
Palm Springs Chamber of Commerce ,,www.pschamber.org,(760)325-1577, 190 West Amado Rd," Palm Springs, CA 92262 ",
Palo Alto Chamber of Commerce ,,www.paloaltochamber.com,(650)324-3121, 355 Alma St," Palo Alto, CA 94301 ",
Paramount Chamber of Commerce ,,www.paramountchamber.com,(562)634-3980, 15357 Paramount Blvd," Paramount, CA 90723 ",
Petaluma Chamber of Commerce ,,www.petalumachamber.com,(707)762-2785," 6 Petaluma Boulevard North, Suite A2 "," Petaluma, CA 94952 ",
Pismo Beach Chamber of Commerce ,,www.pismochamber.com,(805)773-4382, 581 Dolliver St," Pismo Beach, CA 93449 ",
Pittsburg Chamber of Commerce ,,www.mypittsburgchamber.org,(925)432-7301, 985 Railroad Ave," Pittsburg, CA 94565 ",
Pleasant Hill Chamber of Commerce ,,www.pleasanthillchamber.com,(925)687-0700," 91 Gregory Ln, Suite 11 "," Pleasant Hill, CA 94523 ",
Port Hueneme Chamber of Commerce ,,www.huenemechamber.buildlocalbusiness.com,(805)488-2023, 567 West Channel Islands Blvd," Port Hueneme, CA 93041 ",
Porterville Chamber of Commerce ,,www.chamber.porterville.com,(559)784-7502," 93 North Main St, Suite A "," Porterville, CA 93257 ",
Poway Chamber of Commerce ,,www.poway.com,(858)748-0016, 14039 Midland Rd," Poway, CA 92064 ",
Rialto Chamber of Commerce ,,www.rialtochamber.org,(909)875-5364, 120 North Riverside Ave," Rialto, CA 92376 ",
Richmond Chamber of Commerce ,,www.rcoc.com,(510)234-3512, 3925 Macdonald Ave," Richmond, CA 94805 ",
Ripon Chamber of Commerce ,,www.riponchamber.org,(209)599-7519, 104 S Stockton Ave," Ripon, CA 95366 ",
Rohnert Park Chamber of Commerce ,,www.rohnertparkchamber.org,(707)584-1415," 101 Golf Course Dr., #C-7"," Rohnert Park, CA 94928 ",
Rosemead Chamber of Commerce ,,www.rosemeadchamber.org/,(626)288-0811, 3953 North Muscatel Ave," Rosemead, CA 91770 ",
Salinas Valley Chamber of Commerce ,,www.salinaschamber.com,(831)585-1282, 119 East Alisal St.," Salinas, CA 93901 ",
San Benito County Chamber of Commerce ,,www.sanbenitocountychamber.com,(831)637-5315," 243 Sixth St, Suite 100 "," Hollister, CA 95023 ",
San Bernardino Area Chamber of Commerce ,,www.sbachamber.org,(909)885-7515, 546 West 6th St," San Bernardino, CA 92410 ",
San Bruno Chamber of Commerce ,,www.sanbrunochamber.com/,(650)219-7187, 458 San Mateo Ave," San Bruno, CA 94066 ",
San Carlos Chamber of Commerce ,,www.sancarloschamber.org,(650)593-1068," 1500 Laurel St, Suite B "," San Carlos, CA 94070 ",
San Gabriel Chamber of Commerce ,,www.sangabrielchamber.org,(626)576-2525, 620 W Santa Anita St," San Gabriel, CA 91776 ",
San Gabriel Valley Regional Chamber of Commerce ,,www.regionalchambersgv.org,(626)810-8476," 1722 Desire Ave, Suite 207 "," Rowland Heights, CA 91748 ",
San Jose Silicon Valley Chamber of Commerce ,,www.sjchamber.com,(408)291-5277, 101 West Santa Clara St," San Jose, CA 95113 ",
San Leandro Chamber of Commerce ,,www.SanLeandroChamber.com,(510)317-1400, 120 Estudillo Ave," San Leandro, CA 94577 ",
San Luis Obispo Chamber of Commerce ,,www.slochamber.org,(805)781-2777, 895 Monterey St," San Luis Obispo, CA 93401 ",
San Mateo Area Chamber of Commerce ,,www.sanmateoca.org,(640)401-2441," 1700 S El Camino Real, Ste 406 "," San Mateo, CA 94402 ",
San Pedro Peninsula Chamber of Commerce ,,www.sanpedrochamber.com,(310)832-7272, 390 West 7th St," San Pedro, CA 90731 ",
San Rafael Chamber of Commerce ,,www.srchamber.com,(415)454-4163, 817 Mission Ave," San Rafael, CA 94901 ",
Santa Ana Chamber of Commerce ,,santaanachamber.com/,(714)541-5353," 1631 West Sunflower Ave, #C-35"," Santa Ana, CA 92704 ",
Santa Monica Chamber of Commerce ,,www.smchamber.com,(310)393-9825," 1234 6th St, Suite 100 "," Santa Monica, CA 90401 ",
Santee Chamber of Commerce ,,www.santee-chamber.org,(619)449-1515," 10159 Mission Gorge Rd, Ste F "," Santee, CA 92071 ",
Saratoga Chamber of Commerce ,,www.saratogachamber.org,(408)867-0753, 14460 Big Basin Way," Saratoga, CA 95070 ",
Scotts Valley Chamber of Commerce ,,www.svchamber.org/,(831)438-1010," 216 Mt. Hermon Rd, #B"," Scotts Valley, CA 95066 ",
Sebastopol Area Chamber of Commerce ,,www.sebastopol.org/,(707)823-3032, 265 South Main St," Sebastopol, CA 95472 ",
Selma District Chamber of Commerce ,,www.cityofselma.com/chamber,(559)891-2235, 1821 Tucker St," Selma, CA 93662 ",
South Pasadena Chamber of Commerce ,,www.southpaschamber.com,(626)441-2339, PO Box 3446," South Pasadena, CA 91031 ",
St. Helena Chamber of Commerce ,,www.sthelena.com,(707)963-4456, 1320A Main St," Saint Helena, CA 94574 ",
Sunnyvale Chamber of Commerce ,,www.svcoc.org,(408)736-4971," 260 S Sunnyvale Ave, Ste 7 "," Sunnyvale, CA 94086 ",
Thai American Chamber of Commerce of California ,,thaicccla.org/,(626)571-8222," 6607 Atlantic Ave, Unit 46 "," Bell Gardens, CA 90201 ",
The Greater Eureka Chamber of Commerce ,,www.eurekachamber.com,(707)442-3738, 2112 Broadway St," Eureka, CA 95501 ",
The Greater Monterey Park Chamber of Commerce ,,www.montereyparkchamber.org,(626)570-9429, 700 El Mercado Ave," Monterey Park, CA 91754 ",
Truckee Donner Chamber of Commerce ,,www.truckeechamber.com,(530)587-8808, 10065 Donner Pass Rd," Truckee, CA 96161 ",
Tuolumne County Chamber of Commerce ,,www.tcchamber.com,(209)532-4212, 197-B Mono Way," Sonora, CA 95370 ",
Turlock Chamber of Commerce ,,www.turlockchamber.com,(209)632-2221, 115 S Golden State Blvd," Turlock, CA 95380 ",
Union City Chamber of Commerce ,,www.unioncitychamber.com,(510)952-9637, 3939 Smith St," Union City, CA 94587 ",
Upland Chamber of Commerce ,,www.uplandchamber.org,(909)931-4108," 215 North 2nd Ave, Suite D "," Upland, CA 91786 ",
Vallejo Chamber of Commerce ,,www.vallejochamber.com,(707)644-5551, 425 A Virginia St," Vallejo, CA 94590 ",
Vernon Chamber of Commerce ,,www.vernonchamber.org,(323)583-3313, PO Box 58062," Los Angeles, CA 90058 ",
Visalia Chamber of Commerce ,,www.visaliachamber.org,(559)734-5876," 220 N Garden St, Ste 300 "," Visalia, CA 93291 ",
Walnut Creek Chamber of Commerce & Visitors Bureau ,,www.walnut-creek.com,(925)934-2007," 1280 Civic Dr, Ste 100 "," Walnut Creek, CA 94596 ",
West Hollywood Chamber of Commerce ,,www.wehochamber.com,(323)650-2688, 8272 Santa Monica Blvd.," West Hollywood, CA 90046 ",
Yuba-Sutter Chamber of Commerce ,,www.yubasutterchamber.com,(530)645-1620, 1300 Franklin Road," Yuba City, CA 95993 ",
Acton Agua- Dulce Chamber of Commerce ,,cityofacton.org,(661)269-5785, 32039 Crown Valley Rd," Acton, CA 93510 ",
Adelanto Chamber of Commerce ,,adelanto.com,(760)246-5711," 11600 Airbase Rd., P.O. Box 712 "," Adelanto, CA 92301 ",
Agoura Chamber of Commerce ,,www.agourachamber.org,(818)889-3150," 30101 Agoura Ct, 207 "," Agoura Hills, CA 91301 ",
Agoura-oak Park-conejo Valley Chamber of Commerce ,,www.agourachamber.org,(818)876-9913," 30101 Agoura Ct, Ste 207 "," Agoura Hills, CA 91301 ",
Alameda Chamber of Commerce ,,www.alamedachamber.com,(510)522-0414, PO Box 1530," Alameda, CA 94501 ",
Albany Chamber of Commerce ,,,(510)525-1771, PO Box 6434," Albany, CA 94706 ",
Alpine County Chamber of Commerce ,,www.alpinecounty.com,(530)694-2475," 3 Webster St, PO Box 265 "," Markleeville, CA 96120 ",
Altadena Chamber ofCommerce ,,www.altadenachamber.org,(626)794-3988, 730 E Altadena Dr," Altadena, CA 91001 ",
Alturas Chamber of Commerce ,,www.alturaschamber.org,(530)233-4434, 600 S Main St," Alturas, CA 96101 ",
Amador County Chamber of Commerce ,,www.amadorchamber.com,(209)223-0350, 115 Main St," Jackson, CA 95642 ",
Anderson Chamber ofCommerce ,,www.andersoncofc.com,(530)365-8095, 1699 Hwy. 273," Anderson, CA 96007 ",
Anderson Valley Chamber of Commerce ,,www.andersonvalleychamber.com,(707)895-2379, PO Box 275," Boonville, CA 95415 ",
Angwin Community Council ,,,(707)965-2047, PO Box 747," Angwin, CA 94508 ",
Antelope Highlands Chamber of Commerce ,,,(916)344-5889," 5945a Watt Ave., P.O. Box 20 "," North Highlands, CA 95660 ",
Antelope Valley Board of Trade ,,www.avbot.org,(661)942-9581," 41301 12th St W, Ste D "," Palmdale, CA 93551 ",
Antioch Chamber of Commerce ,,www.antiochchamber.com,(925)757-1800," 101 H St, #4"," Antioch, CA 94509 ",
Anza Valley Chamberof Commerce ,,,, PO Box 391460," Anza, CA 92539 ",
Aptos Chamber of Commerce ,,,(831)688-1467, 7605-A Old Dominion Ct," Aptos, CA 95003 ",
Arroyo Grande Chamber of Commerce ,,www.arroyograndecc.com,(805)489-1488, 800 W Branch St.," Arroyo Grande, CA 93420 ",
Artesia Chamber of Commerce ,,,(562)924-6397, 18641 Corby Ave.," Artesia, CA 90701 ",
Arvin Chamber of Commerce ,,,(661)854-2265, PO Box 645," Arvin, CA 93203 ",
Atwater Village Chamber of Commerce ,,www.atwaterchamber.org,(323)379-2413, 2571 Fletcher Dr," Los Angeles, CA 90039 ",
Atwater/Griffith Park Chamber of Commerce ,,www.atwatervillagechamber.com,(323)379-2413, 2571 Fletcher Dr," Los Angeles, CA 90039 ",
Azusa Chamber of Commerce ,,www.azusachamber.org,(626)334-1507, 240 W Foothill Blvd.," Azusa, CA 91702 ",
Barstow Area Chamber of Commerce ,,,(760)254-2427, 229 East Main St," Barstow, CA 92311 ",
Bass Lake Chamber of Commerce ,,www.basslakechamber.com,, PO Box 126," Bass Lake, CA 93604 ",
Bay Front Chamber of Commerce ,,www.herculescc.com,(510)799-0282, PO Box 5283," Hercules, CA 94547 ",
Bay Front Chamber of Commerce ,,www.rodeoca.org,(510)741-7945, P.O Box 5283," Hercules, CA 94547 ",
Beaumont Chamber of Commerce ,,www.beaumontcachamber.com,(951)845-9541, 726 Beaumont Avenue," Beaumont, CA 92223 ",
Bell Gardens Association of Merchants &Commerce ,,www.bellgardenschamberofcommerce.com/,(562)291-0492, 6006 Shull St.," Bell Gardens, CA 90201 ",
Bell Gardens Chamber of Commerce ,,,(323)560-8755, 7535 Perry Rd," Bell Gardens, CA 90201 ",
Bellflower Chamber of Commerce ,,www.bellflowerchamber.org,(562)867-1744," 16730 Bellflower Blvd., A "," Bellflower, CA 90706 ",
Belmont Chamber of Commerce ,,www.belmontchamber.org,(650)595-8696," 1070 Sixth Ave., 102 "," Belmont, CA 94002 ",
Bethel Island Chamber of Commerce ,,www.bethelisland-chamber.com,(925)684-3220, PO Box 263," Bethel Island, CA 94511 ",
Bishop Area Chamber of Commerce & Visitors Bureau ,,www.bishopvisitor.com,(760)873-8405, 690 N Main St.," Bishop, CA 93514 ",
Blue Lake Chamber of Commerce ,,,(707)668-5655, PO Box 476," Blue Lake, CA 95525 ",
Blythe Area Chamberof Commerce ,,,(760)922-8166, 207 E Hobsonway," Blythe, CA 92225 ",
Bodega Bay Area Chamber of Commerce ,,,, PO Box 146," Bodega Bay, CA 94923 ",
Boron Chamber of Commerce ,,,(760)762-5810, 26962 Twenty Mule Team Rd.," Boron, CA 93516 ",
Boyle Heights Chamber of Commerce ,,www.boyleheightschamber.com,(323)812-8345, 2900 E Olympic Blvd," Los Angeles, CA 90033 ",
Brentwood Chamber of Commerce ,,www.brentwoodchamber.com,(925)634-3344, 35 Oak St," Brentwood, CA 94513 ",
Bridgeport Chamber of Commerce ,,,, PO Box 541," Bridgeport, CA 93517 ",
Brisbane Chamber ofCommerce ,,www.brisbanechamber.com,(415)467-7283, 50 Park Place," Brisbane, CA 94005 ",
Buellton Chamber ofCommerce ,,www.buellton.org,(805)688-7829," 376 Ave. Of Flags, P.O. Box 231 "," Buellton, CA 93427 ",
Buena Park Chamber of Commerce ,,www.buenaparkchamber.org,(714)521-0261," 8081 Stanton Ave, Ste 306 "," Buena Park, CA 90620 ",
Burlingame Chamber of Commerce ,,www.burlingamechamber.com,(650)344-1735, 417 California Dr," Burlingame, CA 94010 ",
Burney Chamber of Commerce ,,www.burneychamber.com,(530)335-2111, 36879 Main St.," Burney, CA 96013 ",
Butte Valley Chamber of Commerce ,,www.buttevalleychamber.com,(530)397-2111, PO Box 541," Dorris, CA 96023 ",
Buttonwillow Chamber of Commerce ,,www.buttonwillowchamber.com,, PO Box 251," Buttonwillow, CA 93206 ",
Calabasas Chamber of Commerce ,,www.calabasaschamber.com,(818)222-5680," 23945 Calabasas Rd., Suite 216 "," Calabasas, CA 91302 ",
Calaveras County Chamber Of Commerce ,,www.calaveras.org,(209)754-5400, PO Box 1075," San Andreas, CA 95249 ",
Calexico Chamber of Commerce ,,calexicochamber.net,(760)357-1166, 1100 Imperial Ave.," Calexico, CA 92231 ",
California Delta Chambers & Visitor's Bureau ,,www.californiadelta.org,(916)716-5007, PO Box 1118," Rio Vista, CA 94571 ",
Calimesa Chamber ofCommerce ,,www.citysidewalk.com/calimesa/chamber,(909)795-7612," 1007 Calimesa Blvd., D "," Calimesa, CA 92320 ",
Calistoga Chamber of Commerce ,,www.calistogachamber.com,(707)942-6333," 1458 Lincoln, 9 "," Calistoga, CA 94515 ",
Cambria Chamber of Commerce ,,cambriachamber.org,(805)927-3624, 767 Main St.," Cambria, CA 93428 ",
Campbell Chamber of Commerce ,,www.campbellchamber.net,(408)378-6252, 1628 W Campbell Ave.," Campbell, CA 95008 ",
Canyon Lake Chamber of Commerce ,,,(510)244-6124, 31566 Railroad Canyon Rd.," Canyon Lake, CA 92587 ",
Capitola Chamber ofCommerce ,,www.capitolachamber.com,(831)475-6522, 716 G Capitola Ave.," Capitola, CA 95010 ",
Cardiff 101 Main Street ,,www.cardiffbythesea.org,(760)436-0431, PO Box 552," Cardiff by the Sea, CA 92007 ",
Carmel Chamber of Commerce ,,www.carmelchamber.org,(831)624-2522, PO Box 4444," Carmel by the Sea, CA 93921 ",
Carmel Valley Chamber of Commerce ,,www.carmelvalleychamber.com,(831)659-4000, PO Box 288," Carmel Valley, CA 93924 ",
Carmichael Chamber of Commerce ,,www.carmichaelchamber.com,(916)481-1002," 6241 Fair Oaks Blvd., Suite K "," Carmichael, CA 95608 ",
Carson Chamber of Commerce ,,www.carsonchamber.com,(310)217-4590, 530 E Del Amo Blvd," Carson, CA 90746 ",
Castro Valley Chamber of Commerce ,,,(510)537-5300, 3160 Castro Valley Blvd.," Castro Valley, CA 94546 ",
Cayucos Chamber of Commerce ,,,(805)995-1200," 158 N Ocean Ave., P.O. Box 141 "," Cayucos, CA 93430 ",
Central Calif. Hispanic Chamber of Commerce ,,www.cchcc.biz,(559)549-4480," 764 P. St, Suite 106 "," Fresno, CA 93721 ",
Ceres Chamber of Commerce ,,www.cereschamber.org,(209)537-2601, 2904 4th St," Ceres, CA 95307 ",
Chatsworth/Porter Ranch Chamber of Commerce ,,www.chatsworthchamber.com,(818)341-2428, 10038 Old Depot Plaza Rd.," Chatsworth, CA 91311 ",
Cherry Valley Chamber of Commerce ,,,(951)845-3628, 10700 Jonathan Ave," Cherry Valley, CA 92223 ",
Chinese Chamber of Commerce ,,,(415)982-3000, 730 Sacramento St.," San Francisco, CA 94108 ",
Chowchilla District Chamber of Commerce ,,www.chowchillachamber.org,(559)665-5603, PO Box 638," Chowchilla, CA 93610 ",
Clearlake Chamber of Commerce ,,www.clearlakechamber.com,(707)994-3600, 4700 Golf Ave.," Clearlake, CA 95422 ",
Clements-Lockeford Chamber of Commerce ,,,(209)727-3142, 18980 CA-88," Lockeford, CA 95237 ",
Cloverdale Chamber of Commerce ,,www.cloverdale.net,(707)894-4470, 126 N Cloverdale Blvd," Cloverdale, CA 95425 ",
Coalinga Area Chamber of Commerce ,,www.coalingachamber.com,(559)935-2948, 265 W Elm Ave," Coalinga, CA 93210 ",
Colfax Area Chamberof Commerce ,,,(530)346-8888," 99 S Railroad St., P.O. Box 86 "," Colfax, CA 95713 ",
Colton Chamber of Commerce ,,www.coltonchamber.com,(909)825-2222, 655 North La Cadena Dr.," Colton, CA 92324 ",
Colusa County Chamber of Commerce ,,www.colusachamber.com,(530)458-5525, 2963 Davison Ct," Colusa, CA 95932 ",
Corcoran Chamber of Commerce ,,www.corcoranchamber.com,(559)992-4514, 1040 Whitley Ave," Corcoran, CA 93212 ",
Corning Dist. Chamber of Commerce ,,,(530)824-5550, 1110 Solano St.," Corning, CA 96021 ",
Corte Madera Chamber of Commerce ,,,(415)924-0441, 129 Town Center," Corte Madera, CA 94925 ",
Cotati Chamber of Commerce ,,www.cotati.org,(707)795-5508, 216 E School St," Cotati, CA 94931 ",
Cottonwood Chamber of Commerce ,,www.cottonwoodcofc.org,(530)347-6800, PO Box 584," Cottonwood, CA 96022 ",
Coulterville Chamber of Commerce & Visitor Center ,,,(209)878-3074," 5007 Main St., P.O. Box 333 "," Coulterville, CA 95311 ",
Crenshaw Chamber of Commerce ,,www.crenshawchamber.org,(323)293-2900, PO Box 8193," Los Angeles, CA 90008 ",
Crescenta Valley Chamber of Commerce ,,www.lacrescenta.org,(818)248-4957," 3131 Foothill Blvd., Suite D "," La Crescenta, CA 91214 ",
Crestline Chamber of Commerce ,,,(909)338-2706, PO Box 926," Crestline, CA 92325 ",
Crockett Chamber ofCommerce ,,,(510)787-1155, PO Box 191," Crockett, CA 94525 ",
Cutler-Orosi Chamber of Commerce ,,,(559)528-6997, PO Box 237," Orosi, CA 93647 ",
Cypress Chamber of Commerce ,,www.cypresschamber.org,(714)484-6015," 9200 Valley View St,, Business Building #9, Room 101 "," Cypress, CA 90630 ",
Daly City Colma Chamber of Commerce ,,www.dalycity-colmachamber.org,(650)755-3900," 355 Gellert Blvd., Suite 138 "," Daly City, CA 94015 ",
Death Valley Chamber of Commerce ,,www.deathvalleychamber.org,(760)852-4524, PO Box 15," Tecopa, CA 92389 ",
Dinuba Chamber of Commerce ,,www.dinubacommerce.org,(559)591-2707, 210 N L St," Dinuba, CA 93618 ",
Discovery Bay Chamber of Commerce ,,www.discoverybaychamber.com,," 1555 Riverlake Rd, Suite J "," Discovery Bay, CA 94505 ",
Dixon Dist. Chamberof Commerce ,,www.dixonchamber.org,(707)678-2650," 220 North Jefferson St, #POBox159"," Dixon, CA 95620 ",
Duarte Chamber of Commerce ,,www.accessduarte.com,(626)357-3333," 1735 Huntington Dr, PO Box 1438 (mailing) "," Duarte, CA 91009 ",
Dublin Chamber of Commerce ,,www.dublinchamberofcommerce.or,(925)828-6200," 7080 Donlon Way, 110 "," Dublin, CA 94568 ",
Dunsmuir C Of C & Visitors Center ,,www.dunsmuir.com,(530)235-2177," 5915 Dunsmuir Avenue, Ste 100 "," Dunsmuir, CA 96025 ",
Eagle Rock Chamber of Commerce ,,,(323)257-2197, PO Box 41354," Eagle Rock, CA 90041 ",
East Los Angeles Chamber of Commerce ,,www.eastlachamber.com,(323)722-2005, 4716 East Cesar Chavez Ave," Los Angeles, CA 90022 ",
Eastvale Chamber Of Commerce ,,,(951)768-6000," 12523 Limonite Ave, Ste 440-428 "," Mira Loma, CA 91752 ",
El Monte/South El Monte Chamber of Commerce ,,www.emsem.com,(626)443-0180, 1903 N Durfee Ave," South El Monte, CA 91733 ",
El Sobrante Chamber of Commerce ,,www.elsobrantechamber.com,(510)223-0757, 3769B San Pablo Dam Road," El Sobrante, CA 94803 ",
Escalon Dist. Chamber of Commerce ,,,(209)838-2793," 1111 First St., P.O. Box 1333 "," Escalon, CA 95320 ",
Esparto Regional Chamber of Commerce ,,,, 16858 Yolo Ave," Esparto, CA 95627 ",
Fair Oaks Chamber of Commerce ,,,(916)967-2903, 10014 Fair Oaks Blvd," Fair Oaks, CA 95628 ",
Fairfax Chamber of Commerce ,,,(415)497-9604, PO Box 1111," Fairfax, CA 94978 ",
Fall River Valley Chamber of Commerce ,,,, PO Box 475," Fall River Mills, CA 96028 ",
Farmersville Chamber of Commerce ,,,, 1376 N Farmersville Blvd," Farmersville, CA 93223 ",
Ferndale Chamber of Commerce ,,www.visitferndale.com,(707)786-4477, PO Box 325," Ferndale, CA 95536 ",
Fillmore Chamber of Commerce ,,www.fillmorechamber.com,(805)524-0351, PO Box 815," Fillmore, CA 93016 ",
Firebaugh Chamber of Commerce ,,,(559)659-3701, PO Box 517," Firebaugh, CA 93622 ",
Foresthill-Divide Chamber of Commerce ,,,(530)367-2474, PO Box 346," Foresthill, CA 95631 ",
Forestville Chamberof Commerce ,,,(707)887-1111, PO Box 546," Forestville, CA 95436 ",
Fortuna Chamber of Commerce ,,fortunachamber.com/,(707)725-3959, PO Box 797," Fortuna, CA 95540 ",
Fowler Chamber of Commerce ,,,(559)834-3869," 420 E Merced St, #100"," Fowler, CA 93625 ",
Garden Grove Chamber of Commerce ,,gardengrovechamber.org,(714)638-7950," 12866 Main St., 102 "," Garden Grove, CA 92840 ",
Gardena Valley Chamber of Commerce ,,www.gardenachamber.com,(310)532-9905," 1204 W Gardena Blvd., Suites E and F "," Gardena, CA 90247 ",
Geyserville Chamber of Commerce ,,www.geyservillecc.com,(707)857-3745, PO Box 276," Geyserville, CA 95441 ",
Glendora Chamber ofCommerce ,,www.glendora-chamber.org,(626)963-4128, 224 N Glendora Ave," Glendora, CA 91741 ",
Golden Triangle Chamber of Commerce ,,,(858)350-1253, PO Box 927729," San Diego, CA 92192 ",
Golden Valley Chamber of Commerce ,,,(559)645-4001," 37167 Avenue 12, Suite 5c "," Madera, CA 93636 ",
Gonzales Chamber ofCommerce ,,,(831)675-9019, PO Box 216," Gonzales, CA 93926 ",
Granada Hills Chamber of Commerce ,,granadachamber.com,(818)368-3235, 17723 Chatsworth St.," Granada Hills, CA 91344 ",
Grand Terrace Area Chamber of Commerce ,,www.gtchamber.com,(909)783-3581," 22365 Barton Road, Suite 101 "," Grand Terrace, CA 92313 ",
Greater Lamont Chamber of Commerce ,,,(661)845-1992, PO Box 593," Lamont, CA 93241 ",
Greater Stanton Chamber of Commerce ,,www.stantonchamber.org,(714)995-1485," 8381 Katella Ave., H "," Stanton, CA 90680 ",
Greater Trinidad Chamber of Commerce ,,www.trinidadcalifchamber.org,(707)677-1610, PO Box 356," Trinidad, CA 95570 ",
Greater West LA Chamber of Commerce ,,www.westlachamber.org,(310)475-8806," 907 Westwood Blvd, Suite 222 "," Los Angeles, CA 90024 ",
Gridley Area Chamber of Commerce ,,gridleyareachamber.com,(530)846-3142," 880 Hazel St, Ste 14 "," Gridley, CA 95948 ",
Guadalupe Chamber of Commerce & Visitors Center ,,,(805)343-2236, 873 Guadalupe St.," Guadalupe, CA 93434 ",
Gustine Chamber of Commerce ,,,(209)854-6975, PO Box 306," Gustine, CA 95322 ",
Hawthorne Chamber of Commerce ,,www.hawthornechamberofcommerce.com,(310)676-1163, 12519 Crenshaw Blvd," Hawthorne, CA 90250 ",
Highland Chamber ofCommerce ,,www.highlandchamber.org,(909)864-4073, 27255 Messina St," Highland, CA 92346 ",
Highland Park Chamber of Commerce ,,,(323)256-0920, PO Box 42949," Los Angeles, CA 90050 ",
Hilmar Chamber of Commerce ,,,(209)632-2028, PO Box 385," Hilmar, CA 95324 ",
Hispanic Chamber of Commerce of Marin ,,,(415)721-9686, PO Box 4423," San Rafael, CA 94913 ",
Hispanic Chamber of Commerce of Santa Barbara ,,,(805)569-0849, PO Box 42156," Santa Barbara, CA 93140 ",
Hispanic Chamber of Commerce Of Sonoma County ,,www.hcc-sc.org,(707)575-3648," 3033 Cleveland Avenue, Ste 306 "," Santa Rosa, CA 95403 ",
Hispanic Inland Empire Chamber of Commerce ,,www.iehcc.com,(909)332-2243, P.O.Box 614," San Bernardino, CA 92401 ",
Holtville Chamber of Commerce ,,www.holtvillechamber.com,(760)356-2923, 101 W 5th St," Holtville, CA 92250 ",
Hughson Chamber of Commerce ,,www.hughsonchamber.com,(209)883-2800, PO Box 1520," Hughson, CA 95326 ",
Imperial Beach CofCo & Visitors Bureau ,,www.cityofib.com,(619)424-3151, 600 Palm Ave. 115," Imperial Beach, CA 91932 ",
Imperial Chamber of Commerce ,,www.imperialchamber.ca.gov,(760)355-1609, 101 East 4th St," Imperial, CA 92251 ",
Indian Wells Chamber of Commerce ,,www.indianwellschamber.com,(760)346-7095," 45-200 Club Dr, #B"," Indian Wells, CA 92210 ",
Inglewood/Airport Area Chamber of Commerce ,,www.inglewoodchamber.com,(310)677-1121, 330 E Queen St.," Inglewood, CA 90301 ",
Irwindale Chamber of Commerce ,,www.baldwinparkchamber.org,(626)960-4848," 16102 Arrow Hwy, PO Box 2307 (mailing) "," Irwindale, CA 91706 ",
Isleton Chamber of Commerce ,,,(916)777-4800," 23 Main St, PO Box 758 "," Isleton, CA 95641 ",
Japanese Chamber ofCommerce of Southern Calif. ,,www.jccsc.com,(213)626-3067," 244 S San Pedro, 504 "," Los Angeles, CA 90012 ",
Joshua Tree Chamberof Commerce ,,www.joshuatreechamber.org,(442)400-1324," 61325-29 Palms Hwy., F "," Joshua Tree, CA 92252 ",
Julian Chamber of Commerce ,,www.julianca.com,(760)765-1857," 2129 Main St., P.O. Box 1866 "," Julian, CA 92036 ",
Jurupa Chamber of Commerce ,,,(909)681-9242, 7920 Limonite," Riverside, CA 92509 ",
Jurupa Valley Chamber of Commerce ,,www.jurupachamber.org,(951)727-4359, PO Box 3798," Riverside, CA 92519 ",
Kerman Chamber of Commerce ,,www.kermanchamber.org,(559)846-6343," 783 S Madera Ave., P.O. Box 561 "," Kerman, CA 93630 ",
Kern County Bd. of Trade ,,www.visitkern.com,(661)868-5376, 2101 Oak St.," Bakersfield, CA 93301 ",
Kern River Valley Chamber of Commerce ,,www.kernrivervalley.com,(760)379-5236," 6416 Lake Isabella Blvd., #D, P.O. Box 567 "," Lake Isabella, CA 93240 ",
Kernville Chamber of Commerce ,,www.kernvillechamber.org,(760)376-2629, 11447 Kernville Rd.," Kernville, CA 93238 ",
Kettleman City Chamber of Commerce ,,,(559)386-5850," 101 4th St., P.O. Box 66 "," Kettleman City, CA 93239 ",
Kingsburg Dist. Chamber of Commerce ,,www.kingsburgchamberofcommerce.com,(559)897-1111, 1475 Draper St," Kingsburg, CA 93631 ",
Klamath Chamber of Commerce ,,www.klamathcc.org,(707)482-7165, PO Box 476," Klamath, CA 95548 ",
La Habra Area Chamber of Commerce ,,www.lahabrachamber.com,(562)697-1704, 321 E La Habra Blvd.," La Habra, CA 90631 ",
La Jolla & Golden Triangle Chamber of Commerce ,,ljgtcc.com,(858)350-1253," 8895 Towne Centre Dr, #105-262"," San Diego, CA 92122 ",
Lafayette Chamber of Commerce ,,www.lafayettechamber.org,(925)284-7404," 251 Lafayette Cir, Ste 150 "," Lafayette, CA 94549 ",
Lake Almanor Chamber of Commerce ,,www.lakealmanorarea.com,(530)258-2426, PO Box 1198," Chester, CA 96020 ",
Lake Arrowhead Comm. Chamber of Commerce ,,www.lakearrowheadchamber.com,(909)336-1547," 28200 Hwy. 189, O1-270 "," Lake Arrowhead, CA 92352 ",
Lake County Chamber of Commerce ,,www.lakecochamber.com,(707)263-5092, 560 Lakeport Blvd.," Lakeport, CA 95453 ",
Lake County Chamber of Commerce ,,www.lakecochamber.com,(707)263-5092, 875 Lakeport Blvd," Lakeport, CA 95453 ",
Lake Los Angeles Chamber of Commerce ,,,(661)264-2786, PO Box 500071," Lake Los Angeles, CA 93550 ",
Lakeside Chamber ofCommerce ,,www.lakesideca.com,(619)561-1031, 12418 Parkside St.," Lakeside, CA 92040 ",
Landers Area Chamber of Commerce ,,,, PO Box 3166," Landers, CA 92285 ",
Larkspur Chamber ofCommerce ,,,(800)596-0747, PO Box 998," Larkspur, CA 94977 ",
Lassen County Chamber of Commerce ,,www.lassencountychamber.org,(530)257-4323, 84 N Lassen St.," Susanville, CA 96130 ",
Lathrop District Chamber of Commerce ,,www.lathropchamber.org,(209)858-4486, 15810 S Harlan Rd," Lathrop, CA 95330 ",
Latino Chamber of Commerce ,,,, 208 N Long Beach Blvd," Compton, CA 90221 ",
Lee Vining Chamber of Commerce ,,www.leevining.com,(760)647-6629, PO Box 130," Lee Vining, CA 93541 ",
Leggett Valley Chamber of Commerce ,,,(707)925-6385, PO Box 105," Leggett, CA 95585 ",
Lincoln Heights Chamber of Commerce ,,,(323)221-6571," 2716 N Broadway, 210 "," Los Angeles, CA 90031 ",
Linden-Peters Chamber of Commerce ,,,(209)547-3046, PO Box 557," Linden, CA 95236 ",
Lindsay Chamber of Commerce ,,chamber.lindsay.ca.us,(559)562-4929, 133 W Honolulu," Lindsay, CA 93247 ",
Littlerock Chamber of Commerce ,,,(661)944-6990, PO Box 326," Littlerock, CA 93543 ",
Live Oak Dist. Chamber of Commerce ,,www.liveoakchamber.org,(530)695-1519, PO Box 391," Live Oak, CA 95953 ",
Livingston Chamber of Commerce ,,,(209)394-8600, PO Box 434," Livingston, CA 95334 ",
Loleta Chamber of Commerce ,,,(707)733-5430, PO Box 327," Loleta, CA 95551 ",
Loma Linda Chamber of Commerce ,,www.lomalindachamber.com,(909)799-2828," 25541 Barton Rd., 4 "," Loma Linda, CA 92354 ",
Los Banos Chamber of Commerce ,,www.losbanos.com,(209)826-2495, 932 6th St," Los Banos, CA 93635 ",
Los Gatos Chamber of Commerce ,,www.losgatosweb.com,(408)354-9300, 10 Station Way," Los Gatos, CA 95030 ",
Los Molinos Chamberof Commerce ,,,(530)384-2251, PO Box 334," Los Molinos, CA 96055 ",
Los Osos-Baywood Park Chamber of Commerce ,,www.losososbaywoodpark.org,(805)528-4884," 781 Los Osos Valley Rd., PO Box 6282 Los Osos, CA 93412 "," Los Osos, CA 93402 ",
Lost Sierra Chamber of Commerce ,,www.psln.com/epluchmb,(530)836-6811," 8989 Hwy 89, PO Box 1043 "," Blairsden-Graeagle, CA 96103 ",
Lucerne Valley Chamber of Commerce ,,www.lucernevalley.net,(760)248-7215, 32750 State Highway 18," Lucerne Valley, CA 92356 ",
Malibu Chamber of Commerce ,,www.malibu.org,(310)456-9025," 3939 Cross Creek, C100 "," Malibu, CA 90265 ",
Manteca Chamber of Commerce ,,www.manteca.org,(209)823-6121," 183 W North St, Suite 6 "," Manteca, CA 95336 ",
Marina Chamber of Commerce ,,www.marinachamber.com,(831)384-9155, PO Box 425," Marina, CA 93933 ",
Mariposa County Chamber of Commerce ,,www.mariposachamber.org/,(209)966-2456, 5158 Hwy. 140," Mariposa, CA 95338 ",
Mark West Area Chamber of Commerce ,,www.markwest.org,(707)578-7975," 4787 Old Redwood Hwy, Suite 101 "," Santa Rosa, CA 95403 ",
Maywood Chamber of Commerce ,,www.cityofmaywood.com,(323)562-3373, 4801 E 58th St.," Maywood, CA 90270 ",
McCloud Chamber of Commerce ,,www.mccloudchamber.com,(530)964-3113, PO Box 372," McCloud, CA 96057 ",
Mendocino Coast Chamber of Commerce ,,www.mendocinocoast.com,(707)961-6300, 217 S Main St.," Fort Bragg, CA 95437 ",
Merced County Chamber of Commerce ,,www.mercedcountychamber.com,(209)722-3864, 851 W 16th St," Merced, CA 95340 ",
Millbrae Chamber ofCommerce ,,www.millbrae.com,(650)697-7324," 50 Victoria Ave., 103 "," Millbrae, CA 94030 ",
Millerton Lake Area Chamber of Commerce ,,,, PO Box 430," Friant, CA 93626 ",
Milpitas Chamber ofCommerce ,,www.milpitaschamber.com,(408)262-2613, 138 N Milpitas Blvd.," Milpitas, CA 95035 ",
Monrovia Chamber of Commerce ,,www.monroviacc.com,(626)358-1159, 620 S Myrtle Ave.," Monrovia, CA 91016 ",
Montclair Chamber of Commerce ,,www.montclaircoc.org,(909)985-5104," 8880 Benson Ave, Ste 110 "," Montclair, CA 91763 ",
Monte Rio Chamber of Commerce ,,www.monterio.org,(707)865-6100, PO Box 220," Monte Rio, CA 95462 ",
Moraga Chamber of Commerce ,,,(925)323-6524," 1480 Moraga Rd, #254, Suite C #254 "," Moraga, CA 94556 ",
Moreno Valley Chamber of Commerce ,,www.movalchamber.org,(909)697-4404," 12625 Frederick St, Suite E-3 "," Moreno Valley, CA 92553 ",
Morro Bay Chamber of Commerce ,,www.morrochamber.org,(805)772-4467, 695 Harbor St," Morro Bay, CA 93442 ",
Moss Landing Chamber of Commerce ,,,(831)633-4501, PO Box 41," Moss Landing, CA 95039 ",
Mount Shasta Chamber of Commerce ,,www.mtshastachamber.com,(530)926-3696, 300 Pine St.," Mount Shasta, CA 96067 ",
Mountain Communities Chamber of Commerce ,,,(661)245-1212, PO Box 552," Frazier Park, CA 93225 ",
Murrieta/Wildomar Chamber of Commerce ,,www.murrietachamber.org,(951)677-7916," 25125 Madison Ave., Suite 108 "," Murrieta, CA 92562 ",
Needles Chamber of Commerce ,,www.needleschamber.com,(760)326-2050, PO Box 705," Needles, CA 92363 ",
Nevada City Chamber of Commerce ,,www.nevadacitychamber.com,(530)265-2692, 132 Main St," Nevada City, CA 95959 ",
Newberry Springs Chamber of Commerce ,,www.newberryspringschamber.org,(760)257-1072, PO Box 116," Newberry Springs, CA 92365 ",
Newman Chamber of Commerce ,,,(209)862-1000, 1021 Fresno St," Newman, CA 95360 ",
Niland Chamber of Commerce ,,,(760)359-0870," 8031 Hwy. 111, P.O. Box 97 "," Niland, CA 92257 ",
Nipomo Chamber of Commerce ,,www.nipomochamber.org,(805)929-1583," 671 W Tefft St, Ste 8 "," Nipomo, CA 93444 ",
Norco Area Chamber of Commerce ,,,(909)737-6222," 3954 Old Hamner Rd, #B, P.O. Box 92860 "," Norco, CA 92860 ",
North Fork Chamber of Commerce & Visitor Center ,,www.north-fork-chamber.com,(559)877-2410, 33037 Rd 222," North Fork, CA 93643 ",
North Lake Tahoe Chamber of Commerce ,,www.northlaketahoechamber.com,(530)581-8778, PO Box 884," South Lake Tahoe, CA 96156 ",
North Monterey County Chamber of Commerce ,,www.prunedale.org,(831)663-2465, 10700 Merritt St," Castroville, CA 95012 ",
North Of The River Chamber of Commerce ,,,(661)873-4709, PO Box 5551," Bakersfield, CA 93388 ",
North Sacramento Chamber of Commerce ,,,(916)925-6773, PO Box 15468," Sacramento, CA 95815 ",
Northeast San Fernando Valley Chamber of Commerce ,,www.nesfvcc.org,(818)361-1184," 601 S Brand Blvd., 20 "," San Fernando, CA 91340 ",
Northern Mono Chamber of Commerce ,,www.northernmonochamber.com,, 115281 Us Highway 395," Topaz, CA 96133 ",
Oakland African-American Chamber of Commerce ,,www.oaacc.org,(510)268-1600," 333 Hegenberger Rd, Suite 369 "," Oakland, CA 94621 ",
Oakland Chinatown Chamber of Commerce ,,,(510)893-8979," 388 9th St, #290"," Oakland, CA 94607 ",
Oakley Chamber of Commerce ,,www.oakleychamber.com,(925)625-1035," 3330 Main St, Suite B "," Oakley, CA 94561 ",
Old Town San Diego Chamber of Commerce ,,www.oldtownsandiego.org,(619)291-4903," 2461 San Diego Ave., 202 "," San Diego, CA 92110 ",
Orange County Hispanic Chamber of Commerce ,,www.ochcc.org,(714)953-4289," 2323 N Broadway, 305 "," Santa Ana, CA 92706 ",
Orangevale Chamber of Commerce ,,www.orangevalechamber.com,(916)988-0175," 8897 Greenback Lane, B91 "," Orangevale, CA 95662 ",
Orick Chamber of Commerce ,,orick.net/,(707)488-2885, PO Box 234," Orick, CA 95555 ",
Orinda Chamber of Commerce ,,www.orindachamber.org,(925)254-3909," 26 Orinda Way, P.O. Box 2271 "," Orinda, CA 94563 ",
Oroville Area Chamber of Commerce ,,www.oroville-city.com/chamber,(530)538-2542, 1789 Montgomery St.," Oroville, CA 95965 ",
Otay Mesa Chamber of Commerce ,,www.otaymesa.org,(619)661-6111," 8100 Gigantic St, Building 4100, Office 4106 "," San Diego, CA 92154 ",
Pacific Grove Chamber of Commerce ,,www.pacificgrove.org,(831)373-3304, 584 Central Ave.," Pacific Grove, CA 93950 ",
Pacific Palisades Chamber of Commerce ,,www.palisadeschamber.com,(310)459-7963, 15330 Antioch St.," Pacific Palisades, CA 90272 ",
Pajaro Valley Chamber of Commerce ,,www.pajarovalleychamber.com,(831)724-3900," 44 Brennan St, PO Box 1748 "," Watsonville, CA 95077 ",
Parlier Chamber of Commerce ,,,(559)646-2822, PO Box 453," Parlier, CA 93648 ",
Pasadena Chamber of Commerce & Civic Association ,,www.pasadena-chamber.org,(626)795-3355, 44 North Mentor Ave," Pasadena, CA 91106 ",
Patterson-Westley Chamber of Commerce ,,pattersonwestleychamber.org/,(209)642-6340, PO Box 365," Patterson, CA 95363 ",
Pearblossom Chamberof Commerce ,,,(661)944-9651, PO Box 591," Pearblossom, CA 93553 ",
Penn Valley Area Chamber of Commerce ,,www.pennvalleycoc.org,(530)432-1802, PO Box 202," Penn Valley, CA 95946 ",
Phelan Chamber of Commerce ,,,(760)868-3291, PO Box 290010," Phelan, CA 92329 ",
Pico Rivera Chamberof Commerce ,,www.picoriverachamber.org,(562)949-2477, 5016 Passons Blvd," Pico Rivera, CA 90660 ",
Pinole Chamber of Commerce ,,,(510)724-4484, PO Box 1," Pinole, CA 94564 ",
Pinon Hills Chamber of Commerce ,,www.pinonhillsthegateway.com,(760)868-5801," 10405 Mountain Rd., P.O. Box 720095 "," Pinon Hills, CA 92372 ",
Placentia Chamber of Commerce ,,www.placentiachamber.com,(714)528-1873, 117 N Main St," Placentia, CA 92870 ",
Pleasanton Chamber of Commerce ,,www.pleasanton.org,(925)846-5858, 777 Peters Ave.," Pleasanton, CA 94566 ",
Pomona Chamber of Commerce ,,www.pamonachamber.org,(909)622-1256," 101 West Mission Blvd, #222 "," Pomona, CA 91766 ",
Quartz Hill Chamberof Commerce ,,,(661)722-4811, 42043 50th St. W," Lancaster, CA 93536 ",
Quincy Chamber of Commerce ,,www.quincychamber.com,(530)394-0541, 464 Main St," Quincy, CA 95971 ",
Red Bluff Tehama County Chamber of Commerce ,,www.redbluffchamberofcommerce.,(530)527-6220, 100 Main St.," Red Bluff, CA 96080 ",
Redlands Chamber ofCommerce ,,www.redlandschamber.org,(909)793-2546, One E Redlands Blvd.," Redlands, CA 92373 ",
Redwood City-San Mateo County Chamber of Commerce ,,www.redwoodcitychamber.com,(650)364-1722, 1675 Broadway," Redwood City, CA 94063 ",
Redwood Coast Chamber of Commerce ,,www.redwoodcoastchamber.com,(800)778-5252, PO Box 199," Gualala, CA 95445 ",
Regional Chamber of Commerce San Gabriel Valley ,,,(626)330-3216, 1722 Desire Ave," Rowland Heights, CA 91748 ",
Regional Hispanic Chamber of Commerce ,,www.regionalhispaniccc.org,(562)212-2889," PO Box 32474, One World Trade Center "," Long Beach, CA 90832 ",
Rio Dell-Scotia Chamber of Commerce ,,,(707)506-5081, 406 Wildwood Ave.," Rio Dell, CA 95562 ",
Rio Linda-Elverta Chamber of Commerce ,,,(916)991-9344, PO Box 75," Rio Linda, CA 95673 ",
Rio Vista Chamber of Commerce ,,www.riovista.org,(707)374-2700, 50 N 2nd St," Rio Vista, CA 94571 ",
Riverbank Chamber of Commerce ,,,(209)869-4541, 3300 Santa Fe St.," Riverbank, CA 95367 ",
Rosamond Chamber of Commerce ,,www.RosamondChamber.com,(661)256-3248, 2861 Diamond St," Rosamond, CA 93560 ",
Rough and Ready Chamber of Commerce ,,,(530)797-6729, PO Box 801," Rough and Ready, CA 95975 ",
Round Valley Chamber of Commerce ,,,, PO Box 458," Covelo, CA 95428 ",
Running Springs Area Chamber of Commerce ,,,(909)867-2411," 2929 Running Springs School Rd, P.O. Box 96 "," Running Springs, CA 92382 ",
Russian River Chamber of Commerce ,,www.russianriver.com,(707)869-9000," 16209 First STreet, #POBox331"," Guerneville, CA 95446 ",
Sacramento Hispanic Chamber of Commerce ,,sachcc.org,(916)486-7700," 1491 River Park Dr, #101"," Sacramento, CA 95815 ",
San Anselmo Chamberof Commerce ,,www.sananselmochamber.org,(415)454-2510, PO Box 2844," San Anselmo, CA 94979 ",
San Diego Coastal Chamber of Commerce ,,www.sandiegocoastalchamber.com,(858)764-2565," 11622 El Camino Real, Suite 100 "," San Diego, CA 92130 ",
San Diego County Hispanic Chamber of Commerce ,,www.sdchcc.com,(619)702-0790," 664 Broadway, Ste D "," Chula Vista, CA 91910 ",
San Diego East County Chamber of Commerce ,,www.lemongrovechamber.com,(619)440-6161, 201 S Magnolia Ave," El Cajon, CA 92020 ",
San Juan Bautista Chamber of Commerce ,,www.sjbchamber.com,, PO Box 1037," San Juan Bautista, CA 95045 ",
San Marino Chamber of Commerce ,,www.smnet.org/com_group/smcofc,(626)286-1022, 1800 Huntington Dr," San Marino, CA 91108 ",
San Pablo Chamber of Commerce ,,,(510)234-2067, PO Box 6204," San Pablo, CA 94806 ",
San Ramon Chamber of Commerce ,,www.sanramon.org,(925)831-9500," 2355 San Ramon Valley Blvd., 101 "," San Ramon, CA 94583 ",
San Simeon Chamber of Commerce ,,,(805)927-3500," 250 San Simeon Ave., 3a "," San Simeon, CA 93452 ",
San Ysidro CoC & Visitor Info Center ,,www.sanysidrochamber.org,(619)428-1281, 663 East San Ysidro Blvd.," San Ysidro, CA 92173 ",
Sanger District Chamber of Commerce ,,www.sanger.org,(559)875-4575," 1789 Jensen Ave., Suite B "," Sanger, CA 93657 ",
Santa Cruz Area Chamber of Commerce ,,www.santacruzchamber.org,(831)457-3713," 725 Front St, Ste 108 "," Santa Cruz, CA 95060 ",
Santa Paula Chamber of Commerce ,,www.santapaulachamber.com,(805)525-5561, 200 N Tenth St.," Santa Paula, CA 93060 ",
Sausalito Chamber of Commerce ,,www.sausalito.org,(415)331-7262, 29 Caledonia St.," Sausalito, CA 94965 ",
Scott Valley Chamber of Commerce ,,www.scottvalley.org,(530)467-3355, PO Box 374," Etna, CA 96027 ",
Seal Beach Chamber of Commerce ,,sealbeachchamber.org,(562)799-0179," 201 8th St., Ste 110 "," Seal Beach, CA 90740 ",
Seaside Sand City Chamber of Commerce ,,www.seaside-sandcity.com,(831)394-6501, 505 Broadway Ave.," Seaside, CA 93955 ",
Shafter Chamber of Commerce ,,,(661)746-2600, 336 Pacific Ave.," Shafter, CA 93263 ",
Sherman Oaks Chamber of Commerce ,,www.shermanoakschamber.org,(818)906-1951," 14827 Ventura Blvd, Ste 207 "," Sherman Oaks, CA 91403 ",
Shingle Springs/Cameron Park Chamber ofCommerce ,,www.sscpchamber.org,(530)677-8000," 3300 Coach Ln, B7 "," Shingle Springs, CA 95682 ",
Sierra County Chamber of Commerce ,,www.sierracounty.org,(530)862-0308, PO Box 436," Sierra City, CA 96125 ",
Sierra Madre Chamber of Commerce ,,www.sierramadrechamber.com,(626)355-5111," 80 W Sierra Madre Blvd, Suite 405 "," Sierra Madre, CA 91024 ",
Signal Hill Chamber of Commerce ,,,(562)424-6489," 2201 East Willow, D PMB 138"," Signal Hill, CA 90755 ",
Silverlake Chamber of Commerce ,,www.silverlakechamber.com,(323)304-8749," 4470 Sunset Blvd, Suite 309 "," Los Angeles, CA 90027 ",
Solana Beach Chamber of Commerce ,,www.solanabeachchamber.com,(858)755-4775, 210 W Plaza St.," Solana Beach, CA 92075 ",
Soledad Mission Chamber of Commerce ,,www.soledadchamberca.chambermaster.com,(831)678-2278, 641 Front St," Soledad, CA 93960 ",
Solvang Chamber of Commerce ,,www.solvangcc.org,(805)686-0053," 1693 Mission Dr., 201c "," Solvang, CA 93463 ",
South Gate Chamber of Commerce ,,www.sgchamber.org,(323)567-1203, 3350 Tweedy Blvd," South Gate, CA 90280 ",
Southern Humboldt Chamber of Commerce ,,,(707)923-2613, PO Box 445," Garberville, CA 95542 ",
Spring Valley Chamber of Commerce ,,www.springvalleychamber.org,(619)670-9902," 3322 Sweetwater Springs Blvd., Suite 202, PO Box 1211 "," Spring Valley, CA 91977 ",
Springville Chamberof Commerce ,,springville.ca.us,," 35575a State Hwy. 190, P.O. Box 104 "," Springville, CA 93265 ",
Stanislaus County Hispanic Chamber of Commerce ,,www.hispaniccommerce.org,(209)575-2597," 400 12th St., 2 "," Modesto, CA 95354 ",
State of Jefferson Chamber of Commerce ,,,(530)496-3325, PO Box 521," Seiad Valley, CA 96086 ",
Studio City Chamber of Commerce ,,www.studiocitychamber.com,(818)655-5916, 4024 Radford Ave.," Studio City, CA 91604 ",
Sun Valley Area Chamber of Commerce ,,www.chamber-sunvalleyca.org,(818)768-2014, 11501 Strathern St," North Hollywood, CA 91605 ",
Sunland-Tujunga Chamber of Commerce ,,www.stchamber.com,(818)293-5388," 8250 Foothill Blvd, #A"," Sunland, CA 91040 ",
Taft Dist. Chamber of Commerce ,,www.taft-chamber.org,(661)765-2165, 400 Kern St," Taft, CA 93268 ",
Taiwan American C C of Northern California ,,,(408)883-5395," 430 Darryl Dr, C/o Growing Tree Learning Center "," Campbell, CA 95008 ",
Temple City Chamberof Commerce ,,www.templecitychamber.org,(626)286-3101, 9050 Las Tunas Dr.," Temple City, CA 91780 ",
The Hispanic Chamber of Commerce Of Stanislaus Cou ,,www.thehccsc.org,, 1314 H St," Modesto, CA 95354 ",
The Rancho Cucamonga Chamber ,,www.gcaec.com,(805)343-2939," 10470 Foothill Blvd., Suite 200 "," Rancho Cucamonga, CA 91730 ",
Thermal Chamber of Commerce ,,,(760)399-0080, PO Box 284," Thermal, CA 92274 ",
Thornton Chamber ofCommerce ,,,(209)794-2856, PO Box 37," Thornton, CA 95686 ",
Thousand Palms Chamber of Commerce ,,,(760)343-1988, PO Box 365," Thousand Palms, CA 92276 ",
Tiburon Peninsula Chamber of Commerce ,,www.tiburon.citysearch.com,(415)435-5633," 96-B Main St., P.O. Box 563 "," Tiburon, CA 94920 ",
Toluca Lake Chamber of Commerce ,,www.tolucalakechamber.com,(818)761-6594, PO Box 2312," Toluca Lake, CA 91610 ",
Topanga Chamber of Commerce ,,www.topangachamber.org,(310)455-0790, PO Box 185," Topanga, CA 90290 ",
Trinity County Chamber of Commerce ,,www.trinitycounty.com,(530)623-6101," 509 Main St, P.O. Box 517 "," Weaverville, CA 96093 ",
Tustin Chamber of Commerce ,,tustinchamber.org,(714)544-5341, 399 El Camino Real," Tustin, CA 92780 ",
Twain Harte Area Chamber of Commerce ,,www.twainhartecc.com,(209)586-4482, PO Box 404," Twain Harte, CA 95383 ",
Twentynine Palms Chamber of Commerce ,,www.29chamber.com,(760)367-3445, 6455-A Mesquite Ave.," Twentynine Palms, CA 92277 ",
United Chambers Of Commerce ,,www.unitedchambers.org,(818)981-4491," 5121 Van Nuys Blvd, Ste 208 "," Sherman Oaks, CA 91403 ",
Universal City North Hollywood CoC ,,www.noho.org,(818)508-5155, 6369 Bellingham Ave," North Hollywood, CA 91606 ",
Valley Center Chamber of Commerce ,,,(760)749-8472," 29115 Valley Center Rd., P.O. Box 793 "," Valley Center, CA 92082 ",
Venice Area Chamberof Commerce ,,www.venice.net,(310)822-5425," 313 Grand Ave, PO Box 202 "," Venice, CA 90291 ",
Vietnamese American Chamber of Commerce ,,www.vacoc.com,, 10121 Westminster Avenue," Garden Grove, CA 92843 ",
Weed Chamber of Commerce ,,www.weedchamber.com,(530)938-4624, 34 Main St.," Weed, CA 96094 ",
West Los Angeles Chamber of Commerce ,,www.westlachamber.org,(310)481-0600, PO Box 64512," Los Angeles, CA 90064 ",
West Marin Chamber of Commerce ,,www.pointreyes.org,, PO Box 1045," Point Reyes Station, CA 94956 ",
West Sacramento Chamber & Visitors Bureau ,,www.westsacramentochamber.com,(916)371-7042," 1401 Halyard Dr, Ste 120 "," West Sacramento, CA 95691 ",
West Shores Chamberof Commerce of the Salton Sea ,,,(760)394-4112, 2114 S Marina Dr," Salton City, CA 92275 ",
West Valley-Warner Center Chamber of Commerce ,,www.tarzana.org,(818)343-3687, 6100 Topanga Canyon Blvd," Woodland Hills, CA 91367 ",
Westminster Chamberof Commerce ,,,(714)898-9648, 14491 Beach Blvd.," Westminster, CA 92683 ",
Westwood Area Chamber of Commerce ,,www.westwoodchamber.org,(530)256-2456, PO Box 1247," Westwood, CA 96137 ",
Whittier Area Chamber of Commerce ,,www.whittierbiz.com,(562)698-9554, 8158 Painter Ave.," Whittier, CA 90602 ",
Willits Chamber of Commerce ,,www.willits.org,(707)459-7910, 239 S Main St.," Willits, CA 95490 ",
Willow Creek Chamber of Commerce ,,www.willowcreekchamber.com,(530)629-2693, PO Box 704," Willow Creek, CA 95573 ",
Willows Area Chamber of Commerce ,,,(530)934-8150, 118 W Sycamore St," Willows, CA 95988 ",
Wilmington Chamber of Commerce ,,www.wilmington-chamber.com,(310)834-8586," 544 N Avalon Blvd., 104 "," Wilmington, CA 90744 ",
Wilshire Center Chamber of Commerce ,,www.wilshirecenter.com,(213)386-8224," 3600 Wilshire Blvd., 1032 "," Los Angeles, CA 90010 ",
Windsor C Of C & Visitors Center ,,www.windsorchamber.com,(707)838-7285, PO Box 367," Windsor, CA 95492 ",
Windsor Chamber of Commerce & Visitors Center ,,www.windsorchamber.com,(707)838-7285, PO Box 367," Windsor, CA 95492 ",
Winnetka Chamber of Commerce ,,www.winnetkacachamber.com,(818)998-3833, PO Box 2051," Winnetka, CA 91306 ",
Winters Chamber of Commerce ,,www.winterschamber.com,(530)795-2329, 201 First St," Winters, CA 95694 ",
Woodland Area Chamber of Commerce ,,www.woodlandchamber.org,(530)662-7327, 400 Court St," Woodland, CA 95695 ",
Yosemite Highway 120 Chamberof Commerce ,,,(209)962-0429," 18687 Main St, Suite CJ "," Groveland, CA 95321 ",
Yountville Chamber of Commerce ,,www.yountville.com,(707)944-0904," 6484 Washington St, Suite F "," Yountville, CA 94599 ",
Yreka Chamber of Commerce ,,www.yrekachamber.com,(530)842-1649, 310 South Broadway St," Yreka, CA 96097 ",
Yucaipa Valley Chamber of Commerce ,,www.cybertime.net/~yucaipac-c,(909)790-1841, 35139 Yucaipa Blvd.," Yucaipa, CA 92399 ",
Yucca Valley Chamber of Commerce ,,www.yuccavalley.org,(760)365-6323, 56711 29 Palms Hwy.," Yucca Valley, CA 92284 ",
