"Connecticut Business & Industry Association, Inc. ",U.S. Chamber Member,www.cbia.com,(860)244-1900, 350 Church St," Hartford, CT 06103 ",
Darien Chamber of Commerce ,U.S. Chamber Member,www.darienctchamber.com,(203)655-3600, 10 Corbin Dr," Darien, CT 06820 ",
Greater Danbury Chamber of Commerce ,U.S. Chamber Member,www.danburychamber.com/,(203)743-5565, 39 West St," Danbury, CT 06810 ",
Greater New Haven Chamber of Commerce ,U.S. Chamber Member,www.newhavenchamber.com,(203)787-6735," 900 Chapel St, 10th Floor "," New Haven, CT 06510 ",
Hamden Regional Chamber of Commerce ,U.S. Chamber Member,www.hamdenchamber.com,(203)288-6431," 3074 Whitney Ave, Ste 1-1 "," Hamden, CT 06518 ",
Metro Hartford Alliance ,U.S. Chamber Member,www.metrohartford.com/,(860)525-4451," 31 Pratt St, 5th Floor "," Hartford, CT 06103 ",
Middlesex County Chamber of Commerce ,U.S. Chamber Member,www.middlesexchamber.com,(860)347-6924, 393 Main St," Middletown, CT 06457 ",
Quinnipiac Chamber of Commerce ,U.S. Chamber Member,www.quinncham.com,(203)269-9891, 50 North Main St," Wallingford, CT 06492 ",
Waterbury Regional Chamber of Commerce ,U.S. Chamber Member,www.waterburychamber.org,(203)757-0701, PO Box 1469," Waterbury, CT 06721 ",
Bloomfield Chamber of Commerce ,,www.bloomfieldchamber.org/,(860)584-4724," 440 N Main St, Ste B "," Bristol, CT 06010 ",
Bridgeport Regional Business Council ,,www.brbc.org,(203)335-3800," 10 Middle St, 14th Fl "," Bridgeport, CT 06604 ",
Central Connecticut Chambers of Commerce ,,www.centralctchambers.org/,(860)584-4718," 440 N Main St, Ste B "," Bristol, CT 06010 ",
Chamber of Commerce of Eastern Connecticut ,,www.chamberect.com,(860)443-8332, 914 Hartford Tpke," Waterford, CT 06385 ",
Cheshire Chamber of Commerce ,,www.cheshirechamber.org,(203)272-2345, 195 South Main St," Cheshire, CT 06410 ",
East Haven Chamber of Commerce ,,www.easthavenchamber.com,(203)467-4305, PO Box 120055," East Haven, CT 06512 ",
Fairfield Chamber of Commerce ,,www.fairfieldctchamber.com,(203)255-1011, 1597 Post Rd.," Fairfield, CT 06824 ",
Glastonbury Chamber of Commerce ,,www.glastonburychamber.org,(860)659-3587," 2400 Main St, Suite 2 "," Glastonbury, CT 06033 ",
Greater Manchester Chamber of Commerce ,,www.manchesterchamber.com,(860)646-2223, 20 Hartford Rd," Manchester, CT 06040 ",
Greater Mystic Chamber of Commerce ,,www.mysticchamber.org,(860)572-9578," 62 Greenmanville Ave, P.O. Box 143 "," Mystic, CT 06355 ",
Greater Norwalk Chamber of Commerce ,,www.norwalkchamberofcommerce.com/,(203)866-2521," 101 East Ave, PO BOX 668 "," Norwalk, CT 06852 ",
Greater Valley Chamber of Commerce ,,www.greatervalleychamber.com,(203)925-4981," 10 Progress Dr, 2nd Floor "," Shelton, CT 06484 ",
Greenwich Chamber of Commerce ,,www.greenwichchamber.com,(203)869-3500," 45 East Putnam Ave, Suite 121 "," Greenwich, CT 06830 ",
Midstate Chamber of Commerce ,,www.midstatechamber.com,(203)235-7901," 546 South Broad St, Suite 2C "," Meriden, CT 06450 ",5 / 5
Milford Regional Chamber of Commerce ,,www.milfordct.com,(203)878-0681, 5 Broad St," Milford, CT 06460 ",
New Canaan Chamber of Commerce ,,www.newcanaanchamber.com,(203)966-2004, 91 Elm St," New Canaan, CT 06840 ",
New Milford Chamber of Commerce ,,www.newmilford-chamber.com,(860)354-6080, 11 Railroad St," New Milford, CT 06776 ",
North Central Connecticut Chamber of Commerce ,,,(860)741-3838, PO Box 123," Enfield, CT 06083 ",
Northwest Connecticut Chamber of Commerce ,,www.nwctchamberofcommerce.org,(860)482-6586, PO Box 59," Torrington, CT 06790 ",
Old Saybrook Chamber of Commerce ,,www.oldsaybrookct.com,(860)388-3266, PO Box 625," Old Saybrook, CT 06475 ",
Plainville Chamber of Commerce ,,www.plainvillechamber.com,(860)747-6867," 1 Central Sq, PO Box C "," Plainville, CT 06062 ",
Ridgefield Chamber of Commerce ,,www.ridgefieldchamber.org,(203)438-5992, 13 Grove St," Ridgefield, CT 06877 ",
Shoreline Chamber of Commerce ,,www.shorelinechamberct.com,(203)488-5500, 764 East Main St," Branford, CT 06405 ",
South Windsor Chamber of Commerce ,,www.southwindsorchamber.org,(860)644-9442, 22 Morgan Farms Dr," South Windsor, CT 06074 ",
Southington Chamber of Commerce ,,www.southingtoncoc.com,(860)628-8036," 31 Liberty St, Suite 210 "," Southington, CT 06489 ",
Stamford Chamber of Commerce ,,www.stamfordchamber.com,(203)359-4761, 733 Summer St," Stamford, CT 06901 ",
The Business Council of Fairfield County ,,www.businessfairfield.com,(203)359-3220," 1 Landmark Sq, Suite 300 "," Stamford, CT 06901 ",
Tolland County Chamber of Commerce ,,www.tollandcountychamber.org,(860)872-0587, 30 Lafayette Sq," Vernon, CT 06066 ",
West Hartford Chamber of Commerce ,,www.whchamber.com,(860)521-2300, 948 Farmington Ave," West Hartford, CT 06107 ",
West Haven Chamber of Commerce ,,www.westhavenchamber.com,(203)933-1500, 355 Main St," West Haven, CT 06516 ",
Wilton Chamber of Commerce ,,www.wiltonchamber.com,(203)762-0567, 86 Old Ridgefield Rd," Wilton, CT 06897 ",
Windham Region Chamber of Commerce ,,www.windhamchamber.com,(860)423-6389, PO Box 43," Willimantic, CT 06226 ",
Windsor Chamber of Commerce ,,www.windsorcc.org/,(860)688-5165, 261 Broad St," Windsor, CT 06095 ",
Avon Chamber of Commerce ,,www.avonchamber.com,(860)675-4832, 412 W Avon Road," Avon, CT 06001 ",
Bethel Chamber of Commerce ,,,(203)743-6500, 184 Greenwood Ave," Bethel, CT 06801 ",
Canton Chamber of Commerce ,,www.cantonchamberofcommerce.com,(860)693-0405, PO Box 704," Canton, CT 06019 ",
Clinton Chamber of Commerce ,,ClintonCt.com,(860)669-3889, 50 E Main St.," Clinton, CT 06413 ",
East Hartford Chamber of Commerce ,,www.easthartfordchamber.com,(860)659-3587, 763 Burnside Ave.," East Hartford, CT 06108 ",
Farmington Chamber of Commerce ,,www.farmingtonchamber.com,(860)676-8490, 827 Farmington Avenue," Farmington, CT 06032 ",
Granby Chamber of Commerce ,,www.granbycoc.org,(860)653-5085, PO Box 211," Granby, CT 06035 ",
Granby Chamber of Commerce ,,www.granbycoc.org,(860)653-5085, PO Box 211," Granby, CT 06035 ",
Greater New Britain Chamber of Commerce ,,www.newbritainchamber.com,(860)229-1665," 185 Main St, Suite 423 "," New Britain, CT 06051 ",
Greater Norwich Chamber of Commerce ,,,(860)887-1647, 114 Main St," Norwich, CT 06360 ",
Kent Chamber of Commerce ,,www.kentct.com,(860)927-1463, PO Box 124," Kent, CT 06757 ",
Lyme & Old Lyme Chamber of Commerce ,,,(860)434-1603, PO Box 4152," Old Lyme, CT 06371 ",
Madison Chamber of Commerce ,,,(256)461-0518," 12 School St, #POBox706, P.O. Box 373 "," Madison, CT 06443 ",
Madison Chamber of Commerce ,,www.madisonct.com,(203)245-7394," 12 School St, #POBox706"," Madison, CT 06443 ",
Monroe Chamber of Commerce ,,,(203)268-6518, 411 Monroe Tpke," Monroe, CT 06468 ",
Naugatuck Chamber of Commerce ,,www.naugatuckchamber.com,(203)729-4511, 270 Church St," Naugatuck, CT 06770 ",
Newington Chamber Of Commerce ,,,(860)666-2089, 1046 Main St," Newington, CT 06111 ",
Newtown Area Chamber of Commerce ,,,(203)426-2695, PO Box 314," Newtown, CT 06470 ",
Northeastern Connecticut Chamber of Commerce ,,www.nectcc.com,(860)774-8001, 210 Westcott Rd," Danielson, CT 06239 ",
Orange Chamber of Commerce ,,www.orangectchamber.com,(203)795-3328," 605a Orange Center Road, Suite 200-310 "," Orange, CT 06477 ",
Rocky Hill Chamber of Commerce ,,www.rhchamber.org,(860)258-7633, 2264 Silas Deane Hwy," Rocky Hill, CT 06067 ",
Salisbury Chamber of Commerce ,,,(860)393-9171, PO Box 386," Lakeville, CT 06039 ",
Simsbury Chamber ofCommerce ,,www.simsburycoc.org,(860)651-7307," 749 Hopmeadow St., PO Box 224 "," Simsbury, CT 06070 ",
Suffield Chamber ofCommerce ,,www.suffieldchamber.org,(860)668-4848, PO Box 741," Suffield, CT 06078 ",
Town of Portland ,,,(860)342-6715," 33 E Main St., P.O. Box 71 "," Portland, CT 06480 ",
Wethersfield Chamber of Commerce ,,www.wethersfieldchamber.com,(860)721-6200, 200 Main St," Wethersfield, CT 06109 ",
Windsor Locks Chamber of Commerce ,,,(860)623-9319, PO Box 257," Windsor Locks, CT 06096 ",
