Central Delaware Chamber of Commerce ,U.S. Chamber Member,www.cdcc.net,(302)734-7513, 435 North Dupont Hwy," Dover, DE 19901 ",
Delaware State Chamber of Commerce ,U.S. Chamber Member,www.dscc.com,(302)576-6585, PO Box 671," Wilmington, DE 19899 ",
Rehoboth Beach-Dewey Beach Chamber of Commerce ,U.S. Chamber Member,www.beach-fun.com,(302)227-2233, PO Box 216," Rehoboth Beach, DE 19971 ",
Bethany-Fenwick Area Chamber of Commerce ,,thequietresorts.com,(302)539-2100, 36913 Coastal Hwy," Fenwick Island, DE 19944 ",
Delaware Small Business Chamber ,,www.dsbchamber.com,(302)482-2120," 11 Liberty Plz, Ste F "," Newark, DE 19711 ",
New Castle County Chamber of Commerce ,,www.ncccc.com,(302)294-2058," Cty Commerce Office Pk, #201"," Newark, DE 19713 ",
The Western Sussex Chamber of Commerce ,,www.seafordchamber.com,(302)629-9690, 304 High St," Seaford, DE 19973 ",
Chamber of Commerce for Greater Milford ,,www.milfordchamber.com,(302)422-3344," 24 NW Front St, Suite 101 "," Milford, DE 19963 ",
Greater Delmar Chamber of Commerce ,,www.townofdelmar.us,(302)846-3336, PO Box 416," Delmar, DE 19940 ",
Greater Georgetown Chamber of Commerce ,,,(302)856-1544, PO Box 1," Georgetown, DE 19947 ",
Laurel Chamber of Commerce ,,www.laurelchamber.com,(302)875-9319," PO Box 696, P.O. Box 395 "," Laurel, DE 19956 ",
Lewes Chamber of Commerce ,,www.leweschamber.com,(302)645-8073, 120 Kings Hwy.," Lewes, DE 19958 ",
Middletown Area Chamber of Commerce ,,www.middletownareachamber.com,(302)378-7545, PO Box 1," Middletown, DE 19709 ",
Millsboro Chamber of Commerce ,,www.millsborochamber.com,(302)934-6777, 322 Wilson Hwy," Millsboro, DE 19966 ",
Milton Chamber of Commerce ,,www.historicmilton.com,(302)684-1101, PO Box 61," Milton, DE 19968 ",
Selbyville Chamber of Commerce ,,,(302)436-5526, PO Box 1150," Selbyville, DE 19975 ",
