Andover Area Chamber of Commerce ,U.S. Chamber Member,www.andoverks.com,(316)733-0648, 1951 N Andover Rd," Andover, KS 67002 ",
Coffeyville Area Chamber of Commerce ,U.S. Chamber Member,coffeyvillechamber.org,(620)251-2550, PO Box 457," Coffeyville, KS 67337 ",
Derby Chamber of Commerce ,U.S. Chamber Member,www.derbychamber.com,(316)788-3421," 611 Mulberry Street, North, Suite 200 "," Derby, KS 67037 ",
Dodge City Area Chamber of Commerce ,U.S. Chamber Member,www.dodgechamber.com,(620)227-3119, 101 E Wyatt Earp Blvd," Dodge City, KS 67801 ",
El Dorado Chamber of Commerce ,U.S. Chamber Member,www.eldoradochamber.com,(316)321-3150, 201 East Central Ave," El Dorado, KS 67042 ",
Emporia Area Chamber of Commerce ,U.S. Chamber Member,www.emporiakschamber.org,(620)342-1600, 719 Commerical St," Emporia, KS 66801 ",
Fort Scott Area Chamber of Commerce & Tourism Cent ,U.S. Chamber Member,www.fortscott.com,(620)223-3566, 231 East Wall St," Fort Scott, KS 66701 ",
Garden City Area Chamber of Commerce ,U.S. Chamber Member,www.gardencitychamber.net,(620)276-3264, 1509 E Fulton Ter," Garden City, KS 67846 ",
Gardner Edgerton Chamber of Commerce ,U.S. Chamber Member,www.gardnerchamber.com,(913)856-6464, 109 East Main St," Gardner, KS 66030 ",
Greater Topeka Chamber of Commerce ,U.S. Chamber Member,www.topekachamber.org,(785)234-2644," 120 Southeast 6th St, Suite 110 "," Topeka, KS 66603 ",
Hays Area Chamber of Commerce ,U.S. Chamber Member,www.hayskansas.com,(785)628-8201, 2700 Vine St," Hays, KS 67601 ",
Hugoton Area Chamber of Commerce ,U.S. Chamber Member,www.hugotonchamber.com,(620)544-4305, 630 South Main St," Hugoton, KS 67951 ",
Hutchinson-Reno County Chamber of Commerce ,U.S. Chamber Member,www.hutchchamber.com,(620)662-3391, PO Box 519," Hutchinson, KS 67504 ",
Junction City Area Chamber of Commerce ,U.S. Chamber Member,www.junctioncitychamber.org,(785)762-2632, 222 West 6th," Junction City, KS 66441 ",
Kansas Chamber of Commerce & Industry ,U.S. Chamber Member,www.kansaschamber.org,(785)357-6321, 835 SW Topeka Blvd," Topeka, KS 66612 ",
Lawrence Chamber of Commerce ,U.S. Chamber Member,www.lawrencechamber.com/,(785)865-4411, 718 New Hampshire St," Lawrence, KS 66044 ",
Leavenworth-Lansing Area Chamber of Commerce ,U.S. Chamber Member,www.llchamber.com,(913)682-4112, 518 Shawnee St," Leavenworth, KS 66048 ",
Leawood Chamber of Commerce ,U.S. Chamber Member,www.leawoodchamber.org,(913)498-1514," 13451 Briar Dr, Suite 201 "," Leawood, KS 66209 ",
Lenexa Chamber of Commerce ,U.S. Chamber Member,www.lenexa.org,(913)888-1414, 11180 Lackman Rd," Lenexa, KS 66219 ",
Manhattan Area Chamber of Commerce ,U.S. Chamber Member,www.manhattan.org,(785)776-8829, 501 Poyntz Ave," Manhattan, KS 66502 ",
McPherson Chamber of Commerce ,U.S. Chamber Member,www.mcphersonks.org,(620)241-3303, PO Box 616," McPherson, KS 67460 ",
Olathe Chamber of Commerce ,U.S. Chamber Member,www.olathe.org,(913)764-1050," 18103 W 106th St, Ste 100 "," Olathe, KS 66061 ",5 / 5
Overland Park Chamber of Commerce ,U.S. Chamber Member,www.opchamber.org,(913)491-3600," 9001 West 110th St, Suite 150 "," Overland Park, KS 66210 ",5 / 5
Pittsburg Area Chamber of Commerce ,U.S. Chamber Member,www.pittsburgkschamber.com,(620)231-1000, PO Box 1115," Pittsburg, KS 66762 ",
Pratt Area Chamber of Commerce ,U.S. Chamber Member,www.prattkansas.org,(620)672-5501, 211 S Main St," Pratt, KS 67124 ",
Salina Area Chamber of Commerce ,U.S. Chamber Member,www.salinakansas.org,(785)827-9301, PO Box 586," Salina, KS 67402 ",
Scott City Area Chamber Of Commerce ,U.S. Chamber Member,,(620)872-3525, 113 E 5th St," Scott City, KS 67871 ",
Shawnee Chamber of Commerce ,U.S. Chamber Member,www.shawneekschamber.com,(913)631-6545," 15100 W 67th St, Ste 202 "," Shawnee, KS 66217 ",5 / 5
Spring Hill Chamber of Commerce ,U.S. Chamber Member,www.springhillks.org,(913)592-3893, PO Box 15," Spring Hill, KS 66083 ",
Wamego Area Chamber of Commerce & Main Street Inc. ,U.S. Chamber Member,www.wamegochamber.com,(785)456-7849, 529 Lincoln St," Wamego, KS 66547 ",
Wichita Regional Chamber of Commerce ,U.S. Chamber Member,www.wichitachamber.org,(316)265-7771, 350 West Douglas," Wichita, KS 67202 ",
Abilene Area Chamber of Commerce ,,www.abileneks.com,(785)263-1770, 201 NW 2nd St," Abilene, KS 67410 ",
Arkansas City Area Chamber of Commerce ,,www.arkcity.org,(620)442-0230, 106 S Summit St," Arkansas City, KS 67005 ",
Atchison Area Chamber of Commerce ,,www.atchisonkansas.net/,(913)367-2427, PO Box 126," Atchison, KS 66002 ",
Augusta Chamber of Commerce ,,www.chamberofaugusta.org,(316)775-6339, 618 State St," Augusta, KS 67010 ",
Clay Center Area Chamber of Commerce ,,www.claycenterkschamber.org,(785)632-5674, 517 Court St," Clay Center, KS 67432 ",
Colby Thomas County Chamber of Commerce ,,www.oasisontheplains.com,(785)460-3401," 350 South Range Ave, Suite 10 "," Colby, KS 67701 ",
Concordia Chamber of Commerce ,,www.concordiakansas.org,(785)243-4290, 606 Washington," Concordia, KS 66901 ",
De Soto Chamber of Commerce ,,www.desotoks.org,(913)583-1585, PO Box 70," De Soto, KS 66018 ",
Fredonia Area Chamber of Commerce ,,www.fredoniaks.org,(620)378-3221, PO Box 449," Fredonia, KS 66736 ",
Grant County Chamber of Commerce ,,www.ulysseschamber.org,(620)356-4700, 113 B South Main," Ulysses, KS 67880 ",
Hesston Chamber of Commerce ,,www.hesstonks.org,(620)327-4102, 115 East Smith St," Hesston, KS 67062 ",
Hoisington Chamber of Commerce ,,www.hoisingtonkansas.com,(620)653-4311, 123 North Main St," Hoisington, KS 67544 ",
Independence Chamber of Commerce ,,www.indkschamber.org/,(620)331-1890, PO Box 386," Independence, KS 67301 ",
Iola Area Chamber of Commerce ,,www.iolachamber.org,(620)365-5252, PO Box 722," Iola, KS 66749 ",
Kansas City Kansas Area Chamber of Commerce ,,www.kckchamber.com/,(913)371-3070, 727 Minnesota Ave," Kansas City, KS 66117 ",
Larned Area Chamber of Commerce ,,www.larnedks.org,(620)285-6916, 502 Broadway," Larned, KS 67550 ",
Liberal Chamber of Commerce ,,www.liberalkschamber.com/,(620)624-3855, PO Box 676," Liberal, KS 67905 ",
Lyons Chamber of Commerce ,,www.lyons-chamber.com,(620)257-2842, 116 East Avenue South," Lyons, KS 67554 ",
Newton Area Chamber of Commerce ,,www.infonewtonks.org,(316)283-2560," 500 North Main St, Suite 101 "," Newton, KS 67114 ",
Northeast Johnson County Chamber of Commerce ,,www.nejcchamber.com/,(913)262-2141," 5800 Foxridge Dr, Suite 100 "," Mission, KS 66202 ",
Ottawa Area Chamber of Commerce ,,www.ottawakansas.org/,(785)242-1000, 109 E 2nd St," Ottawa, KS 66067 ",
Paola Chamber of Commerce ,,www.paolachamber.org,(913)294-4335, 6 West Peoria St," Paola, KS 66071 ",
Parsons Chamber of Commerce ,,www.parsonschamber.org/,(620)421-6500, 506 Main St," Parsons, KS 67357 ",
Russell Area Chamber of Commerce ,,www.russellchamber.com,(785)483-6960, PO Box 58," Russell, KS 67665 ",
Wellington Area Chamber of Commerce ,,WWW.wellingtonks.org,(620)326-7466," 208 North Washington, PO Box 686 "," Wellington, KS 67152 ",
Winfield Area Chamber of Commerce ,,www.winfieldchamber.org/,(620)221-2420, PO Box 640," Winfield, KS 67156 ",
Womens Chamber of Commerce of KCK ,,www.kckwomenschamber.org/,(913)371-3165, PO Box 12611," Kansas City, KS 66112 ",
Alma Chamber of Commerce ,,,(785)765-3327, PO Box 234," Alma, KS 66401 ",
Almena Chamber of Commerce ,,,(785)669-2551, PO Box 193," Almena, KS 67622 ",
Alta Vista Chamber of Commerce ,,,(785)499-6828, 589 G Ave.," Alta Vista, KS 66834 ",
Anthony Chamber of Commerce ,,www.anthonychamber.com,(620)842-5456," 227 West Main, P.O. Box 354 "," Anthony, KS 67003 ",
Ashland Chamber of Commerce ,,www.ashlandks.com,(620)635-2680, PO Box 37," Ashland, KS 67831 ",
Atwood Chamber of Commerce ,,,(785)626-9630, 416 Main," Atwood, KS 67730 ",
Baldwin City Chamber of Commerce ,,www.baldwincitychamber.com,(785)594-3200, 720 High St," Baldwin City, KS 66006 ",
Basehor Chamber of Commerce ,,www.basehorchamber.org,(913)724-9000, PO Box 35," Basehor, KS 66007 ",
Baxter Springs Chamber of Commerce ,,www.baxtersprings.org,(620)856-3131, 1004 Military Ave.," Baxter Springs, KS 66713 ",
Bazine Chamber of Commerce ,,,(785)398-2495," Rr 1, Box 48"," Bazine, KS 67516 ",
Belle Plaine Area Chamber of Commerce ,,,, PO Box 721," Belle Plaine, KS 67013 ",
Belleville Chamber of Commerce ,,www.bellevilleks.org,(785)527-2310," 1819 L St., P.O. Box 280 "," Belleville, KS 66935 ",
Bird City CommunityClub ,,,(785)734-2205, 1485 Road 28.5," Bird City, KS 67731 ",
Blue Rapids Chamberof Commerce ,,skyways.lib.ks.us/towns/BlueRapids/index,(785)363-7715, 28 Public Sq.," Blue Rapids, KS 66411 ",
Bonner Springs-Edwardsville Area CoC ,,,(913)422-5044," 205 E 2nd, P.O. Box 403 "," Bonner Springs, KS 66012 ",5 / 5
Burlingame Area Chamber of Commerce ,,www.burlingameks.gov,(785)654-3322, PO Box 102," Burlingame, KS 66413 ",
Caldwell Area Chamber of Commerce ,,,(620)845-6666, PO Box 42," Caldwell, KS 67022 ",
Caney Chamber of Commerce ,,,(620)879-5131," 310 W Fourth Ave., P.O. Box 211 "," Caney, KS 67333 ",
Canton Chamber of Commerce ,,skyways.lib.ks.us/towns/canton,(620)628-4916, PO Box 275," Canton, KS 67428 ",
Cedar Vale Chamber of Commerce ,,,(620)758-2244, PO Box 112," Cedar Vale, KS 67024 ",
Chanute Area Chamber of Commerce ,,,(620)431-3350, 21 N Lincoln Ave.," Chanute, KS 66720 ",
Chase County Chamber of Commerce ,,,(620)273-8469, 318 Broadway," Cottonwood Falls, KS 66845 ",
Cheney Chamber of Commerce ,,,(316)542-9999, PO Box 716," Cheney, KS 67025 ",
Cherryvale Chamber of Commerce ,,www.cherryvaleusa.com/business/chamber_of_commerce/index.php,(620)205-9808," 200 West Main St, P.O. Box 112 "," Cherryvale, KS 67335 ",
Chetopa Chamber of Commerce ,,,(620)236-7371, 917 Locust St.," Chetopa, KS 67336 ",
Cimarron Area Chamber of Commerce ,,www.cimarronkansas.net,(620)855-2507, 119 S Main St," Cimarron, KS 67835 ",
Clearwater Chamber of Commerce ,,www.clearwaterkschamber.org,(620)584-3366, PO Box 134," Clearwater, KS 67026 ",
Clifton Chamber of Commerce ,,,(785)455-3695, 3046 Frontier Rd," Clifton, KS 66937 ",
Clyde Comm. Chamber of Commerce ,,www.clydekansas.org,(785)446-2291, PO Box 5," Clyde, KS 66938 ",
Coffey County Chamber of Commerce ,,www.coffeycountychamber.com,(620)364-2002, 110 N 4th St," Burlington, KS 66839 ",
Coldwater Chamber of Commerce ,,www.coldwaterkansas.com,(620)582-2859, PO Box 333," Coldwater, KS 67029 ",
Columbus Chamber ofCommerce ,,www.columbus-ks.com,(620)429-1492, 320 E Maple," Columbus, KS 66725 ",
Conway Springs Chamber of Commerce ,,,(620)456-2345, PO Box 392," Conway Springs, KS 67031 ",
Council Grove Chamber of Commerce ,,www.councilgrove.com,(620)767-5413, 212 W Main," Council Grove, KS 66846 ",
Decatur County AreaChamber of Commerce ,,www.oberlin-kansas.org,(785)475-3441, 104 South Penn Ave," Oberlin, KS 67749 ",
Doniphan County Chamber of Commerce ,,www.dpcountyks.com,(913)365-2604," 209 Roseport Rd., P.O. Box 325 "," Elwood, KS 66024 ",
Doniphan County Chamber of Commerce & Eco. Dev. Co ,,www.dpcountyks.com,(816)244-6715, PO Box 250," Troy, KS 66087 ",
Downs Chamber of Commerce ,,,(785)454-3325, PO Box 127," Downs, KS 67437 ",
Edwards County Chamber of Commerce ,,,(620)659-2711," 721 Marsh Ave., P.O. Box 161 "," Kinsley, KS 67547 ",
Elkhart Area Chamber of Commerce ,,,(620)697-4600," 546 Morton, P.O. Box 696 "," Elkhart, KS 67950 ",
Ellinwood Chamber of Commerce ,,,(620)564-3300," 110 North Main St, PO Box 482 "," Ellinwood, KS 67526 ",
Ellis Chamber of Commerce ,,,(785)726-3636," 102 W 10th, P.O. Box 229 "," Ellis, KS 67637 ",
Ellsworth-kanopolis Area Chamber of Commerce ,,www.ellsworthkschamber.net,(785)472-4071, 114 1/2 N Douglas Avenue," Ellsworth, KS 67439 ",
Eskridge Chamber ofCommerce ,,,(785)449-2239, PO Box 313," Eskridge, KS 66423 ",
Eudora Chamber of Commerce ,,www.eudorakschamber.com,(785)542-1212, PO Box 725," Eudora, KS 66025 ",
Eureka Area Chamber of Commerce ,,www.eurekakansas.com,(620)583-5452, PO Box 563," Eureka, KS 67045 ",
Everest Chamber of Commerce ,,,(785)548-7521, PO Box 6," Everest, KS 66424 ",
Florence Chamber of Commerce ,,www.florenceks.com,(620)878-4296, 511 Main St," Florence, KS 66851 ",
Fredonia Chamber of Commerce ,,fredoniakschamber.org,(620)378-3221, 716 Madison St," Fredonia, KS 66736 ",
Galena Chamber of Commerce ,,,(620)783-1395, PO Box 465," Galena, KS 66739 ",
Garnett Area Chamber of Commerce ,,www.garnett-ks.net,(785)448-6767, 419 S Oak," Garnett, KS 66032 ",
Girard Area Chamberof Commerce ,,,(620)724-4715," 221 S Ozark, P.O. Box 41 "," Girard, KS 66743 ",
Glasco Chamber Pride ,,,(785)568-2515, PO Box 572," Glasco, KS 67445 ",
Halstead Chamber ofCommerce ,,www.discoverhalstead.com,(316)833-3760, PO Box 328," Halstead, KS 67056 ",
Hanover Chamber of Commerce ,,,(785)337-2252, PO Box 283," Hanover, KS 66945 ",
Harper Chamber of Commerce ,,,(620)896-2777, 710 W 14th St," Harper, KS 67058 ",
Haysville Chamber of Commerce ,,,," 107 S Wayne, P.O. Box 372 "," Haysville, KS 67060 ",
Herndon Chamber of Commerce ,,,(785)322-5619, Box 217," Herndon, KS 67739 ",
Hiawatha Chamber ofCommerce and Visitors Bureau ,,,(785)742-7136, 602 Oregon St.," Hiawatha, KS 66434 ",
Hill City Chamber of Commerce ,,www.ruraltel.net/gced,(785)421-5621," 801 W Main St., P.O. Box 155 "," Hill City, KS 67642 ",
Holton Jackson County Chamber of Commerce ,,www.holton.k12.ks.us/city/chamber/chambe,(785)364-3963, 104 West 5th St," Holton, KS 66436 ",
Horton Chamber of Commerce ,,www.hortonkansas.org,(785)486-3321, PO Box 105," Horton, KS 66439 ",
Howard Chamber of Commerce ,,,(620)374-2202, PO Box 545," Howard, KS 67349 ",
Hoxie Area Chamber of Commerce & EDC ,,,(785)675-3016, PO Box 839," Hoxie, KS 67740 ",
Humboldt Chamber ofCommerce ,,www.humboldtks.com,(620)473-2325, PO Box 133," Humboldt, KS 66748 ",
Jewell Chamber of Commerce ,,,(785)428-3600, PO Box 235," Jewell, KS 66949 ",
Kingman Area Chamber of Commerce ,,www.kingmanks.com,(620)532-1853, 322 N Main," Kingman, KS 67068 ",
Kiowa Chamber of Commerce ,,,(620)825-4777, PO Box 272," Kiowa, KS 67070 ",
Kiowa County Chamber of Commerce ,,www.bigwell.org,(620)723-2400, 101 S Main St," Greensburg, KS 67054 ",
LaCrosse Chamber of Commerce ,,,(785)222-2639, PO Box 716," La Crosse, KS 67548 ",
Lane County Area Chamber of Commerce ,,,(620)397-2211," 147 E Long, P.O. Box 942 "," Dighton, KS 67839 ",
Lenora Chamber of Commerce ,,,(785)567-4860, Box 331," Lenora, KS 67645 ",
Lincoln Area Chamber of Commerce ,,www.nckcn.com/homepage/j-kcrispin/Lincol,(785)524-4934, 144 East Lincoln Ave," Lincoln, KS 67455 ",
Lindsborg Chamber of Commerce ,,www.lindsborg.org,(785)227-3706, 104 E Lincoln," Lindsborg, KS 67456 ",
Louisburg Chamber of Commerce ,,www.louisburgkansas.com,(913)837-2826," PO Box 245, 215 S. Broadway "," Louisburg, KS 66053 ",
Lucas Area Chamber of Commerce ,,www.lucaskansas.com,(785)525-6288," 201 South Main St, P.O. Box 186 "," Lucas, KS 67648 ",
Lyndon Chamber of Commerce ,,,(785)828-3146, PO Box 523," Lyndon, KS 66451 ",
Mankato Chamber of Commerce ,,skyways.lib.ks.us/towns/mankato,(785)378-3141, 741 N High St," Mankato, KS 66956 ",
Marion Chamber of Commerce ,,www.marionks.com,(620)382-3425," 115 N 3rd, 104 "," Marion, KS 66861 ",
Marysville Chamber of Commerce ,,www.marysvillekansaschamber.org,(785)562-3101," 101 N 10th, P.O. Box 16 "," Marysville, KS 66508 ",
Meade Chamber of Commerce ,,,(620)873-2359, PO Box 576," Meade, KS 67864 ",
Medicine Lodge AreaChamber of Commerce ,,www.barbercounty.com,(620)886-3417," 107 E Washington, P.O. Box 274 "," Medicine Lodge, KS 67104 ",
Miltonvale Chamber of Commerce ,,www.miltonvaleks.com,(785)427-3372, 102 SW 6th," Miltonvale, KS 67466 ",
Minneapolis Area Chamber of Commerce ,,www.minneapoliskansas.org,(785)392-3068, 200 W 2nd," Minneapolis, KS 67467 ",
Moline Chamber of Commerce ,,www.molinekansas.com,(620)647-3665, PO Box 253," Moline, KS 67353 ",
Mound City Chamber of Commerce ,,www.moundcity.org/chamber/,(913)795-2074, PO Box 10," Mound City, KS 66056 ",
Moundridge Comm. Chamber of Commerce ,,,(620)345-6300, PO Box 312," Moundridge, KS 67107 ",
Mulvane Chamber of Commerce ,,,(316)777-4850, PO Box 67," Mulvane, KS 67110 ",
Neodesha Chamber ofCommerce ,,www.neodesha.com,(620)325-2055," First & Main, P.O. Box 266 "," Neodesha, KS 66757 ",
Ness City Chamber of Commerce ,,,(785)798-2413," 102 W Main, P.O. Box 262 "," Ness City, KS 67560 ",
Nickerson Chamber of Commerce ,,,(620)422-3256, PO Box 3," Nickerson, KS 67561 ",
Norton Area Chamber of Commerce ,,john@miltechmachine.net,(785)877-2501, 205 S State St," Norton, KS 67654 ",
Oakley Area Chamber of Commerce ,,www.discoveroakley.com/chamber,(785)672-4862, 404 East Front St," Oakley, KS 67748 ",
Onaga Area Chamber of Commerce ,,www.onagakansas.org,(785)889-4211, PO Box 278," Onaga, KS 66521 ",
Osage City Chamber of Commerce ,,www.osagecity.com,(785)528-8177, PO Box 56," Osage City, KS 66523 ",
Osawatomie Chamber of Commerce ,,www.osawatomiechamber.org,(913)755-4114," 526 Main St., P.O. Box 338 "," Osawatomie, KS 66064 ",
Osborne Area Chamber of Commerce ,,skyways.lib.ks.us/kansas/towns/osborne/,, 130 N First St.," Osborne, KS 67473 ",
Oswego Chamber of Commerce & Visitors Center ,,,(620)795-2600, 515 Commercial," Oswego, KS 67356 ",
Oxford Chamber of Commerce ,,www.oxfordks.org,(620)455-3359, 115 S Sumner St," Oxford, KS 67119 ",
Park City Chamber of Commerce ,,www.parkcityks.com,(316)744-2026, 6110 N Hydraulic St," Wichita, KS 67219 ",
Phillipsburg Area Chamber of Commerce ,,www.skyways.lib.ks.us/towns/Phillipsburg,(785)543-2321, 205 Main St," Phillipsburg, KS 67661 ",
Pleasanton Chamber of Commerce ,,www.linncountyks.com,(913)352-8257," PO Box 478, P.O. Box 153 "," Pleasanton, KS 66075 ",
Quinter Chamber of Commerce ,,www.discoverquinter.com,(785)754-3538, PO Box 35," Quinter, KS 67752 ",
Richmond Chamber of Commerce ,,,(785)835-6125, PO Box 267," Richmond, KS 66080 ",
Rose Hill Chamber of Commerce ,,,(316)776-2712, PO Box 375," Rose Hill, KS 67133 ",
Sabetha Chamber of Commerce ,,,(785)285-2139, 805 Main St," Sabetha, KS 66534 ",
Saint Marys Chamberof Commerce ,,,(785)437-2077, PO Box 3," Saint Marys, KS 66536 ",
Sedan Area Chamber of Commerce ,,,(620)725-4033, PO Box 182," Sedan, KS 67361 ",
Seneca Chamber of Commerce ,,www.seneca-kansas.com,(785)336-2294," 523 Main St., P.O. Box 135 "," Seneca, KS 66538 ",
Smith Center Chamber of Commerce ,,skyways.lib.ks.us/towns/SmithCenter,(785)282-3895, 219 S Main," Smith Center, KS 66967 ",
Stafford County Economic Development ,,,(620)549-3208, 210 East Third St," Saint John, KS 67576 ",
Stanton County Chamber of Commerce ,,,(620)492-6606, PO Box 9," Johnson, KS 67855 ",
Sterling Chamber ofCommerce ,,,(620)278-3360, PO Box 56," Sterling, KS 67579 ",
Sublette Chamber of Commerce ,,,(620)675-2326, PO Box 98," Sublette, KS 67877 ",
Sumter Chamber of Commerce ,,,(620)443-5550, PO Box 459," Americus, KS 66835 ",
Syracuse-hamilton County Chamber of Commerce ,,www.syracusekschamber.com,, PO Box 678," Syracuse, KS 67878 ",
Tonganoxie Chamber of Commerce ,,www.tonganoxiechamber.org,(913)845-9244, 330 S Delaware St," Tonganoxie, KS 66086 ",
Trego County Chamber ofCommerce ,,www.tregocountyks.com,(785)743-2225," 117 N Main, B "," Wa Keeney, KS 67672 ",
Tri-County Area Chamber of Commerce ,,,(785)258-2115, 106 N Broadway," Herington, KS 67449 ",
Valley Center Chamber of Commerce ,,,(316)755-7340," 214 W Main St., P.O. Box 382 "," Valley Center, KS 67147 ",
Valley Falls Chamber of Commerce ,,,(785)945-3245," 317 Broadway, P.O. Box 162 "," Valley Falls, KS 66088 ",
Waterville Chamber of Commerce ,,,(785)363-2515, PO Box 7," Waterville, KS 66548 ",
Wellsville Chamber of Commerce ,,www.wellsvillechamber.org,(785)883-2296, PO Box 472," Wellsville, KS 66092 ",
Woodson County Chamber of Commerce ,,www.woodsoncountychamber.com,(620)625-3235, 110 N Main St," Yates Center, KS 66783 ",
