Albert Lea-Freeborn County Chamber of Commerce ,U.S. Chamber Member,www.albertlea.org,(507)373-3938, 132 North Broadway," Albert Lea, MN 56007 ",4 / 5
Apple Valley Chamber of Commerce ,U.S. Chamber Member,www.applevalleychamber.com,(952)432-8422," 14800 Galaxie Ave, Suite 101 "," Apple Valley, MN 55124 ",
Austin Area Chamber of Commerce ,U.S. Chamber Member,www.austincoc.com,(507)437-4561," 329 North Main St, Suite 102 "," Austin, MN 55912 ",
Bemidji Area Chamber of Commerce ,U.S. Chamber Member,www.bemidji.org/,(218)444-3541, 300 Bemidji Ave," Bemidji, MN 56601 ",
Brainerd Lakes Chamber of Commerce ,U.S. Chamber Member,www.explorebrainerdlakes.com,(218)829-2838, 224 West Washington St," Brainerd, MN 56401 ",
Burnsville Chamber of Commerce ,U.S. Chamber Member,www.burnsvillechamber.com,(952)435-6000," 350 West Burnsville Pkwy, Suite 425 "," Burnsville, MN 55337 ",
Duluth Area Chamber of Commerce ,U.S. Chamber Member,www.duluthchamber.com,218-740-3751," 5 West First St, Suite 101 "," Duluth, MN 55802 ",
Fairmont Area Chamber of Commerce ,U.S. Chamber Member,www.fairmont.org,(507)235-5547, PO Box 826," Fairmont, MN 56031 ",
Fergus Falls Area Chamber of Commerce ,U.S. Chamber Member,www.fergusfalls.com,(218)736-6951, 202 South Court St," Fergus Falls, MN 56537 ",
Grand Rapids Area Chamber of Commerce ,U.S. Chamber Member,www.grandmn.com,(218)326-6619, 1 NW Third St," Grand Rapids, MN 55744 ",
Greater Stillwater Chamber of Commerce ,U.S. Chamber Member,www.ilovestillwater.com,(651)439-4001," 200 Chestnut Street East, #204, Chestnut Street Building "," Stillwater, MN 55082 ",
Hastings Chamber of Commerce ,U.S. Chamber Member,www.hastingsmn.org,(651)437-6775," 314 Vermillion St, Ste 100 "," Hastings, MN 55033 ",
Hutchinson Chamber of Commerce ,U.S. Chamber Member,www.explorehutchinson.com,(320)587-5252, 2 Main Street South," Hutchinson, MN 55350 ",
International Falls Area Chamber of Commerce ,U.S. Chamber Member,www.intlfalls.org,(218)283-9400, 301 2nd Ave," International Falls, MN 56649 ",
Jackson Area Chamber of Commerce ,U.S. Chamber Member,www.jacksonmn.com,(507)847-3867, 114 3rd St," Jackson, MN 56143 ",
Lanesboro Area Chamber of Commerce ,U.S. Chamber Member,www.lanesboro.com,(507)467-2696, PO Box 348," Lanesboro, MN 55949 ",
Laurentian Chamber of Commerce ,U.S. Chamber Member,www.laurentianchamber.org,(218)741-2717," 704 North 6th Ave, Suite B"," Virginia, MN 55792 ",
Leech Lake Area Chamber of Commerce ,U.S. Chamber Member,www.leech-lake.com,(218)547-1313, 205 Minnesota Avenue West," Walker, MN 56484 ",
Marshall Area Chamber of Commerce ,U.S. Chamber Member,www.marshall-mn.org,(507)532-4484, 118 W College Dr," Marshall, MN 56258 ",
Minnesota Chamber of Commerce ,U.S. Chamber Member,www.mnchamber.com,(651)292-4650," 400 North Robert St, Suite 1500 "," Saint Paul, MN 55101 ",
North Hennepin Area Chamber of Commerce ,U.S. Chamber Member,www.nhachamber.com,(763)424-6744, 229 1st Avenue NE," Osseo, MN 55369 ",
Northern Minnesota Chamber Of Commerce ,U.S. Chamber Member,www.northernmnchamber.com,(218)851-3875," 5411 Lakers Lane, Ste 202"," Nisswa, MN 56468 ",
Northfield Area Chamber of Commerce ,U.S. Chamber Member,www.northfieldchamber.com,(507)645-5604, 19 Bridge Sq," Northfield, MN 55057 ",
Owatonna Area Chamber of Commerce and Tourism ,U.S. Chamber Member,www.owatonna.org,(507)451-7970, 320 Hoffman Dr," Owatonna, MN 55060 ",5 / 5
Richfield Chamber of Commerce ,U.S. Chamber Member,richfieldmnchamber.org/,(612)866-5100," 2 Meridian Crossing, Ste 420 "," Minneapolis, MN 55423 ",
River Heights Chamber of Commerce ,U.S. Chamber Member,www.riverheights.com,(651)451-2266, 5782 Blackshire Path," Inver Grove Heights, MN 55077 ",
Rochester Area Chamber of Commerce ,U.S. Chamber Member,www.rochestermnchamber.com,(507)288-1122," 220 South Broadway, #100"," Rochester, MN 55904 ",
Shakopee Chamber of Commerce ,U.S. Chamber Member,www.shakopee.org,(952)445-1660, 1801 East County Road 101," Shakopee, MN 55379 ",
St. Cloud Area Chamber of Commerce ,U.S. Chamber Member,www.stcloudareachamber.com,(320)656-3804, 110 Sixth Avenue South," Saint Cloud, MN 56301 ",5 / 5
TwinWest Chamber of Commerce ,U.S. Chamber Member,www.twinwest.com,(763)450-2220," 1600 Utica Ave. S, 9th Floor "," Minneapolis, MN 55416 ",
Waconia Chamber of Commerce ,U.S. Chamber Member,www.waconiachamber.org,(952)442-5812, 209 S Vine St," Waconia, MN 55387 ",
Willmar Lakes Area Chamber of Commerce ,U.S. Chamber Member,www.willmarareachamber.com,(320)235-0300, 2104 Highway 12 E," Willmar, MN 56201 ",
Winona Area Chamber of Commerce ,U.S. Chamber Member,www.winonachamber.com,(507)452-2272, PO Box 870," Winona, MN 55987 ",
Worthington Area Chamber of Commerce ,U.S. Chamber Member,www.worthingtonmnchamber.com,(507)372-2919, 1121 3rd Ave," Worthington, MN 56187 ",
Faribault Area Chamber of Commerce ,,www.faribaultmn.org/,(507)334-4381, 530 Wilson Ave," Faribault, MN 55021 ",
Alexandria Lakes Area Chamber of Commerce ,,www.alexandriamn.org,(320)763-3161, 206 North Broadway," Alexandria, MN 56308 ",
Anoka Area Chamber of Commerce ,,www.anokaareachamber.com,(763)421-7130, 12 Bridge Sq," Anoka, MN 55303 ",
Baudette-Lake of the Woods Area Chamber ,,www.lakeofthewoodsmn.com/,(218)634-1174, 930 West Main," Baudette, MN 56623 ",
Bloomington Chamber of Commerce ,,www.minneapolischamber.org/chamber_bloomington.php,(612)370-9124," 9633 Lyndale Ave, Suite 200 "," Minneapolis, MN 55420 ",
Blue Earth Area Chamber of Commerce ,,www.blueearthchamber.com/,(507)526-2916, 113 South Nicollet St," Blue Earth, MN 56013 ",
Cloquet Area Chamber of Commerce ,,www.cloquet.com,(218)879-1551, 225 Sunnyside Dr," Cloquet, MN 55720 ",
Cook County Chamber of Commerce ,,,(708)531-1117, PO Box 805," Grand Marais, MN 55604 ",
Dakota County Regional Chamber of Commerce ,,www.dcrchamber.com/,(651)288-9201," 3352 Sherman Ct, Ste 201 "," Saint Paul, MN 55121 ",
Detroit Lakes Regional Chamber of Commerce ,,www.visitdetroitlakes.com,(218)847-9202, PO Box 348," Detroit Lakes, MN 56502 ",
Eden Prairie Chamber of Commerce ,,www.epchamber.org,(952)944-2830," 11455 Viking Dr, # 270"," Eden Prairie, MN 55344 ",
Edina Chamber of Commerce ,,www.edina.org,(952)806-9060," 3300 Edinborough Way, Suite 150 "," Edina, MN 55435 ",
Elk River Area Chamber of Commerce ,,www.elkriverchamber.org,(763)441-3110, 509 Highway 10," Elk River, MN 55330 ",
Forest Lake Area Chamber of Commerce ,,www.flacc.org,(651)464-3200," 568 South Lake St, The State Farm Building "," Forest Lake, MN 55025 ",
Glencoe Area Chamber of Commerce ,,www.glencoemn.org,(320)864-3650," 1107 11th Street East, Suite 104 "," Glencoe, MN 55336 ",
I-94 West Chamber of Commerce ,,www.i94westchamber.org,(763)428-2921, 21370 John Milless Dr," Rogers, MN 55374 ",
Lake Minnetonka Area Chamber of Commerce ,,www.excelsior-lakeminnetonkachamber.com/,(952)474-6461, 37 Water St," Excelsior, MN 55331 ",
Little Falls Chamber of Commerce ,,www.littlefallsmnchamber.com,(320)632-5155, 200 1st Street NW," Little Falls, MN 56345 ",
Luverne Area Chamber of Commerce ,,www.luvernechamber.com/,(507)283-4061, 213 East Luverne St," Luverne, MN 56156 ",
MetroNorth Chamber of Commerce ,,www.metronorthchamber.org,(763)783-3553," 9380 Central Avenue NE, Suite 320 "," Blaine, MN 55434 ",
Midway Chamber of Commerce ,,www.midwaychamber.com,(651)646-2636," 1600 University Avenue West, Suite 305 "," Saint Paul, MN 55104 ",
Monticello Chamber of Commerce & Industry ,,www.monticellocci.com,(763)295-2700, PO Box 192," Monticello, MN 55362 ",
North 65 Chamber of Commerce ,,www.cambridge-chamber.com,(763)689-2505," 2 Enterprise Ave NE, Ste C4 "," Isanti, MN 55040 ",
Perham Area Chamber of Commerce ,,www.perham.com,(218)346-7710, 185 East Main St," Perham, MN 56573 ",
Red Wing Area Chamber of Commerce ,,www.redwingchamber.com,(651)388-4719, 439 Main St," Red Wing, MN 55066 ",
Redwood Area Chamber & Tourism ,,www.redwoodfalls.org,(507)637-2828, 200 South Mill St.," Redwood Falls, MN 56283 ",
Saint Paul Area Chamber of Commerce ,,www.saintpaulchamber.com,(651)265-2771," 401 North Robert St, Suite 150 "," Saint Paul, MN 55101 ",
SouthWest Metro Chamber of Commerce ,,www.swmetrochamber.com/,(952)474-3233," 600 Market St, Suite 200 "," Chanhassen, MN 55317 ",
St. Peter Area Chamber of Commerce ,,www.stpeterchamber.com,(507)934-3400, 101 South Front St," Saint Peter, MN 56082 ",
Thief River Falls Chamber of Commerce ,,www.trfchamber.com,(218)681-3720, 102 Main Avenue North," Thief River Falls, MN 56701 ",
Twin Cities North Chamber of Commerce ,,www.twincitiesnorth.org,(763)571-9781," 1835 County Road C W, Ste 22 "," Saint Paul, MN 55113 ",
Waseca Area Chamber of Commerce ,,www.wasecamn.info/,(507)835-3260, 112 North State St," Waseca, MN 56093 ",
Wayzata Area Chamber of Commerce ,,www.wayzatachamber.com,(952)473-9595, 402 East Lake St," Wayzata, MN 55391 ",
White Bear Area Chamber of Commerce ,,www.whitebearchamber.com,(651)429-8593," 4738 Bald Eagle Ave, Suite A "," White Bear Lake, MN 55110 ",
Windom Chamber of Commerce ,,www.winwacc.com,(507)831-2752, 303 9th St," Windom, MN 56101 ",
Winthrop Chamber of Commerce ,,www.winthropminnesota.com,(507)647-2627, PO Box 594," Winthrop, MN 55396 ",
Ada Chamber of Commerce ,,www.ci.ada.mn.us,(218)784-3542, PO Box 1," Ada, MN 56510 ",
Aitkin Area Chamber of Commerce ,,www.aitkin.com,(218)927-2316, 16 2nd St. NW," Aitkin, MN 56431 ",
Annandale Chamber of Commerce ,,,(320)274-2474, PO Box 417," Annandale, MN 55302 ",
Appleton Area Chamber of Commerce ,,www.appletonmn.com,(320)289-1527, PO Box 98," Appleton, MN 56208 ",
Arlington Area Chamber of Commerce ,,,(507)964-2378, PO Box 835," Arlington, MN 55307 ",
Atwater Chamber of Commerce ,,,(320)974-8760, PO Box 59," Atwater, MN 56209 ",
Avon Area Chamber of Commerce ,,www.avonmnchamber.com,(320)217-4792, PO Box 293," Avon, MN 56310 ",
Battle Lake Civic &Commerce Association ,,www.battlelake-mn.com,(218)864-5889, PO Box 164," Battle Lake, MN 56515 ",
Becker Chamber of Commerce ,,www.beckerchamber.com,(763)261-2420," 12060 Serburne Ave, PO Box 313 "," Becker, MN 55308 ",
Belle Plaine Chamber of Commerce ,,www.belleplainemn.com,(952)873-4295, 204 N Meridian St," Belle Plaine, MN 56011 ",
Benson Area Chamber of Commerce ,,www.coc.bensonmn.com,(320)843-3618, 203 14th St. S," Benson, MN 56215 ",
Big Lake Chamber of Commerce ,,www.biglakechamber.com,(763)263-7800," 160 N Lake St., P.O. Box 241 "," Big Lake, MN 55309 ",
Big Stone Lake Area Chamber of Commerce ,,www.bigstonelake.com,(320)839-3284, 987 U.S 12," Ortonville, MN 56278 ",
Blooming Prairie Chamber of Commerce ,,,(507)583-4472," 138 Hwy. 218 S, P.O. Box 805 "," Blooming Prairie, MN 55917 ",
Buffalo Area Chamber of Commerce ,,,(763)682-4902, 9 Central Ave.," Buffalo, MN 55313 ",
Caledonia Area Chamber of Commerce ,,,(507)724-3475, Box 62," Caledonia, MN 55921 ",
Canby Area Chamber of Commerce ,,,(507)223-7775, PO Box 115," Canby, MN 56220 ",
Cannon Falls Area Chamber of Commerce ,,www.cannonfalls.org,(507)263-2289," 103 N 4th St., P.O. Box 2 "," Cannon Falls, MN 55009 ",
Cass Lake Chamber of Commerce ,,www.casslake.com,, PO Box 548," Cass Lake, MN 56633 ",
Cass Lake Civic & Commerce Association ,,www.casslake.com,, PO Box 548," Cass Lake, MN 56633 ",
Chisago Lakes Area Chamber of Commerce ,,www.chisagolakeschamber.com,(651)257-1177, 30525 Linden Avenue," Lindstrom, MN 55045 ",
Chisholm Area Chamber of Commerce ,,www.chisholmmnchamber.com,(218)254-7930, 221 West Lake St," Chisholm, MN 55719 ",
Claremont Area Chamber of Commerce ,,www.claremontmn.com,(507)475-8272, PO Box 236," Claremont, MN 55924 ",
Cokato Chamber of Commerce ,,,," 255 Broadway Ave., P.O. Box 819 "," Cokato, MN 55321 ",
Cold Spring Area Chamber of Commerce ,,,(320)685-4186," 312 1st St. N, P.O. Box 328 "," Cold Spring, MN 56320 ",
Cook Area Chamber of Commerce ,,,(218)387-2079, PO Box 805," Cook, MN 55723 ",
Cottage Grove Area Chamber of Commerce ,,www.sowashco.k12.mn.us/cgcc/,(541)942-2411," 8617 W Point Douglas Rd S, Ste 150 "," Cottage Grove, MN 55016 ",
Cuyuna Range Chamber of Commerce ,,www.cuyunarange.net,(218)546-8131, PO Box 23," Crosby, MN 56441 ",
Dawson Area Chamberof Commerce ,,www.dawsonchamber.com,(320)769-2981, PO Box 382," Dawson, MN 56232 ",
Delano Area Chamberof Commerce ,,www.delanochamber.com,(763)972-6756," 265 N River St., P.O. Box 27 "," Delano, MN 55328 ",
Eden Valley Chamber of Commerce ,,,(320)453-2695, 715 Douglas Dr," Eden Valley, MN 55329 ",
Elbow Lake Chamber of Commerce ,,elbowlakechamber.com/,(218)685-5380," 115 Central Ave N, PO Box 1083 "," Elbow Lake, MN 56531 ",
Ely Chamber of Commerce ,,www.ely.org,(218)365-6123, 1600 East Sheridan St.," Ely, MN 55731 ",
Elysian Area Chamber of Commerce ,,www.elysianmn.com,(507)267-4708, PO Box 95," Elysian, MN 56028 ",
Eveleth Area Chamber of Commerce ,,www.evelethchamber.org,," 403 1st Street N, Side "," Virginia, MN 55792 ",
Fairfax Civic & Commerce ,,,(507)426-7255, PO Box 114," Fairfax, MN 55332 ",
Glenwood Area Chamber of Commerce ,,www.glenwood-starbuck.org,(320)634-3636, 7 First Street NW," Glenwood, MN 56334 ",
Grand Marais Chamber of Commerce ,,www.grandmaraismn.com,(888)922-5000," 13 N Broadway, P.O. Box 1048 "," Grand Marais, MN 55604 ",
Granite Falls Area Chamber of Commerce ,,www.granitefallschamber.com,(320)564-4039, 807 Prentice St," Granite Falls, MN 56241 ",
Greater Milaca AreaChamber of Commerce ,,milacachamber.com/,(320)983-3140," 1205 Central Ave. N, P.O. Box 155 "," Milaca, MN 56353 ",
Greater Zimmerman Area Chamber of Commerce ,,www.zimmermanchamber.com,(763)856-4404," 12980 Fremont Avenue, Ste C "," Zimmerman, MN 55398 ",
Hackensack Chamber of Commerce ,,hackensackchamber.com,(800)279-6932, PO Box 373," Hackensack, MN 56452 ",
Ham Lake Area Chamber of Commerce ,,,(763)434-3011," 15544 Central Avenue NE, 500 "," Ham Lake, MN 55304 ",
Hermantown Area Chamber Of Commerce ,,,(218)729-6843," 5094 Miller Trunk Hwy, Ste 600 "," Hermantown, MN 55811 ",
Hibbing Area Chamber of Commerce ,,www.hibbing.org,(218)262-3895, 211 E Howard St.," Hibbing, MN 55746 ",
Hinckley Area Chamber of Commerce ,,www.hinckleychamber.com,(320)384-7837, PO Box 189," Hinckley, MN 55037 ",
Houston Chamber of Commerce ,,www.houstonmnchamber.com,(507)896-4668, PO Box 3," Houston, MN 55943 ",
Hoyt Lakes Chamber of Commerce ,,www.hoytlakes.com,(800)244-4802, PO Box 429," Hoyt Lakes, MN 55750 ",
Isanti Area Chamberof Commerce ,,,(763)444-8515," 121 West Main St, #POBox203"," Isanti, MN 55040 ",
Janesville Chamber of Commerce ,,janesville.govoffice.com,(507)234-5110, PO Box O," Janesville, MN 56048 ",
Jordan Area Chamberof Commerce ,,www.jordanchamber.org,(952)492-2355, PO Box 102," Jordan, MN 55352 ",
Kasson Chamber of Commerce ,,www.kassonchamber.org,(507)634-4980, PO Box 326," Kasson, MN 55944 ",
Kimball Chamber of Commerce ,,www.kimballareachamber.com,(320)398-8211, PO Box 214," Kimball, MN 55353 ",
Lake Benton Area Chamber of Commerce & CVB ,,www.itctel.com/~lbenton,(507)368-9577," 102 S Center St., P.O. Box 205 "," Lake Benton, MN 56149 ",
Lake County Chamber of Commerce ,,www.elcchamber.com,(218)226-4870, PO Box 26," Silver Bay, MN 55614 ",
Lake Crystal Area Chamber of Commerce ,,,(507)726-6088," 133 S Main St., P.O. Box 27 "," Lake Crystal, MN 56055 ",
Lake Lillian Civic & Commerce ,,,(320)664-4111, PO Box 205," Lake Lillian, MN 56253 ",
Lake Vermilion AreaChamber of Commerce ,,www.lakevermilionchamber.com,(218)753-2301, Box 776," Tower, MN 55790 ",
Latino Chamber of Commerce Of Mn ,,latinochambermn.com/,(612)370-9137," 81 S 9th St, Suite 200 "," Minneapolis, MN 55407 ",
Le Center Area Chamber of Commerce ,,,(507)357-6737," 10 W Tyrone St., P.O. Box 54 "," Le Center, MN 56057 ",
Le Sueur Area Chamber of Commerce ,,www.lesueurchamber.org,(507)665-2501, 500 N Main St.," Le Sueur, MN 56058 ",
Lewiston Chamber of Commerce ,,www.lewistonmn.org,(507)796-6626, PO Box 423," Lewiston, MN 55952 ",
Litchfield Chamber of Commerce ,,www.litch.com,(320)693-8184, 219 Sibley Ave. N," Litchfield, MN 55355 ",
Littlefork Chamber of Commerce ,,www.littlefork.org,, PO Box 131," Littlefork, MN 56653 ",
Long Lake Chamber of Commerce ,,,(952)473-1329, PO Box 662," Long Lake, MN 55356 ",
Long Prairie Area Chamber of Commerce ,,,(320)732-2514, 42 North 3rd St," Long Prairie, MN 56347 ",
Longville Lakes Area Chamber of Commerce ,,,(218)363-2630, PO Box 33," Longville, MN 56655 ",
Lonsdale Area Chamber of Commerce ,,www.lonsdalechamber.com,(507)744-4962," 102 Main Street North, #2, P.O. Box 37 "," Lonsdale, MN 55046 ",
Madelia Area Chamber of Commerce ,,www.madeliamn.com,(507)642-8822, 127 West Main St," Madelia, MN 56062 ",
Madison Area Chamber of Commerce ,,,(320)598-7301," 623 W 3rd St., P.O. Box 70 "," Madison, MN 56256 ",
Mahnomen County Chamber of Commerce ,,,(218)935-2573, PO Box 36," Mahnomen, MN 56557 ",
Mapleton Area Chamber of Commerce ,,www.mapletonchamber.com,(507)524-4756, PO Box 288," Mapleton, MN 56065 ",
McGregor Area Chamber of Commerce ,,www.mcgregormn.com,(877)768-3692," 94 North Maddy St., P.O. Box 68 "," McGregor, MN 55760 ",
Melrose Area Chamber of Commerce ,,www.melrosemn.org,(320)256-7174," 223 E Main St., P.O. Box 214 "," Melrose, MN 56352 ",
Milaca Area Chamber of Commerce ,,www.cityofmilaca.org,(320)983-3140, 255 1st St E," Milaca, MN 56353 ",
Minneapolis Regional Chamber of Commerce ,,www.minneapolischamber.org,(612)370-9155," 81 S 9th St., 200 "," Minneapolis, MN 55402 ",
Minneota Area Chamber of Commerce ,,,(507)872-6790, PO Box 413," Minneota, MN 56264 ",
Montevideo Area Chamber of Commerce ,,www.montechamber.com,(320)269-5527," 321 South St, Ste 100 "," Montevideo, MN 56265 ",
Montrose-waverly Chamber of Commerce ,,www.montrosewaverlychamber.com,(612)508-6474, PO Box 421," Montrose, MN 55363 ",
Moose Lake Area Chamber of Commerce ,,www.mooselake-mn.com,(218)485-4145, 4524 South Arrowhead Ln," Moose Lake, MN 55767 ",
Mora Area Chamber of Commerce ,,www.moramn.com,(320)679-5792, 1480 Moraga Rd," Mora, MN 55051 ",
Morris Area Chamberof Commerce & Ag. ,,www.morrismnchamber.org,(320)589-1242, 507 Atlantic Ave.," Morris, MN 56267 ",
Morton Area Chamber of Commerce & Tourism Bur. ,,www.mortonmnchamber.com,(507)697-6912, PO Box 127," Morton, MN 56270 ",
Mountain Lake Chamber of Commerce ,,www.mountainlakemn.com,(507)427-2999, 930 3rd Avenue," Mountain Lake, MN 56159 ",
Nashwauk Area Chamber of Commerce ,,www.nashwaukchamber.com,(218)969-1234, PO Box 156," Nashwauk, MN 55769 ",
Nashwauk Chamber ofCommerce ,,,(218)885-2100, PO Box 156," Nashwauk, MN 55769 ",
New London Chamber of Commerce ,,,, PO Box 403," New London, MN 56273 ",
New Prague Chamber of Commerce ,,www.newprague.com,(952)758-4360," 101 E Main St., P.O. Box 191 "," New Prague, MN 56071 ",
New York Mills Civic & Commerce Association ,,,(218)385-2436, PO Box 176," New York Mills, MN 56567 ",
Nisswa Chamber of Commerce ,,www.nisswa.com,(218)963-2620, 25532 Main St.," Nisswa, MN 56468 ",
North Branch Area Chamber of Commerce ,,northbranchchamber.com,(651)674-4077, 6063 Main St.," North Branch, MN 55056 ",
Northeast Minneapolis Chamber of Commerce ,,www.minneapolischamber.org,(612)378-0050, 2329 Central Avenue NE," Minneapolis, MN 55418 ",
Northwest Angle & Island Chamber of Commerce ,,www.lakeofthewoodsresorts.com,(218)223-4611, PO Box 11," Oak Island, MN 56741 ",
Norwood Young America Chamber of Commerce ,,www.nyachamber.org,(952)200-8431, PO Box 292," Norwood, MN 55368 ",
Olivia Chamber of Commerce ,,www.olivia.mn.us,(320)523-1350, PO Box 37," Olivia, MN 56277 ",
Orr Chamber of Commerce ,,www.orrchamber.com,, PO Box 64," Orr, MN 55771 ",
Osakis Chamber of Commerce ,,visitosakis.com,(320)859-3777, PO Box 327," Osakis, MN 56360 ",
Park Rapids Area Chamber of Commerce ,,www.parkrapids.com,(218)732-4111, 1204 Park Avenue S," Park Rapids, MN 56470 ",
Paynesville Area Chamber of Commerce ,,,(320)243-3233, 220 Washburne Ave," Paynesville, MN 56362 ",
Pelican Rapids Chamber of Commerce ,,www.pelicanrapidschamber.com,(218)863-4606, PO Box 206," Pelican Rapids, MN 56572 ",
Pine City Area Chamber of Commerce ,,,(320)629-3861, 610 2nd St. SW," Pine City, MN 55063 ",
Pine Island Area Chamber of Commerce ,,www.pineislandmnchamber.com,(507)356-8537, PO Box 441," Pine Island, MN 55963 ",
Pine River Chamber of Commerce ,,www.pinerivermn.com,(218)587-4000, PO Box 131," Pine River, MN 56474 ",
Pipestone Area Chamber of Commerce ,,www.pipestoneminnesota.com,(507)825-3316," 117 8th Ave. SE, P.O. Box 8 "," Pipestone, MN 56164 ",
Princeton Chamber of Commerce ,,www.princetonmnchamber.org,(763)389-1764, 705 2nd St. N," Princeton, MN 55371 ",
Prior Lake Area Chamber of Commerce ,,,(952)440-1000, PO Box 114," Prior Lake, MN 55372 ",
Proctor Area Chamber of Commerce ,,www.proctorchamber.com,(218)206-7880, PO Box 1016," Duluth, MN 55810 ",
Proctor Area Chamber of Commerce ,,,(218)628-0345, PO Box 1016," Proctor, MN 55810 ",
Raymond Civic & Commerce ,,,(320)967-4439, PO Box 353," Raymond, MN 56282 ",
Remer Area Chamber of Commerce ,,www.remerchamber.com,(218)566-1680, PO Box 101," Remer, MN 56672 ",
Rice Chamber of Commerce ,,www.riceareachamber.com,(320)393-7423, PO Box 22," Rice, MN 56367 ",
Richmond Civic & Commerce ,,,(320)597-2135, PO Box 355," Richmond, MN 56368 ",
Robbinsdale Chamber of Commerce ,,robbinsdalechamber.com/?page_id=34,(763)531-1279, PO Box 22646," Minneapolis, MN 55422 ",
Robbinsdale Chamberof Commerce ,,,(763)588-1262, PO Box 22646," Robbinsdale, MN 55422 ",
Roseau Civic & Commerce ,,www.city.roseau.mn.us,(218)463-1184, PO Box 304," Roseau, MN 56751 ",
Rush City Area Chamber of Commerce ,,www.rushcitychamber.com,, PO Box 713," Rush City, MN 55069 ",
Rush City Chamber of Commerce ,,www.rushcitychamber.com,(361)522-7419, PO Box 713," Rush City, MN 55069 ",
Rushford Peterson Valley Chamber of Commerce ,,www.rushfordchamber.com,(507)864-3338, PO Box 338," Rushford, MN 55971 ",
Saint Anthony Area Chamber of Commerce ,,www.saintanthonychamber.org,(612)782-3301, 3301 Silver Lake Road NE," Minneapolis, MN 55418 ",
Saint James Area Chamber of Commerce ,,www.stjamesmn.org,(507)375-1289," 516 1st Ave S, P.O. Box 346 "," Saint James, MN 56081 ",
Saint Joseph Chamber of Commerce ,,,, PO Box 696," Saint Joseph, MN 56374 ",
Sandstone Chamber of Commerce ,,www.ci.sandstone.mn.us,(320)245-2271, PO Box 23," Sandstone, MN 55072 ",
Sauk Centre Area Chamber of Commerce ,,www.saukcentrechamber.com,(320)352-5201," 308 Oak St, P.O. Box 222 "," Sauk Centre, MN 56378 ",
Savage Chamber of Commerce ,,www.savagechamber.com,(952)894-8876, 6050 McColl Dr," Savage, MN 55378 ",
Sherburn Area Civic& Commerce Org. ,,,(507)764-4491," 329 Fox Lake Ave., 4 "," Sherburn, MN 56171 ",
Slayton Area Chamber of Commerce ,,,(507)836-6902, 2438 26th St.," Slayton, MN 56172 ",
Spring Valley Area Chamber of Commerce ,,,(507)346-1015, PO Box 13," Spring Valley, MN 55975 ",
Springfield Area Chamber of Commerce ,,www.springfieldmn.org,(507)723-3508, PO Box 134," Springfield, MN 56087 ",
Starbuck Chamber of Commerce ,,www.starbuckmn.org,(320)239-4220, PO Box 234," Starbuck, MN 56381 ",
Stewartville Chamber of Commerce ,,www.stewartvillechamber.com,(507)533-6006," 200 S Main, P.O. Box 52 "," Stewartville, MN 55976 ",
Tracy Area Chamber of Commerce ,,,(507)629-4021," 372 Morgan, Prairie Pavilion "," Tracy, MN 56175 ",
Two Harbors Area Chamber of Commerce ,,www.twoharbors.com/chamber,(218)834-2600, 1330 Hwy 61," Two Harbors, MN 55616 ",
Wadena Area Chamber of Commerce ,,www.wadena.org,(218)632-7704, 5 Aldrich Avenue SE," Wadena, MN 56482 ",
Warren Chamber of Commerce ,,,(218)745-4411, PO Box 122," Warren, MN 56762 ",
Warroad Area Chamber of Commerce ,,www.warroad.org,(218)386-3543," 201 Lake St NE, Suites G & E "," Warroad, MN 56763 ",
Watertown Chamber of Commerce ,,www.watertownareachamber.com/,(952)955-5175, PO Box 994," Watertown, MN 55388 ",
Waterville Area Chamber of Commerce ,,,(507)461-9490, PO Box 184," Waterville, MN 56096 ",
Wells Area Chamber of Commerce ,,www.wellsareachamber.com,(507)553-6450," 53 1st St, #100, P.O. Box 134 "," Wells, MN 56097 ",
West Hennepin Chamber of Commerce ,,www.whcc-mn.org,, PO Box 363," Maple Plain, MN 55359 ",
Wheaton Area Chamber of Commerce ,,,(320)563-8255, PO Box 493," Wheaton, MN 56296 ",
Winnebago Chamber of Commerce ,,www.winnebago.govoffice.com,(507)893-4600, PO Box 516," Winnebago, MN 56098 ",
Winsted Area Chamber of Commerce ,,www.winstedchamber.com,(320)485-2366, PO Box 352," Winsted, MN 55395 ",
Winsted Civic & Commerce Association ,,,(320)485-2216, PO Box 352," Winsted, MN 55395 ",
Woodbury Area Chamber of Commerce ,,www.woodburychamber.org,(651)578-7702," 700 Commerce Dr, Suite 285 "," Woodbury, MN 55125 ",
Zumbrota Chamber ofCommerce ,,,(507)732-4282, PO Box 2," Zumbrota, MN 55992 ",
