African American Chamber of Commerce of New Jersey ,U.S. Chamber Member,www.aaccnj.com,(609)571-1620, 379 West State St," Trenton, NJ 08618 ",
Bayonne Chamber of Commerce ,U.S. Chamber Member,www.bayonnechamber.org,(201)436-4333," PO Box 266, 166-168 Broadway "," Bayonne, NJ 07002 ",
Bridgeton Area Chamber of Commerce ,U.S. Chamber Member,www.baccnj.com,(856)455-1312, PO Box 1063," Bridgeton, NJ 08302 ",
Burlington County Chamber of Commerce ,U.S. Chamber Member,www.bccoc.com,(856)439-2520," 520 Fellowship Rd, Suite E502 "," Mount Laurel, NJ 08054 ",
Cape May County Chamber of Commerce ,U.S. Chamber Member,www.capemaycountychamber.com,(609)465-7181, 13 Crest Hevan Rd," Cape May Court House, NJ 08210 ",
Chamber of Commerce of Southern New Jersey ,U.S. Chamber Member,www.chambersnj.com,(856)424-7776," 220 Laurel Rd, Ste 203"," Voorhees, NJ 08043 ",
Edison Chamber of Commerce ,U.S. Chamber Member,www.edisonchamber.com,(732)738-9482, 939 Amboy Ave," Edison, NJ 08837 ",
Gateway Regional Chamber of Commerce ,U.S. Chamber Member,www.gatewaychamber.com,(908)352-0900, PO Box 300," Elizabeth, NJ 07207 ",
Gloucester County Chamber of Commerce ,U.S. Chamber Member,www.gloucestercountychamber.com,(856)881-6560, 205 Rowan Blvd," Glassboro, NJ 08028 ",
Greater Toms River Chamber of Commerce ,U.S. Chamber Member,www.tomsriverchamber.com,(732)349-0220," 1027 Hooper Ave, Building 1, 2nd Floor, Suite 5 "," Toms River, NJ 08753 ",
Greater Westfield Area Chamber of Commerce ,U.S. Chamber Member,www.westfieldchamber.com,(908)233-3021, 212 Lenox Ave," Westfield, NJ 07090 ",
Hudson County Chamber of Commerce ,U.S. Chamber Member,www.hudsonchamber.org,(201)386-0699," 2730 Harbor 5, 185 Hudson St., Ste. "," Jersey City, NJ 07311 ",
Mahwah Regional Chamber of Commerce ,U.S. Chamber Member,www.mahwah.com,(201)529-5566," 1 International Blvd, Suite 211 "," Mahwah, NJ 07495 ",
Montvale Chamber of Commerce ,U.S. Chamber Member,www.montvalechamber.com,(201)505-0843, 12 Mercedes Dr," Montvale, NJ 07645 ",
Morris County Chamber of Commerce ,U.S. Chamber Member,www.morrischamber.org,(973)539-3882," 325 Columbia Tpke, Suite 101 "," Florham Park, NJ 07932 ",
New Jersey Business & Industry Association ,U.S. Chamber Member,www.njbia.org,(609)393-7707, 10 West Lafayette St," Trenton, NJ 08608 ",
New Jersey Chamber of Commerce ,U.S. Chamber Member,www.njchamber.com,(609)989-7888, 216 West State St," Trenton, NJ 08608 ",
Newark Regional Business Partnership ,U.S. Chamber Member,www.rbp.org,(973)522-0099," 60 Park Pl, Ste 1800 "," Newark, NJ 07102 ",
Woodbridge Metropolitan Chamber of Commerce ,U.S. Chamber Member,www.woodbridgechamber.org,(732)636-4040, 91 Main St," Woodbridge, NJ 07095 ",
Somerset County Business Partnership ,,www.somersetbusinesspartnership.com,(908)218-4300," 360 Grove Street, Suite A "," Bridgewater, NJ 08807 ",
Brick Township Chamber of Commerce ,,www.brickchamber.com/,(732)477-4949," 270 Chambers Bridge Rd, Suite 6 "," Brick, NJ 08723 ",
Commerce & Industry Association of New Jersey ,,www.cianj.org,(201)368-2100, 61 South Paramus Rd," Paramus, NJ 07652 ",
Eastern Monmouth Area Chamber of Commerce ,,www.emacc.org,(732)741-0055," 8 Reckless Pl, Suite 1 "," Red Bank, NJ 07701 ",
Fair Lawn Chamber of Commerce ,,www.fairlawnchamber.org/,(201)796-7050, 12-45 River Rd," Fair Lawn, NJ 07410 ",
Fort Lee Regional Chamber of Commerce ,,www.fortleechamber.com,(201)944-7575, 210 Whiteman St," Fort Lee, NJ 07024 ",
Greater Atlantic City Chamber of Commerce ,,www.acchamber.com,(609)345-4524, 12 S Virginia Ave," Atlantic City, NJ 08401 ",
Greater Elizabeth Chamber of Commerce ,,www.elizabethchamber.com,(908)355-7600, 456 North Broad St," Elizabeth, NJ 07208 ",
Greater Hammonton Chamber of Commerce ,,www.hammontonnj.us/site/,(609)561-9080," 10 South Egg Harbor Rd, P.O. Box 554 "," Hammonton, NJ 08037 ",
Greater Long Branch Chamber of Commerce ,,www.longbranchchamber.org,(732)222-0400, PO Box 628," Long Branch, NJ 07740 ",
Greater Ocean Township Chamber of Commerce ,,www.gotcc.org,(732)660-1888, 163 Monmouth Rd," Oakhurst, NJ 07755 ",
Greater Paterson Chamber of Commerce ,,www.greaterpatersoncc.org,(973)881-7300," 100 Hamilton Plaza, Suite 1201 "," Paterson, NJ 07505 ",
Greater Pitman Chamber of Commerce ,,www.uptownpitman.com/gpcc,(856)582-3444, PO Box 45," Pitman, NJ 08071 ",
Greater River Dell Chamber of Commerce ,,www.greaterriverdellchamber.com,(201)483-6255, 800 Summit Ave," River Edge, NJ 07661 ",
Greater Vineland Chamber of Commerce ,,www.vinelandchamber.org,(856)691-7400, 2115 South Delsea Dr," Vineland, NJ 08360 ",
Greater Wildwood Chamber of Commerce ,,www.gwcoc.com,(609)729-4000, 3306 Pacific Ave," Wildwood, NJ 08260 ",
Greek American Chamber of Commerce ,,www.greekamericanchamber.com,(609)877-2000, 111 Wood Avenue South," Iselin, NJ 08830 ",
Hope Area Chamber of Commerce ,,www.hopeareachamber.com,(908)475-8322, PO Box 2," Hope, NJ 07844 ",
Hunterdon County Chamber of Commerce ,,www.hunterdon-chamber.org,(908)782-7115," 119 Main St, Ste 1 "," Flemington, NJ 08822 ",
Maplewood Chamber of Commerce ,,www.maplewoodchamber.org,(973)761-4333, PO Box 423," Maplewood, NJ 07040 ",
Metuchen Area Chamber of Commerce ,,www.metuchenchamber.com/,(732)548-2964," 323 Main St, Suite B "," Metuchen, NJ 08840 ",
Middlesex County Regional Chamber of Commerce ,,www.mcrcc.org,(732)745-8090, 109 Church St," New Brunswick, NJ 08901 ",
Millburn-Short Hills Chamber of Commerce ,,www.millburnshorthillschamber.com,(973)379-1198, PO Box 651," Millburn, NJ 07041 ",
Monmouth Regional Chamber of Commerce ,,www.monmouthregionalchamber.com,(732)462-3030," 10 East Main St, Suite 1A "," Freehold, NJ 07728 ",
Montville Township Chamber of Commerce ,,www.montvillechamber.com/,(973)263-3310, 195 Changebridge Rd.," Montville, NJ 07045 ",
North Essex Chamber of Commerce ,,www.northessexchamber.com/,(973)226-5500," 26 Park St, Suite 2062 "," Montclair, NJ 07042 ",
North Jersey Regional Chamber of Commerce ,,www.northjerseychamber.org,(973)470-9300, 547 Union Blvd," Totowa, NJ 07512 ",
Nutley Chamber of Commerce ,,www.nutleychamber.com,(973)667-5300, 172 Chestnut St," Nutley, NJ 07110 ",
Ocean County Chamber of Commerce Inc. ,,www.oceancountychamber.com,(732)244-0567, 100 Longboat Ave," Beachwood, NJ 08722 ",
Orthodox Jewish Chamber Of Commerce ,,www.ojchamber.com,(844)652-8969, 1072 Madison Ave," Lakewood, NJ 08701 ",
Paramus Regional Chamber of Commerce ,,www.paramuschamber.com,(201)261-3344, PO Box 325," Paramus, NJ 07653 ",
Parsippany Area Chamber of Commerce ,,www.parsippanychamber.org,(973)402-6400, PO Box 6205," Parsippany, NJ 07054 ",
Princeton Mercer Regional Chamber of Commerce ,,www.princetonchamber.org,(609)689-9960," 182 Nassau St, Suite 301 "," Princeton, NJ 08542 ",
Salem County Chamber of Commerce ,,salemcountychamber.com,(856)351-2245, PO Box 71," Salem, NJ 08079 ",
Southern Monmouth Chamber of Commerce ,,www.southernmonmouthchamber.com,(732)280-8800," 2510 Belmar Boulevard, Suite I-20, Colfax Plaza "," Belmar, NJ 07719 ",
Southern Ocean County Chamber of Commerce ,,www.visitlbiregion.com,(609)494-7211, 265 West 9th St," Ship Bottom, NJ 08008 ",
Suburban Chambers of Commerce ,,www.suburbanchambers.org,(908)522-1700, PO Box 824," Summit, NJ 07902 ",
Suburban Essex Chamber of Commerce ,,www.suburbanessexchamber.com,(973)748-2000, 256 Broad St," Bloomfield, NJ 07003 ",
Sussex County Chamber of Commerce ,,www.sussexcountychamber.org,(973)579-1811, 120 Hampton House Rd," Newton, NJ 07860 ",
Teaneck Chamber of Commerce ,,www.teaneckchamber.org,(201)801-0012, PO Box 224," Teaneck, NJ 07666 ",
The Ireland Chamber of Commerce in the US ,,www.iccusa.org,(908)286-1300," 219 South St, Suite 203 "," New Providence, NJ 07974 ",
Tri-County Chamber of Commerce ,,tricounty.org,(862)210-8328, PO Box 2420," Wayne, NJ 07474 ",
Union Township Chamber of Commerce ,,www.unionchamber.com,(908)688-2777," 355 Chestnut St, 2nd Floor "," Union, NJ 07083 ",
West Orange Chamber of Commerce ,,www.westorangechamber.com,(973)731-0360, PO Box 83," West Orange, NJ 07052 ",
Avalon Chamber of Commerce ,,www.avalonbeach.com,(609)967-3936, 30th & Ocean Dr.," Avalon, NJ 08202 ",
Belleville Chamber of Commerce ,,,(973)759-4848, PO Box 284," Belleville, NJ 07109 ",
Belmar Chamber of Commerce ,,www.belmarchamber.com,(732)681-2900, 1005 1/2 Main St," Belmar, NJ 07715 ",
Bergenfield Chamberof Commerce ,,home.bergenfieldboro.com,(201)387-8300, 95 N Washington Ave," Bergenfield, NJ 07621 ",
Bernards Twp. Reg. Chamber of Commerce ,,www.bernardstwpregionalchamber.org,(908)766-6755, PO Box 11," Basking Ridge, NJ 07920 ",
Bernardsville Chamber of Commerce ,,bvillechamber.com,(908)766-9900, PO Box 672," Bernardsville, NJ 07924 ",
Bound Brook Area Chamber of Commerce ,,,(732)356-7273," 309 W Union Ave., P.O. Box 227 "," Bound Brook, NJ 08805 ",
Brigantine Beach Chamber of Commerce ,,,(609)266-3437, PO Box 484," Brigantine, NJ 08203 ",
Butler Tri Boro Area Chamber of Commerce ,,,, PO Box 100," Bloomingdale, NJ 07403 ",
Chamber of Commerceof Bogota ,,,(201)489-1118, PO Box 81," Bogota, NJ 07603 ",
Chamber of Commerceof Greater Cape May ,,www.capemaychamber.com,(609)884-5508," 513 Washington St. Mall, 2nd Fl"," Cape May, NJ 08204 ",
Cherry Hill Regional Chamber of Commerce ,,www.cherryhillregional.com,(856)667-1600, 1060 Kings Hwy. N 200," Cherry Hill, NJ 08034 ",
Cliffside Park Chamber of Commerce ,,www.cliffsideparkchamber.org/index.php,(201)941-9505, 525 Palisade Ave," Cliffside Park, NJ 07010 ",
"CoC Serving Old Bridge, Sayreville & South Amb ",,,(732)607-6340, PO Box 5241," Old Bridge, NJ 08857 ",
Cranford Chamber ofCommerce ,,www.cranford.com/chamber,(908)370-0027," 8 Springfield Ave., P.O. Box 165 "," Cranford, NJ 07016 ",
Dover Area Chamber of Commerce ,,,(973)537-5621, 1 Hillcrest Ave," Dover, NJ 07801 ",
East Brunswick Reg.Chamber of Commerce ,,ebnjchamber.org,(732)257-3009, POBox 56 24 East Brunswick Woods Dr," East Brunswick, NJ 08816 ",
East Orange Chamber of Commerce ,,www.eastorangechamber.org,(973)674-0900, PO Box 2418," East Orange, NJ 07019 ",
Elmwood Park Chamber of Commerce ,,www.elmwoodparknj.org,(201)796-1457, PO Box 299," Elmwood Park, NJ 07407 ",
Englewood Chamber of Commerce ,,www.englewoodnj.com,(201)567-2381, PO Box 8161," Englewood, NJ 07631 ",
Englewood Cliffs Chamber of Commerce ,,,(201)567-9344, 540 Sylvan Ave," Englewood Cliffs, NJ 07632 ",
"Fairview Chamber of Commerce, Inc. ",,,(201)945-3707, 202 Anderson Ave.," Fairview, NJ 07022 ",
Franklin Lakes Chamber of Commerce ,,www.franklinlakeschamber.org,(973)475-8357, PO Box 81," Franklin Lakes, NJ 07417 ",
Franklin Township Chamber of Commerce ,,,(732)545-7044, 675 Franklin Blvd.," Somerset, NJ 08873 ",
Glen Rock Chamber of Commerce ,,,(201)447-3434, PO Box 176," Glen Rock, NJ 07452 ",
Greater Asbury ParkChamber of Commerce ,,,(732)775-7676, One Municipal Plaza," Asbury Park, NJ 07712 ",
Greater Atlantic City Chamber ,,www.acchamber.com,(609)646-2214," 1125 Atlantic Ave., 105 "," Atlantic City, NJ 08401 ",
Greater Bordentown Chamber of Commerce ,,,(609)298-7774, PO Box 65," Bordentown, NJ 08505 ",
Greater Burlington Chamber of Commerce ,,,(609)387-0963, PO Box 67," Burlington, NJ 08016 ",
Greater Hackensack Chamber of Commerce ,,,(201)489-3700, 5 University Plaza Dr.," Hackensack, NJ 07601 ",
Greater Lacey Chamber of Commerce ,,,, PO Box 952," Forked River, NJ 08731 ",
Greater Lambertville-New Hope Chamber of Commerce ,,www.lambertville.org,(609)397-0055," 60 Wilson St, #2"," Lambertville, NJ 08530 ",
Greater Millville Chamber of Commerce ,,www.millville-nj.com,(856)825-2600," 100 N High St., P.O. Box 831 "," Millville, NJ 08332 ",
Greater Paulsboro Chamber of Commerce ,,www.paulsborochamber.com,(856)423-7600, PO Box 181," Paulsboro, NJ 08066 ",
Greater Sea Isle City Chamber of Commerce ,,www.seaislechamber.com,(609)263-9090, 300 John F Kennedy Blvd," Sea Isle City, NJ 08243 ",
Greater Spring Lake Chamber of Commerce ,,www.springlake.org,, 302 Washington Avenue," Spring Lake, NJ 07762 ",
Greater Woodbury Chamber of Commerce ,,www.greaterwoodburychamber.com,(856)845-4056, PO Box 363," Woodbury, NJ 08096 ",
Hasbrouck Heights Chamber of Commerce ,,www.hasbrouck-heights.org,(201)288-5464, PO Box 1," Hasbrouck Heights, NJ 07604 ",
Hawthorne Chamber of Commerce ,,hawthornechamber.org,(973)427-5078, 471 Lafayette Ave.," Hawthorne, NJ 07506 ",
Hillside Chamber of Commerce ,,www.community.nj.com/cc/chambercommerce,(908)964-5130, PO Box 965," Hillside, NJ 07205 ",
Hoboken Chamber of Commerce ,,www.hobokenchamber.com,(201)222-1100," 50 Harrison St, Suite PH 450 "," Hoboken, NJ 07030 ",
Howell Chamber of Commerce ,,www.howellchamber.com,(732)363-4114," 103 W 2nd St., 2 "," Howell, NJ 07731 ",
Irvington Chamber of Commerce ,,,(973)372-4100, PO Box 323," Irvington, NJ 07111 ",
Jackson Chamber of Commerce ,,www.jacksonchamber.com,(732)833-0005," 1021 W Commodore Blvd, Suite 1 "," Jackson, NJ 08527 ",3 / 5
Jefferson Township Chamber of Commerce ,,,(973)663-2240, PO Box 64," Lake Hopatcong, NJ 07849 ",
Jefferson Township Chamber of Commerce ,,www.jeffersontownshipchamber.org,(973)663-2240, PO Box 64," Lake Hopatcong, NJ 07849 ",
Keyport Chamber of Commerce ,,,(732)739-5138, 70 West Front St," Keyport, NJ 07735 ",
Lakewood Chamber of Commerce ,,www.mylakewoodchamber.com,(732)363-0012," 681 River Ave, Suite 2F "," Lakewood, NJ 08701 ",
Livingston Area Chamber of Commerce ,,www.livingstonchambernj.com,(973)992-4343, 250 S Livingston Avenue," Livingston, NJ 07039 ",
Lodi Chamber of Commerce ,,,, PO Box 604," Lodi, NJ 07644 ",
Madison Chamber of Commerce ,,www.madisonnjchamber.org/,(973)377-7830, PO Box 152," Madison, NJ 07940 ",
Manasquan Chamber of Commerce ,,,," 107 Main St., P.O. Box 365 "," Manasquan, NJ 08736 ",
Matawan-Aberdeen Chamber of Commerce ,,,(732)290-1125, PO Box 522," Matawan, NJ 07747 ",
Meadowlands Reg. Chamber of Commerce ,,www.meadowlands.org,(201)939-0707, 201 Route 17 N," Rutherford, NJ 07070 ",
Middle Township Chamber of Commerce ,,www.middletownshipchamberofcommerce.org,(609)463-1655, PO Box 6," Cape May Court House, NJ 08210 ",
Midland Park Chamber of Commerce ,,www.midlandparkchamber.com,(201)445-8780, PO Box 267," Midland Park, NJ 07432 ",
Morris County Hispanic American CoC ,,,(973)644-3093," P.O.Box 834m, 25 Lindsley Drive "," Morristown, NJ 07960 ",
Mt. Olive Area Chamber of Commerce ,,,(973)691-0109," 98 Route 46, W Village Green Ann, P.O. Box 192 "," Budd Lake, NJ 07828 ",
Northern Monmouth Chamber of Commerce ,,"www.northernmonmouth.org,www.",(732)291-7870, 1041 State Hwy. 36," Navesink, NJ 07752 ",
Oakland Chamber of Commerce ,,,(201)337-7117, PO Box 74," Oakland, NJ 07436 ",
Ocean City Chamber of Commerce ,,www.oceancityvacation.com,(609)399-1412, 854 Asbury Ave.," Ocean City, NJ 08226 ",
Ocean Grove Chamberof Commerce ,,oceangrovenj.com,(732)774-1391, PO Box 415," Ocean Grove, NJ 07756 ",
Orange Chamber of Commerce ,,,(973)676-8725, PO Box 1178," Orange, NJ 07051 ",
Perth Amboy Chamberof Commerce ,,,(732)442-7400," 214 Smith St., 210 "," Perth Amboy, NJ 08861 ",
Plainfield Chamber of Commerce ,,www.positivelyplainfield.org,, 320 Park Avenue," Plainfield, NJ 07060 ",
Point Pleasant Beach Chamber of Commerce ,,www.pointpleasantbeachnj.com,(732)899-2424, 517a Arnold Ave.," Point Pleasant Beach, NJ 08742 ",
Pompton Lakes Chamber of Commerce ,,www.pomptonlakeschamber.com,(973)839-0187, PO Box 129," Pompton Lakes, NJ 07442 ",
Randolph Area Chamber of Commerce ,,,(973)361-3462, PO Box 391," Mount Freedom, NJ 07970 ",
Raritan Area Chamber of Commerce ,,,, PO Box 236," Raritan, NJ 08869 ",
Ridgewood Chamber of Commerce ,,www.webridgewood.com,(201)445-2600, 199 Dayton St.," Ridgewood, NJ 07450 ",
Ringwood Chamber ofCommerce ,,,, PO Box 62," Ringwood, NJ 07456 ",
Roselle Chamber of Commerce ,,www.rosellechamberofcommerce.org,(908)299-6772, 104 West 4th Ave," Roselle, NJ 07203 ",
Roxbury Area Chamber of Commerce ,,,(973)770-0740, PO Box 436," Ledgewood, NJ 07852 ",
Rutherford Chamber of Commerce ,,rutherfordchamber.com,(201)933-5230," 15 Union Ave, PO Box 216 "," Rutherford, NJ 07070 ",
Saddle Brook Chamber of Commerce ,,www.saddlebrookchamber.com,(201)556-0123, 50 Market St.," Saddle Brook, NJ 07663 ",
South Orange Chamber of Commerce ,,,, PO Box 621," South Orange, NJ 07079 ",
Statewide Hispanic Chamber of Commerce of NJ ,,www.shccnj.org,(201)935-0035," 1280 Wall Street West, Suite 312 "," Lyndhurst, NJ 07071 ",
Stone Harbor Chamber of Commerce ,,,(609)368-6101, PO Box 422," Stone Harbor, NJ 08247 ",
Tenafly Chamber of Commerce ,,www.tenaflychamberofcommerce.com,(201)568-8857, 100 Riveredge Road," Tenafly, NJ 07670 ",
Tri-boro Area Chamber of Commerce ,,www.triborochamber.org,(973)838-5678, PO Box 100," Bloomingdale, NJ 07403 ",
Tri-Town Chamber ofCommerce ,,www.tritownchamber.com,(973)334-4117, PO Box 496," Boonton, NJ 07005 ",
Vernon Chamber of Commerce ,,,, PO Box 308," Vernon, NJ 07462 ",
Washington Twp. Chamber of Commerce ,,www.washingtontownshipchamber.org,(856)227-1776, PO Box 734," Blackwood, NJ 08012 ",
West Milford Chamber of Commerce ,,,(973)728-3150, 1614-O Union Valley Rd," West Milford, NJ 07480 ",
West New York Chamber of Commerce ,,,(201)295-5065," 428 60th St, PO Box 1145 "," West New York, NJ 07093 ",
Wyckoff Chamber Of Commerce ,,,(201)891-3616, PO Box 2," Wyckoff, NJ 07481 ",
