America Bangladesh Chamber Of Commerce U.S.A Inc. ,U.S. Chamber Member,www.abccusa.org,(929)249-9851, 107-49 154 St," Jamaica, NY 11433 ",
American World Trade Chamber of Commerce ,U.S. Chamber Member,www.awtcc.org,(212)655-5458," 750 3rd Ave, Fl 9 "," New York, NY 10017 ",
Bethlehem Chamber of Commerce ,U.S. Chamber Member,www.bethlehemchamber.com,(518)475-0910," 318 Delaware Ave, Suite 11 "," Delmar, NY 12054 ",
Buffalo Niagara Partnership ,U.S. Chamber Member,www.thepartnership.org,(716)852-7100," 257 W Genesee St, Suite 600 "," Buffalo, NY 14202 ",5 / 5
Business Council of Westchester ,U.S. Chamber Member,www.westchesterny.org/,(914)948-2110," 800 Westerchester Ave, Ste S310 "," Port Chester, NY 10573 ",
Canandaigua Chamber of Commerce ,U.S. Chamber Member,www.canandaiguachamber.com,(585)394-4400, 113 South Main St," Canandaigua, NY 14424 ",
Capital Region Chamber ,U.S. Chamber Member,www.capitalregionchamber.com,(518)431-1424," 5 Computer Drive, South"," Albany, NY 12205 ",
Chautauqua County Chamber of Commerce ,U.S. Chamber Member,www.chautauquachamber.org/,(716)484-1101, 512 Falconer St," Jamestown, NY 14701 ",
"Chemung County Chamber of Commerce, Inc. ",U.S. Chamber Member,www.chemungchamber.org,(607)734-5137, 400 E Church St," Elmira, NY 14901 ",
China-U.S. Chamber Of Commerce ,U.S. Chamber Member,cuscc.org,(212)809-8188, 800 3rd Ave Suite 2800," New York, NY 10022 ",
Chinese Chamber of Commerce of New York ,U.S. Chamber Member,,(212)226-2795," 33 Bowery, Suite C-202 "," New York, NY 10002 ",
"Commerce Chenago, Inc. ",U.S. Chamber Member,commercechenango.com,(607)334-1400, 15 South Broad St," Norwich, NY 13815 ",
Corning Area Chamber of Commerce ,U.S. Chamber Member,www.corningny.com,(607)936-4686," 1 West Market St, Suite 302 "," Corning, NY 14830 ",
Delaware County Chamber of Commerce ,U.S. Chamber Member,www.delawarecounty.org,(607)746-2281, 5 1/2 Main St," Delhi, NY 13753 ",
"Genesee County Chamber of Commerce, Inc. ",U.S. Chamber Member,www.geneseeny.com/,(585)343-7440, 8276 Park Rd," Batavia, NY 14020 ",
Greater Binghamton Chamber of Commerce ,U.S. Chamber Member,www.greaterbinghamtonchamber.com,(607)772-8860," 5 SCollege Dr, Suite 101 "," Binghamton, NY 13905 ",
Greater New York Chamber of Commerce ,U.S. Chamber Member,www.chamber.nyc,(212)244-0003," 20 West 44th St, 4th Floor "," New York, NY 10036 ",
Greater Olean Area Chamber of Commerce ,U.S. Chamber Member,www.oleanny.com,(716)372-4433," 301 N Union St, Ste 101 "," Olean, NY 14760 ",3 / 5
Greater Rochester Chamber of Commerce ,U.S. Chamber Member,www.greaterrochesterchamber.com,(585)244-1800," 150 State St, Suite 400 "," Rochester, NY 14614 ",5 / 5
Herkimer County Chamber of Commerce ,U.S. Chamber Member,www.herkimercountychamber.com/,(315)866-7820, 420 East German St," Herkimer, NY 13350 ",
Hornell Area Chamber of Commerce ,U.S. Chamber Member,www.hornellny.com,(607)324-0310, 40 Main St," Hornell, NY 14843 ",
"Huntington Township Business Council, PAC ",U.S. Chamber Member,www.huntingtonbusinesscouncil.com,(516)768-6821, PO Box 133," Centerport, NY 11721 ",
Huntington Township Chamber of Commerce ,U.S. Chamber Member,www.huntingtonchamber.com,(631)423-6100, 164 Main St," Huntington, NY 11743 ",
Japanese Chamber of Commerce ,U.S. Chamber Member,www.jcciny.org,(212)246-8001, 145 W 57th St," New York, NY 10019 ",
Korean Chamber of Commerce and Industry in U.S.A. ,U.S. Chamber Member,www.kocham.org/english/,(212)644-0140," 460 Park Ave, #410"," New York, NY 10022 ",
Niagara USA Chamber ,U.S. Chamber Member,www.niagarachamber.org/,(716)285-9141, 6311 Inducon Corporate Dr," Sanborn, NY 14132 ",
North Country Chamber of Commerce ,U.S. Chamber Member,www.northcountrychamber.com,(518)563-1000," 7061 Route 9, Route 9 "," Plattsburgh, NY 12901 ",5 / 5
Orchard Park Chamber of Commerce ,U.S. Chamber Member,www.orchardparkchamber.org,(716)662-3366, 6524 East Quaker St," Orchard Park, NY 14127 ",
Penfield Business Chamber ,U.S. Chamber Member,www.penfieldbusiness.org,(585)348-8360, Po Box 268," Penfield, NY 14526 ",
Queens Chamber of Commerce ,U.S. Chamber Member,www.queenschamber.org,(718)898-8500," 75-20 Astoria Blvd, Suite 140 "," East Elmhurst, NY 11370 ",
Rensselaer County Regional Chamber of Commerce ,U.S. Chamber Member,www.renscochamber.com,(518)247-7020, 90 Fourth St," Troy, NY 12180 ",
Rome Area Chamber of Commerce ,U.S. Chamber Member,www.romechamber.com,(315)337-1700, 139 W Dominick St," Rome, NY 13440 ",
Saranac Lake Area Chamber of Commerce ,U.S. Chamber Member,www.saranaclake.com,(518)891-1990," 39 Main St, Ste 2 "," Saranac Lake, NY 12983 ",
Saratoga County Chamber of Commerce ,U.S. Chamber Member,www.saratoga.org,(518)584-3255," 28 Clinton St, Ste 2 "," Saratoga Springs, NY 12866 ",
Seneca County Chamber of Commerce ,U.S. Chamber Member,www.senecachamber.org/,(315)568-2906, 1 West Main St," Waterloo, NY 13165 ",
Sullivan County Chamber of Commerce & Industry ,U.S. Chamber Member,www.catskills.com,(845)791-4200," 196 Bridgeville Road, Suite 7"," Monticello, NY 12701 ",
"The Business Council of New York State, Inc. ",U.S. Chamber Member,www.bcnys.org/,(518)465-7511," 111 Washington Ave, Suite 400 "," Albany, NY 12210 ",
The Chamber of Southern Saratoga County ,U.S. Chamber Member,www.southernsaratoga.org,(518)431-1408," 58 Clifton Country Rd, Ste 102 "," Clifton Park, NY 12065 ",
The New Bronx Chamber of Commerce ,U.S. Chamber Member,www.bronxchamber.org,(718)828-3900," 1200 Waters Pl, Suite 106 "," Bronx, NY 10461 ",
The Otsego County Chamber ,U.S. Chamber Member,www.otsegocountychamber.com,(607)432-4500," 189 Main St, Suite 201 "," Oneonta, NY 13820 ",
Tompkins County Chamber of Commerce ,U.S. Chamber Member,www.tompkinschamber.org/,(607)273-7080, 904 E Shore Dr," Ithaca, NY 14850 ",
Ulster County Regional Chamber of Commerce ,U.S. Chamber Member,www.ulsterchamber.org,(845)338-5100, 214 Fair St," Kingston, NY 12401 ",
Victor Chamber of Commerce ,U.S. Chamber Member,victorchamber.com,(585)742-1476, 33 W Main St," Victor, NY 14564 ",
Wellsville Area Chamber of Commerce ,U.S. Chamber Member,www.wellsvilleareachamber.com/,(585)593-5080, 114 North Main St," Wellsville, NY 14895 ",
Brooklyn Chamber of Commerce ,,www.ibrooklyn.com/,(718)875-1000," 335 Adams St, #2700 "," Brooklyn, NY 11201 ",
Brazilian-American Chamber of Commerce ,,www.brazilcham.com,(212)751-4691," 485 Madison Ave, Fl 4 "," New York, NY 10022 ",
Bronxville Chamber of Commerce ,,www.bronxvillechamber.com/,(914)337-6040," 51 Pondfield Rd, Suite 1 "," Bronxville, NY 10708 ",
Central Steuben Chamber of Commerce ,,www.centralsteubenchamber.com,(607)776-7122," 47 Liberty St, P.O. Box 488 "," Bath, NY 14810 ",
Chamber of Commerce of Greater Bay Shore ,,www.bayshorecommerce.com,(631)665-7003, PO Box 5110," Bay Shore, NY 11706 ",
Chamber of Commerce of the Tonawandas ,,www.the-tonawandas.com,(716)692-5120, 254 Sweeney St," North Tonawanda, NY 14120 ",
Cheektowaga Chamber of Commerce ,,www.cheektowaga.org,(716)684-5838," 2875 Union Rd, Suite 7A "," Cheektowaga, NY 14227 ",
Colonie Chamber of Commerce ,,www.coloniechamber.org,(518)785-6995, 950 New Loudon Rd," Latham, NY 12110 ",
Columbia County Chamber of Commerce ,,www.columbiachamber-ny.com,(518)828-4417, 1 North Front St," Hudson, NY 12534 ",
Commerce Chenango ,,www.chenangony.org,(607)334-1400, 15 S Broad St," Norwich, NY 13815 ",
Copiague Chamber of Commerce ,,copiaguechamber.org/,(631)226-2956, PO Box 8," Copiague, NY 11726 ",
Cortland County Chamber of Commerce ,,www.cortlandareachamber.com,(607)756-2814, 37 Church St," Cortland, NY 13045 ",
Dutchess County Regional Chamber of Commerce ,,www.dcrcoc.org,(845)454-1700," One Civic Center Plaza, Suite 400 "," Poughkeepsie, NY 12601 ",
French - American Chamber of Commerce ,,www.faccnyc.org,(212)867-0123," 1375 Broadway, Rm 504 "," New York, NY 10018 ",
Fulton Montgomery Regional Chamber of Commerce ,,www.fultoncountyny.org,(518)725-0641, 2 North Main St," Gloversville, NY 12078 ",
Geneva Area Chamber of Commerce ,,www.genevany.com,(315)789-1776, PO Box 587," Geneva, NY 14456 ",
Glen Cove Chamber of Commerce ,,www.glencovechamber.org,(516)676-6666," 264 Glen St, 2nd Floor "," Glen Cove, NY 11542 ",
Greater Baldwinsville Chamber of Commerce ,,www.baldwinsvillechamber.com,(315)638-0550," 36 Oswegi St, Ste 206 "," Baldwinsville, NY 13027 ",
Greater East Aurora Chamber of Commerce ,,www.eanycc.com,(716)652-8444, 652 Main St," East Aurora, NY 14052 ",
Greater Massena Chamber of Commerce ,,www.massenachamber.com,(315)769-3525, 16 Church St," Massena, NY 13662 ",
Greater Oneida Chamber of Commerce ,,www.oneidachamber.org/,(315)363-4300, 136 Lenox Ave," Oneida, NY 13421 ",
Greater Oswego-Fulton County Chamber of Commerce ,,www.oswegofultonchamber.com,(315)598-4231, 121 East First St," Oswego, NY 13126 ",
Greater Sleepy Hollow Tarrytown Chamber of Commerc ,,www.greatersleepyhollowtarrytown.com,(914)631-1705, 1 Neperan Road," Tarrytown, NY 10591 ",
Greater Watertown-North Country Chamber ,,www.watertownny.com,(315)788-4400, 1241 Coffeen St," Watertown, NY 13601 ",
Greece Regional Chamber of Commerce ,,www.greecechamber.org,(585)227-7272, 2402 West Ridge Rd," Greece, NY 14626 ",
Greene County Chamber of Commerce ,,www.greatnortherncatskillschamber.com,(518)943-4222," 327 Main St, PO Box 248 "," Catskill, NY 12414 ",
Guilderland Chamber of Commerce ,,www.guilderlandchamber.com,(518)456-6611," 2050 Western Ave, Star Plaza, #201 "," Guilderland, NY 12084 ",
Hamburg Chamber of Commerce ,,www.hamburg-chamber.org,(716)649-7917, 6122 South Park Ave," Hamburg, NY 14075 ",
Hudson Valley Gateway Chamber of Commerce ,,www.hvgatewaychamber.com/,(914)737-3600, 1 South Division St," Peekskill, NY 10566 ",
Italy-America Chamber of Commerce ,,www.italchambers.net/newyork,(212)459-0044," 11 E 44th St, Rm 1400 "," New York, NY 10017 ",
Kenmore-Town of Tonawanda Chamber of Commerce ,,www.ken-ton.org,(716)874-1202, 3411 Delaware Ave," Kenmore, NY 14217 ",
Lancaster Area Chamber of Commerce ,,www.wnychamber.com,(716)681-9755, PO Box 427," Lancaster, NY 14086 ",
Livingston County Area Chamber of Commerce ,,www.livingstoncountychamber.com/,(585)243-2222, 4635 Millennium Dr," Geneseo, NY 14454 ",
Long Island Association ,,www.longislandassociation.org/,(631)493-3001," 300 Broadhollow Rd, Suite 110W "," Melville, NY 11747 ",
Lower Niagara River Region Chamber of Commerce ,,www.niagarariverregion.com,(716)754-9500, 895 Center St," Lewiston, NY 14092 ",
Mamaroneck Chamber of Commerce ,,www.mamaroneckchamberofcommerce.org,(914)698-4400, 430 Center Ave," Mamaroneck, NY 10543 ",
Manhattan Chamber of Commerce ,,www.manhattancc.org,(212)473-7875," 575 5th Ave, 14th Floor "," New York, NY 10017 ",
New Rochelle Chamber of Commerce ,,www.newrochellechamber.org,(914)632-5700, 417 North Ave," New Rochelle, NY 10801 ",
New York Women's Chamber of Commerce ,,nywcc.org,(212)491-9640, 1524 Amsterdam Ave," New York, NY 10031 ",
New York Youth Chamber of Commerce ,,www.nyycc.org,(646)633-7279," 875 Boynton Ave, Suite 17J "," Bronx, NY 10473 ",
Oceanside Chamber of Commerce ,,www.oceansidechamber.org,(516)763-9177, 2721 Harrison Ave," Oceanside, NY 11572 ",
Orange County Chamber of Commerce ,,www.orangeny.org/,(845)457-9700," 40 Matthews St, Ste 104 "," Goshen, NY 10924 ",
Orleans County Chamber of Commerce ,,www.orleanschamber.com,(585)589-7727, PO Box 501," Medina, NY 14103 ",
Partnership for New York City ,,www.pfnyc.org,(212)493-7554," 1 Battery Park Plaza, 5th Floor "," New York, NY 10004 ",
Port Chester-Rye Brook-Rye TownChamber of Commerce ,,www.portchesterchamber.com,(914)939-1900," 222 Grace Church St, Suite 301A "," Port Chester, NY 10573 ",
Rhinebeck Area Chamber of Commerce ,,www.rhinebeckchamber.com,(845)876-5904, 23F East Market St," Rhinebeck, NY 12572 ",
South Asian Chamber of Commerce Inc ,,,(631)275-0496, 8740 Parsons Blvd," Jamaica, NY 11432 ",
Spain-U.S. Chamber of Commerce ,,www.spainuscc.org,(212)967-2170," 80 Broad St, Suite 2103 "," New York, NY 10004 ",
St. Lawrence County Chamber of Commerce ,,www.northcountryguide.com/,(315)386-4000, 101 Main St," Canton, NY 13617 ",
Turkish American Chamber of Commerce and Industry ,,www.turkishuschamber.org,(212)354-5470," 2 West 45th St, Suite 1709 "," New York, NY 10036 ",
Valley Stream Chamber of Commerce ,,www.valleystreamchamber.org,(516)825-1741, PO Box 1016," Valley Stream, NY 11582 ",
Warwick Valley Chamber of Commerce ,,www.warwickcc.org,(845)986-2720," PO Box 202, South Street Caboose "," Warwick, NY 10990 ",
Watkins Glen Area Chamber of Commerce ,,www.watkinsglenchamber.com,(607)535-4300," 214 North Franklin St, St. Rt. 14 "," Watkins Glen, NY 14891 ",
Webster Chamber of Commerce ,,www.websterchamber.com,(585)265-3960," 1110 Crosspointe Ln, Suite C "," Webster, NY 14580 ",
West Seneca Chamber of Commerce ,,www.westseneca.org,(716)674-4900," 1300 Union Rd, West Seneca Community Center "," West Seneca, NY 14224 ",
Westchester County Association ,,www.westchester.org/,(914)948-6444," 1133 Westchester Ave, Suite S-217 "," West Harrison, NY 10604 ",
Yates County Chamber of Commerce ,,www.yatesny.com,(315)536-3111, 2375 Route 14A," Penn Yan, NY 14527 ",
Yonkers Chamber of Commerce ,,www.yonkerschamber.com,(914)963-0332," 55 Main St., 2nd Floor "," Yonkers, NY 10701 ",
Zhejiang Chamber of Commerce of America ,,www.zccaonline.org,(718)395-8150," 136-20 38th Avenue, Suite 10i "," Flushing, NY 11354 ",
1000 Islands-clayton Area Chamber of Commerce ,,www.1000islands-clayton.com,(315)686-3771, 517 Riverside Dr," Clayton, NY 13624 ",
Adirondacks-Speculator Region Chamber of Commerce ,,www.adrkmts.com,(518)548-4521," Rts. 30 & 8, P.O. Box 184 "," Speculator, NY 12164 ",
Alden Chamber of Commerce ,,,(716)937-6177," 13500 Broadway St, Ste 4 "," Alden, NY 14004 ",
Alexandria Bay Chamber of Commerce ,,www.alexbay.org,(315)482-9531, 7 Market St," Alexandria Bay, NY 13607 ",
Amherst Chamber of Commerce ,,www.amherst.org,(716)632-6905," 400 Essjay Rd, Ste 150 "," Buffalo, NY 14221 ",
Amityville Chamber of Commerce ,,www.amityvillechamber.org,(631)598-0695, PO Box 885," Amityville, NY 11701 ",
Andover Chamber of Commerce ,,www.andoverny.com,, PO Box 721," Andover, NY 14806 ",
Arcade Area Chamber of Commerce ,,,(585)492-2114, 278 Main St.," Arcade, NY 14009 ",
Avon Chamber of Commerce ,,www.avon-ny.org,(585)226-8080, 74 Genesee St," Avon, NY 14414 ",
Baldwin Chamber of Commerce ,,www.baldwinchamber.com,(516)223-8080, PO Box 804," Baldwin, NY 11510 ",
Bedford Hills Chamber of Commerce ,,www.bedfordhills.org,(914)381-3356, PO Box 162," Bedford Hills, NY 10507 ",
Bethpage Chamber of Commerce ,,www.bethpagecommunity.com/chamber,(516)433-0010, PO Box 636," Bethpage, NY 11714 ",
Blooming Grove/Washingtonville CoC ,,,(845)496-5449, PO Box 454," Washingtonville, NY 10992 ",
Blue Mountain Lake Association ,,,(518)352-7659, PO Box 245," Blue Mountain Lake, NY 12812 ",
Bolton Landing Chamber of Commerce ,,,(518)644-3831, PO Box 368," Bolton Landing, NY 12814 ",
Boonville Area Chamber of Commerce ,,www.cybervillage.com/bac,(315)942-5112," 122 Main St., P.O. Box 163 "," Boonville, NY 13309 ",
Brewster Chamber ofCommerce ,,www.brewsterchamber.com,(845)279-2477, 16 Mount Ebo Rd," Brewster, NY 10509 ",
Camden Area Chamberof Commerce ,,,(315)245-5000," 71 Main, P.O. Box 134 "," Camden, NY 13316 ",
Canastota Chamber of Commerce ,,,(315)697-3677," 222 S Peterboro St., P.O. Box 206 "," Canastota, NY 13032 ",
Candor Chamber of Commerce ,,,(607)659-4818, PO Box 32," Candor, NY 13743 ",
Canisteo Chamber ofCommerce ,,,(607)698-4771, PO Box 34," Canisteo, NY 14823 ",
Canton Chamber of Commerce ,,www.cantonnychamber.org,(315)386-8255, PO Box 369," Canton, NY 13617 ",
Cape Vincent Chamber of Commerce ,,www.capevincent.org,(315)654-2481, 175 N James St.," Cape Vincent, NY 13618 ",
Carmel-Kent Chamberof Commerce ,,,(914)441-9623, PO Box 447," Carmel, NY 10512 ",
Carthage Area Chamber of Commerce ,,www.carthageny.com,(315)493-3590," 120 S Mechanic St, P.O. Box 247 "," Carthage, NY 13619 ",
CDM Chamber of Commerce ,,www.cdmlongisland.com,(631)821-1313, PO Box 512," Miller Place, NY 11764 ",
Central Catskills Chamber of Commerce ,,www.centralcatskills.org,(845)586-3300, PO Box 605," Margaretville, NY 12455 ",
Chamber of Commerce of New Rochelle ,,www.newrochellechamber.org,(914)632-5700, 459 Main St.," New Rochelle, NY 10801 ",
Chamber of Commerce of the Massapequas ,,www.massapequachamber.com,(516)541-1443," 674 Broadway, P.O. Box 1912 "," Massapequa, NY 11758 ",
Chamber of Commerceof Olean & Vicinity ,,oleanny.org,(716)373-4230, 319 N Union St.," Olean, NY 14760 ",
Chamber of Commerceof the Bellmores ,,www.bellemorechamber.com,(516)679-1875, PO Box 861," Bellmore, NY 11710 ",
Chamber of Commerceof the Nyacks ,,www.thenyacks.net,(845)353-2221, PO Box 677," Nyack, NY 10960 ",
"Chamber of Commerceof the Rockaways, Inc. ",,www.rockawaychamberofcommerce.,(718)634-1300, 253 Beach 116th St.," Rockaway Park, NY 11694 ",
Chamber of Commerceof the Willistons ,,,(516)739-1943, PO Box 207," Williston Park, NY 11596 ",
Chautauqua County Chamber of Commerce ,,www.chautauquachamber.org,, 10785 Bennett Road," Dunkirk, NY 14048 ",
Clarence Chamber ofCommerce ,,www.clarence.org,(716)631-3888, PO Box 177," Clarence, NY 14031 ",
Clifton Springs Area Chamber of Commerce ,,,(315)462-8200, PO Box 86," Clifton Springs, NY 14432 ",
Clinton-Oneida County Chamber of Commerce ,,www.clintonnychamber.org,(315)853-1735, PO Box 142," Clinton, NY 13323 ",
Clyde Chamber of Commerce ,,www.clydeontheerie.com,(315)923-9862, PO Box 69," Clyde, NY 14433 ",
Cold Spring Area Chamber of Commerce ,,www.coldspringchamber.com,(845)265-3200," PO Box 36, P.O. Box 328 "," Cold Spring, NY 10516 ",
Coney Island Chamber of Commerce ,,,(718)266-1234, 1015 Surf Ave.," Brooklyn, NY 11224 ",
Cooperstown Chamber of Commerce ,,www.cooperstownchamber.org,(607)547-9983, 31 Chestnut St.," Cooperstown, NY 13326 ",
Corning's Gaffer District ,,,(607)937-2102," 114 Pine Street, Suite 102"," Corning, NY 14830 ",
Coxsackie Area Chamber of Commerce ,,www.coxsackieareachamber.com,(518)731-7300, PO Box 251," Coxsackie, NY 12051 ",
Croton Chamber of Commerce ,,,(914)271-2196, PO Box 111," Croton-on-Hudson, NY 10520 ",
Cutchogue-New Suffolk Chamber of Commerce ,,,(631)734-2335, PO Box 610," Cutchogue, NY 11935 ",
Dansville Chamber of Commerce ,,www.dansvilleny.net,(585)335-6920," 126 Main St., P.O. Box 105 "," Dansville, NY 14437 ",
Deposit Chamber of Commerce ,,,, PO Box 222," Deposit, NY 13754 ",
East Hampton Chamber of Commerce ,,easthamptonchamber.com,(631)324-0362, 42 Gingerbread Ln," East Hampton, NY 11937 ",
East Islip Comm. Chamber ,,www.eastislipcc.com,(631)581-1200, PO Box 225," East Islip, NY 11730 ",
Eastchester-Tuckahoe Chamber of Commerce ,,www.etcoc.com/,(914)779-7344," 65 Main St, Ste 202 "," Tuckahoe, NY 10707 ",
Eastport Chamber of Commerce ,,,(631)325-5911, PO Box 458," Eastport, NY 11941 ",
Eden Chamber of Commerce ,,www.edenny.org,(716)992-4799, 8226 N Main St," Eden, NY 14057 ",
Ellenville-Wawarsing Chamber of Commerce ,,www.ewcoc.com,(845)647-4620," 124 Canal St, P.O. Box 227 "," Ellenville, NY 12428 ",
Ellicottville Chamber of Commerce ,,ellicottvilleny.com,(716)699-5046, 9 W Washington St.," Ellicottville, NY 14731 ",
Evans-brant Chamber of Commerce ,,www.ebccny.org,(716)549-3221, 70 N Main St," Angola, NY 14006 ",
Fair Haven Area Chamber of Commerce ,,www.fairhavenny.com,(315)947-6037, PO Box 13," Fair Haven, NY 13064 ",
Farmington Chamber of Commerce ,,,(315)986-8100, 1000 County Rd. No. 8," Farmington, NY 14425 ",
Farmingville/holtsville Chamber of Commerce ,,,(631)926-8259, PO Box 222," Holtsville, NY 11742 ",
Fayetteville Chamber of Commerce ,,www.fayettevillechamber.org,(315)637-5544, 404 E Genesee St," Fayetteville, NY 13066 ",3 / 5
Fire Island-ocean Beach Chamber of Commerce ,,,(631)583-8295, 468 Dehnhoff Walk," Ocean Beach, NY 11770 ",
Floral Park Chamber of Commerce ,,,(516)351-2350, PO Box 20093," Floral Park, NY 11002 ",
Forest Hills Chamber of Commerce ,,www.foresthillschamber.org,(718)268-6565, PO Box 751123," Forest Hills, NY 11375 ",
Fort Brewerton/greater Oneida Lake Chamber of Comm ,,www.oneidalakechamber.com,(315)668-3408, PO Box 655," Brewerton, NY 13029 ",
Fort Edward Chamberof Commerce ,,www.fortedwardchamber.org,(518)747-3000," 11 Rogers Island Dr., P.O. Box 267 "," Fort Edward, NY 12828 ",
Freeport Chamber ofCommerce ,,www.freeportchamber.com,(516)223-8840, 300 Woodcleft Ave.," Freeport, NY 11520 ",
Garden City Chamber of Commerce ,,www.gardencitychamber.com,(516)746-7724, 230 Seventh St.," Garden City, NY 11530 ",
German American Chamber Of Commerce ,,,(212)974-8848," 75 Broad St, Fl 21st "," New York, NY 10004 ",
Gore Mountain Chamber of Commerce ,,www.gorechamber.com,(518)251-2612, PO Box 84," North Creek, NY 12853 ",
Goshen Chamber of Commerce ,,www.goshennychamber.com,(845)294-7741," 44 Park Place, P.O. Box 506 "," Goshen, NY 10924 ",
Gouverneur Chamber of Commerce ,,www.gouverneurcofc.org,(315)287-0331," Lawrence Manor Bldg., 214 E. Main St. "," Gouverneur, NY 13642 ",
Gowanda Area Chamber of Commerce ,,,(716)532-2834, PO Box 45," Gowanda, NY 14070 ",
Grand Island Chamber of Commerce ,,www.gichamber.org,(716)773-3651, 1980 Whitehaven Rd.," Grand Island, NY 14072 ",
Granville Area Chamber of Commerce ,,www.granvillechamber.com,(740)587-4490, 1 Main St," Granville, NY 12832 ",
Great Neck Chamber of Commerce ,,www.greatneckchamber.org,(516)487-2000, 643 Middle Neck Rd.," Great Neck, NY 11023 ",
Greater Brockport Chamber of Commerce ,,,(716)637-8684, PO Box 119," Brockport, NY 14420 ",
Greater Camillus Chamber of Commerce ,,www.camilluschamber.com,(315)247-5992, PO Box 415," Camillus, NY 13031 ",
Greater Cazenovia Chamber of Commerce ,,www.cazenovia.com,(315)655-9243, 59 Albany St.," Cazenovia, NY 13035 ",
Greater Cherry Valley Chamber of Commerce ,,www.cherryvalleychamber.org,(607)264-3100, PO Box 37," Cherry Valley, NY 13320 ",
Greater Cicero Chamber of Commerce ,,www.cicerochamber.net,(315)699-1358," 5701 East Circle Dr, Suite 302 "," Cicero, NY 13039 ",
Greater Fire Island Pines Chamber of Commerce ,,www.pineschamber.com,(631)597-3058, PO Box 695," Sayville, NY 11782 ",
Greater Franklin Chamber of Commerce ,,www.franklinny.org,(603)934-6909, PO Box 814," Franklin, NY 13775 ",
Greater Greene Chamber of Commerce ,,www.greenenys.com,(607)656-8225, PO Box 441," Greene, NY 13778 ",
Greater Greenwich Chamber of Commerce ,,greenwichchamber.org,(518)692-7979, 6 Academy St.," Greenwich, NY 12834 ",
Greater Harlem Chamber of Commerce ,,www.discoverharlem.com,(212)862-7200, 200A W 136th St.," New York, NY 10030 ",
Greater Haverstraw Chamber of Commerce ,,www.haverstrawchamber.org,(845)947-5646, 4 Broadway," Haverstraw, NY 10927 ",
Greater Liverpool Chamber of Commerce ,,www.liverpoolchamber.com,(315)457-3895, 314 2nd St.," Liverpool, NY 13088 ",
Greater Mexico Chamber of Commerce ,,,(315)963-1042, PO Box 158," Mexico, NY 13114 ",
Greater New Hyde Park Chamber of Commerce ,,www.nhpchamber.org,(516)437-2021, PO Box 247," New Hyde Park, NY 11040 ",
Greater Newark Chamber of Commerce ,,www.newarknychamber.com,(315)331-2705, 199 Van Buren St," Newark, NY 14513 ",
Greater Ossining Chamber of Commerce ,,,(914)941-0009," 30 State, P.O. Box 382 "," Ossining, NY 10562 ",
Greater Patchogue Chamber of Commerce ,,www.patchogue.com,(631)475-0121, 15 N Ocean Ave.," Patchogue, NY 11772 ",
Greater Port Jefferson Chamber of Commerce ,,www.portjeffchamber.com,(631)473-1414, 118 W Broadway," Port Jefferson, NY 11777 ",
Greater Sayville Chamber of Commerce ,,www.sayvillechamber.com/,(631)567-5257," 175 N Main St, P.O. Box 235 "," Sayville, NY 11782 ",
Greater Valley Chamber of Commerce ,,www.pennyorkvalley.com,(607)249-6192, 109 Chemung St," Waverly, NY 14892 ",
Greater Warsaw Chamber of Commerce ,,,(855)492-7729, PO Box 221," Warsaw, NY 14569 ",
Greater WesthamptonChamber of Commerce ,,www.whbcc.org,(631)288-3337," 173 Montauk Hwy., P.O. Box 1228 "," Westhampton Beach, NY 11978 ",
Greenvale Chamber of Commerce ,,,(516)621-2110, PO Box 123," Greenvale, NY 11548 ",
Greenwich Village-Chelsea Chamber of Commerce ,,www.gvccc.com,(212)255-5811," 80 Eighth Ave., 412 "," New York, NY 10011 ",
Hague-on-lake George Chamber of Commerce ,,www.hagueticonderoga.com,, PO Box 615," Hague, NY 12836 ",
Hammondsport Chamber of Commerce ,,www.hammondsport.org,(607)569-2989, PO Box 539," Hammondsport, NY 14840 ",
Hampton Bays Chamber of Commerce ,,www.hamptonbayschamber.com,(631)728-2211, PO Box 632," Hampton Bays, NY 11946 ",
Harrison Chamber of Commerce ,,,(914)835-2000, 1 Heineman Pl.," Harrison, NY 10528 ",
Hastings-on-hudson Chamber of Commerce ,,www.hohchamber.com,(914)478-2101, 32 Main St," Hastings-On-Hudson, NY 10706 ",
Hastings-On-Hudson Chamber of Commerce ,,,(914)478-0900, PO Box 405," Yonkers, NY 10706 ",
Heart of Catskill Assoc & CofC ,,,(518)943-0989, 362 Main St.," Catskill, NY 12414 ",
Hempstead Chamber of Commerce ,,,," 1776 Nichols Ct., P.O. Box 4264 "," Hempstead, NY 11550 ",
Hicksville Chamber of Commerce ,,www.hicksvillechamber.com,(516)931-7170, PO Box 1," Hicksville, NY 11802 ",
Holbrook Chamber of Commerce ,,www.holbrookchamber.com,(631)471-2725, PO Box 585," Holbrook, NY 11741 ",
Honeoye Lake Chamber of Commerce ,,www.honeoyechamberofcommerce.com,(585)229-4226, PO Box 305," Honeoye, NY 14471 ",
Hudson Falls-Kingsbury Chamber of Commerce ,,,(518)747-3290, PO Box 346," Hudson Falls, NY 12839 ",
Hyde Park Chamber of Commerce ,,www.hydeparkchamber.org,(845)229-8612," 629 Albany Post Rd., P.O. Box 17 "," Hyde Park, NY 12538 ",
Inlet Area Chamber of Commerce ,,www.inletny.com,(315)357-5501," Rte. 28, Box 266"," Inlet, NY 13360 ",
Jamaica Chamber of Commerce ,,,(718)657-4800, 157-11 Rockaway Blvd," Jamaica, NY 11432 ",
Katonah Chamber of Commerce ,,www.katonahchamber.org,(914)232-2668, PO Box 389," Katonah, NY 10536 ",
Kings Park Chamber of Commerce ,,kingsparkli.com/,(631)269-7678, PO Box 322," Kings Park, NY 11754 ",
Lackawanna Area Chamber of Commerce ,,www.lackawannacamber.com,(716)823-8841, 638 Ridge Rd.," Buffalo, NY 14218 ",
Lake George Regional Chamber of Commerce ,,www.lakegeorgechamber.com,(518)668-5755, PO Box 272," Lake George, NY 12845 ",
Larchmont Chamber of Commerce ,,,(914)834-7200, PO Box 799," Larchmont, NY 10538 ",
Lewis County CofC Econ Development Zone ,,www.lewiscountychamber.org,(315)376-2213, 7576 South State St," Lowville, NY 13367 ",
Long Beach NY Chamber of Commerce ,,www.longbeachny.com,(516)432-6000," 350 National Blvd., Suite 1 "," Long Beach, NY 11561 ",
Lynbrook Chamber of Commerce ,,www.lynbrookusa.com,(516)599-7777, PO Box 624," Lynbrook, NY 11563 ",
Lyons Chamber of Commerce ,,,(315)374-4597, PO Box 39," Lyons, NY 14489 ",
Malone Chamber of Commerce ,,www.malonenychamber.com,(518)483-3760, 497 E Main St.," Malone, NY 12953 ",
Manhasset Chamber of Commerce ,,www.manhasset.org,(516)627-1098, PO Box 754," Manhasset, NY 11030 ",
Manorville Chamber of Commerce ,,www.manorvillechamber.org,, PO Box 232," Manorville, NY 11949 ",
Marcy Chamber of Commerce ,,www.marcychamber.com,(315)865-6144, PO Box 429," Marcy, NY 13403 ",
Mastics-shirley Chamber of Commerce ,,,(631)399-2228, 211 Hounslow Road," Shirley, NY 11967 ",
Mattituck Chamber of Commerce ,,,(631)298-5757, PO Box 1056," Mattituck, NY 11952 ",
Mayville/ChautauquaArea Chamber of Commerce ,,,(716)753-3113, PO Box 22," Mayville, NY 14757 ",
Mechanicville-Stillwater Chamber of Commerce ,,www.mschambercommerce.org,(518)664-7791, 312 N 3rd Ave," Mechanicville, NY 12118 ",
Medford Chamber of Commerce ,,www.medfordchamberny.org,(631)475-3374, PO Box 926," Medford, NY 11763 ",
Montauk Chamber of Commerce ,,www.montaukchamber.com,(631)668-2428, 742 Montauk Hwy," Montauk, NY 11954 ",
Moriches Chamber of Commerce ,,www.moricheschamber.com,(631)874-3849, PO Box 686," Center Moriches, NY 11934 ",
Mount Kisco Chamberof Commerce ,,,(914)666-7525, 3 N Moger Ave.," Mount Kisco, NY 10549 ",
Mount Vernon Chamber of Commerce ,,www.mtvernonchamber.org,(914)667-7500, PO Box 351," West Harrison, NY 10604 ",
Narrowsburg Chamber of Commerce ,,www.narrowsburg.org,(845)252-7234, PO Box 300," Narrowsburg, NY 12764 ",
Nassau Cncl. Of Chambers Of Commerce ,,www.ncchambers.org,(516)396-0200, PO Box 365," Bellmore, NY 11710 ",
Netherlands Chamberof Commerce in the United Stat ,,www.netherlands.org,(212)265-6460," One Rockefeller Plaza, 1420 "," New York, NY 10020 ",
New City Chamber ofCommerce ,,,(845)638-1395, PO Box 2221," New City, NY 10956 ",
New Hartford Chamber of Commerce ,,,(315)793-3148, PO Box 372," New Hartford, NY 13413 ",
New Paltz Regional Chamber of Commerce ,,www.newpaltzchamber.org,(845)255-0243, 257 Main St.," New Paltz, NY 12561 ",
New Yorktown Chamber of Commerce ,,www.yorktownchamber.org,(914)245-4599, PO Box 632," Yorktown Heights, NY 10598 ",
Northfork Chamber of Commerce ,,www.greenportsouthold.com,(631)765-3161, PO Box 1415," Southold, NY 11971 ",
Northport Chamber of Commerce ,,www.northportny.com,(631)757-0086, PO Box 33," Northport, NY 11768 ",
Ogdensburg Chamber of Commerce ,,www.OgdensburgNY.com,(315)393-3620, 1 Bridge Plaza," Ogdensburg, NY 13669 ",
Ontario Chamber of Commerce ,,,(315)524-5886, PO Box 100," Ontario, NY 14519 ",
Oyster Bay Chamber of Commerce ,,www.visitoysterbay.com,(516)922-6464, PO Box 21," Oyster Bay, NY 11771 ",
Painted Post Area Board of Trade ,,,(607)937-6162, PO Box 128," Painted Post, NY 14870 ",
Patterson Chamber of Commerce ,,,," 39 Morningside Dr., P.O. Box 316 "," Patterson, NY 12563 ",
Pawling Chamber of Commerce ,,www.pawlingchamber.org,(845)855-0500, PO Box 19," Pawling, NY 12564 ",
Pearl River Chamber of Commerce ,,www.pearlriverny.org,, 4 E Central Avenue," Pearl River, NY 10965 ",
Pelham Chamber of Commerce ,,,(914)738-7380, PO Box 8465," Pelham, NY 10803 ",
Perry Area Chamber of Commerce ,,www.perrychamber.com,(585)237-5040, PO Box 35," Perry, NY 14530 ",
Phelps Chamber of Commerce ,,www.phelpsny.com,(315)548-5481, PO Box 1," Phelps, NY 14532 ",
Plank Road Chamber of Commerce ,,,(315)458-4181, PO Box 324," North Syracuse, NY 13212 ",
Pleasantville Chamber of Commerce ,,www.pleasantville.com,(914)747-6419, PO Box 94," Pleasantville, NY 10570 ",
Port Washington Chamber of Commerce ,,www.portwashington.org,(516)883-6566, 329 Main St.," Port Washington, NY 11050 ",
Potsdam Chamber of Commerce ,,www.potsdam.ny.us,(315)265-5440," 24 Market St, Ste 1 "," Potsdam, NY 13676 ",
Pulaski/Eastern Shore Chamber of Commerce ,,www.pulaskichamberofcommerce.com,(315)298-2213," 4917 N Jefferson St, P.O. Box 34 "," Pulaski, NY 13142 ",
Red Hook Area Chamber of Commerce ,,www.redhookchamber.org,(845)758-0824, PO Box 254," Red Hook, NY 12571 ",
Richfield Area Chamber of Commerce ,,,(315)858-2553, PO Box 909," Richfield Springs, NY 13439 ",
Rockland Chamber ofCommerce ,,,(914)634-4646, PO Box 2001," New City, NY 10956 ",
Rockville Centre Chamber of Commerce ,,,(516)766-0666, PO Box 226," Rockville Centre, NY 11571 ",
Ronkonkoma Chamber of Commerce ,,www.RonkonkomaChamber.com,(631)963-2796, PO Box 2546," Ronkonkoma, NY 11779 ",
Roscoe-Rockland Chamber of Commerce ,,www.roscoeny.com,(845)747-4449, PO Box 443," Roscoe, NY 12776 ",
Rye Chamber of Commerce ,,www.ryemerchantsassociation.com,(914)967-6363, 21 Locust Avenue," Rye, NY 10580 ",
Sackets Harbor Chamber of Commerce ,,www.sacketsharborchamberofcommerce.com,(315)646-1700, PO Box 17," Sackets Harbor, NY 13685 ",
Sag Harbor Chamber of Commerce ,,www.sagharborchamber.com,(631)725-2100," Long Warf, P.O. Box 2810 "," Sag Harbor, NY 11963 ",
Saint James Chamberof Commerce ,,,(631)584-8510," Long Island Rr Station, P.O. Box 286 "," Saint James, NY 11780 ",
Salamanca Area Chamber of Commerce ,,,(716)945-2034," 734 Broad St, #103"," Salamanca, NY 14779 ",
Schoharie County Chamber of Commerce ,,www.schohariechamber.com,(518)295-7033, 315-1 Main St.," Schoharie, NY 12157 ",
Schroon Lake Area Chamber of Commerce ,,www.schroonlakechamber.org,(518)532-7675, PO Box 726," Schroon Lake, NY 12870 ",
Schuylerville Area Chamber of Commerce ,,www.schuylervillechamber.org,(518)695-5268, PO Box 80," Schuylerville, NY 12871 ",
Sidney Chamber of Commerce ,,www.sidneychamber.org,(607)561-2642," 24 River St, P.O. Box 401 "," Sidney, NY 13838 ",
Six Town Chamber of Commerce ,,,(315)232-4215, 10603 Us Rt. 11," Adams, NY 13605 ",
Skaneateles Chamberof Commerce ,,www.skaneateles.com,(315)685-0552, 22 Jordan St.," Skaneateles, NY 13152 ",
Smithtown Chamber of Commerce ,,www.smithtownchamber.org,(631)979-8069, One W Main St.," Smithtown, NY 11787 ",
Sodus Town Chamber of Commerce ,,sodusny.com,(315)483-7256, PO Box 187," Sodus, NY 14551 ",
Southampton Chamber of Commerce ,,www.southamptonchamber.com,(631)283-0402, 76 Main St.," Southampton, NY 11968 ",
Springville Area Chamber of Commerce ,,www.springvillechamber.com,(716)592-4746," 23 North Buffalo St, Suite 23 "," Springville, NY 14141 ",
Suffern Chamber of Commerce ,,www.suffernchamber.org,(845)357-8424, PO Box 291," Suffern, NY 10901 ",
Sugarloaf Chamber of Commerce ,,www.sugarloafnewyork.com,(845)469-9181, PO Box 125," Sugar Loaf, NY 10981 ",
Sunnyside Chamber of Commerce ,,www.sunnysidechamber.org,(718)482-6053," 3110 Thomson Avenue, Ste M222 "," Long Island City, NY 11101 ",
The Greater Mahopac-Carmel Chamber of Commerce ,,www.mahopacchamber.com,(845)628-5553, 963 Route 6," Mahopac, NY 10541 ",
The Greater Middle Country Chamber of Commerce ,,www.middlecountrychamber.com,(631)585-9393, PO Box 65," Centereach, NY 11720 ",
Three Village Chamber of Commerce ,,www.threevillagechamber.com,(631)689-8838, PO Box 6," East Setauket, NY 11733 ",
Ticonderoga Area Chamber of Commerce ,,www.ticonderogany.com,(518)585-6619," 94 Montcalm St., Suite 1 "," Ticonderoga, NY 12883 ",
Town of Hunter Chamber of Commerce ,,www.hunterchamber.org,(518)263-4900, PO Box 177," Hunter, NY 12442 ",
Town of Montgomery Chamber of Commerce ,,,(845)778-0514, 2365 Albany Post Rd.," Walden, NY 12586 ",
Tri-State Chamber of Commerce ,,www.tristatechamber.org,(845)856-6694, 5 S Broome St.," Port Jervis, NY 12771 ",
Tupper Lake Chamberof Commerce ,,www.tupperlakeinfo.com,(518)359-3328," 120 Demars Blvd, 1 "," Tupper Lake, NY 12986 ",
Ulster County Regional Chamber of Commerce ,,www.southernulsterchamber.org,(845)338-5100, 214 Fair St," Kingston, NY 12401 ",
Unadilla Chamber of Commerce ,,www.unadillachamber.org,(607)563-8600, PO Box 275," Unadilla, NY 13849 ",
Valhalla Chamber ofCommerce ,,,(914)684-1687, 32 Broadway," Valhalla, NY 10595 ",
Waddington Area Chamber of Commerce ,,,(315)388-5576, PO Box 291," Waddington, NY 13694 ",
Wading River-shoreham Chamber of Commerce ,,www.wrschamber.org,(631)929-8201, PO Box 348," Wading River, NY 11792 ",
Walton Chamber of Commerce ,,www.waltonchamber.com,(607)865-6656, 1 Liberty St.," Walton, NY 13856 ",
Wantagh Chamber of Commerce ,,www.wantaghchamber.com,(516)679-0100, PO Box 660," Wantagh, NY 11793 ",
Warrensburg Chamber of Commerce ,,www.warrensburgchamber.com,(518)623-2161," 3839 Main St., Suite 2 "," Warrensburg, NY 12885 ",
West Manhattan Chamber of Commerce ,,www.westmanhattanchamber.org,(212)787-1112, PO Box 1028," New York, NY 10024 ",
West Side Chamber of Commerce ,,www.westsidechamber.org,(212)541-8880," 1841 Broadway, 701 "," New York, NY 10023 ",
Westbury-carle Place Chamber of Commerce ,,www.wcpchamber.com,(516)997-3966, PO Box 474," Westbury, NY 11590 ",
Westport Chamber of Commerce ,,www.westportny.com,, PO Box 394," Westport, NY 12993 ",
Whitehall Chamber of Commerce ,,whitehall-chamber.org,(518)499-4435, PO Box 97," Whitehall, NY 12887 ",
Williamson Chamber of Commerce ,,www.williamsonchamberofcommerce.org,(585)697-4012, PO Box 907," Williamson, NY 14589 ",
Windham Chamber of Commerce ,,www.windhamchamber.org,, PO Box 613," Windham, NY 12496 ",
Woodstock Chamber of Commerce ,,woodstockchamber.com/,(845)679-6234, PO Box 36," Woodstock, NY 12498 ",
Wyoming County Chamber of Commerce ,,www.wycochamber.org,(585)237-0230, 6470 Route 20A," Perry, NY 14530 ",
