Bismarck-Mandan Chamber of Commerce ,U.S. Chamber Member,www.bismarckmandan.com,(701)223-5660, 1640 Burnt Boat Dr," Bismarck, ND 58503 ",
Dickinson Area Chamber of Commerce ,U.S. Chamber Member,www.dickinsonchamber.org,(701)225-5115, 314 3rd Avenue West," Dickinson, ND 58601 ",
Greater North Dakota Chamber of Commerce ,U.S. Chamber Member,www.ndchamber.com,(701)222-0929, PO Box 2639," Bismarck, ND 58502 ",
Minot Area Chamber of Commerce ,U.S. Chamber Member,www.minotchamber.org,(701)852-6000, PO Box 940," Minot, ND 58702 ",
"The Chamber Grand Forks, East Grand Forks ",U.S. Chamber Member,www.gochamber.org,(701)772-7271," 202 N 3rd St, Suite 100 "," Grand Forks, ND 58203 ",5 / 5
"The Chamber-Fargo, Moorhead, West Fargo ",U.S. Chamber Member,www.fmchamber.com,(218)233-1100, PO Box 2443," Fargo, ND 58108 ",
Wahpeton Breckenridge Area Chamber of Commerce ,U.S. Chamber Member,,(701)642-8744, 1505 11th St N," Wahpeton, ND 58075 ",
Williston Area Chamber of Commerce ,U.S. Chamber Member,www.willistonchamber.com,(701)577-6000, 1411 West Dakota Pkwy," Williston, ND 58802 ",
Beulah Chamber of Commerce ,,,(701)873-4585," 120 Central Avenue N, P.O. Box 730 "," Beulah, ND 58523 ",
Carrington Area Chamber of Commerce ,,www.cgtn-nd.com,(701)652-2524, 871 Main St," Carrington, ND 58421 ",
Devils Lake Area Chamber of Commerce ,,www.chamber.devilslakend.com,(701)662-4903, 208 Highway 2 West," Devils Lake, ND 58301 ",
Grafton Area Chamber of Commerce ,,www.graftonchamber.com,(701)352-0781, 432 Hill Ave," Grafton, ND 58237 ",
Valley City Area Chamber of Commerce ,,www.valleycitynd.org,(701)845-1891, 250 West Main St," Valley City, ND 58072 ",
Ashley Chamber of Commerce ,,,(701)288-2124, 117 4th St NW," Ashley, ND 58413 ",
Beach Area Chamber of Commerce ,,www.beachnd.com,(701)872-3121, PO Box 757," Beach, ND 58621 ",
Belfield Area Chamber of Commerce ,,www.belfieldnd.com,(701)575-8135, PO Box 959," Belfield, ND 58622 ",
Bottineau Chamber of Commerce ,,www.bottineau.com,(701)228-3849," 519 Main St., Suite 100 "," Bottineau, ND 58318 ",
Bowman Chamber of Commerce ,,www.bowmannd.com,(701)523-5880, Box 1143," Bowman, ND 58623 ",
Cando Area Chamber of Commerce ,,,(701)968-3223, PO Box 814," Cando, ND 58324 ",
Cavalier Area Chamber of Commerce ,,www.cavaliernd.com,(701)265-8188," 106-B W 2nd Ave. S, P.O. Box 271 "," Cavalier, ND 58220 ",
Crosby Chamber of Commerce ,,www.crosbynd.com,(701)965-6352, PO Box 635," Crosby, ND 58730 ",
Drayton Community Chamber of Commerce ,,,(701)454-3474, PO Box 265," Drayton, ND 58225 ",
Fargo-Moorhead Convention & Visitors Bureau ,,,(701)282-3653, 2001 44th St S," Fargo, ND 58103 ",
Garrison Chamber ofCommerce ,,,(701)463-2600, PO Box 459," Garrison, ND 58540 ",
Geographical Centerof North America Chamber of Co ,,rugby-nd.com,(701)776-5846, 126 Second Avenue SW," Rugby, ND 58368 ",
Greater Tabor City Chamber of Commerce ,,,(910)653-2031," 103 E 5th St, P.O. Box 446 "," McClusky, ND 58463 ",
Harvey Area Chamber of Commerce ,,www.harveynd.com,(701)324-2604, 100 E 8th St.," Harvey, ND 58341 ",
Hazen Chamber of Commerce ,,www.hazennd.org,(701)748-6848, PO Box 423," Hazen, ND 58545 ",
Hettinger Area Chamber of Commerce ,,www.hettingernd.com,(701)567-2531, PO Box 1031," Hettinger, ND 58639 ",
Kenmare Assn. Of Commerce ,,www.kenmarend.com,(701)385-4287, PO Box 324," Kenmare, ND 58746 ",
Kenmare Association of Commerce ,,,(701)385-4857, PO Box 324," Kenmare, ND 58746 ",
Langdon Chamber of Commerce ,,www.langdoncc.org,(701)256-3079, PO Box 348," Langdon, ND 58249 ",
Medora Chamber of Commerce ,,www.medorandchamber.com,(701)690-5639, PO Box 186," Medora, ND 58645 ",
Mott Area Chamber of Commerce & Dev. Assistance ,,www.discovermott.com,(701)824-2891, PO Box 37," Mott, ND 58646 ",
Mott Area CoC ,,,(701)824-2163, PO Box 37," Mott, ND 58646 ",
New England Chamberof Commerce ,,,(701)579-4608, PO Box 151," New England, ND 58647 ",
New England Commercial Club ,,www.newenglandcommercialclub.com,(701)579-8001, PO Box 151," New England, ND 58647 ",
New Rockford Area Chamber of Commerce ,,www.newrockford-nd.com,(701)947-2211, PO Box 67," New Rockford, ND 58356 ",
New Town Chamber ofCommerce ,,,(701)627-4812, PO Box 422," New Town, ND 58763 ",
Ray Association of Commerce ,,,(701)568-3331, PO Box 93," Ray, ND 58849 ",
Ray Chamber of Commerce ,,www.raynd.com,(701)568-3343, PO Box 153," Ray, ND 58849 ",
Rolla Chamber of Commerce ,,,(701)477-6495, PO Box 712," Rolla, ND 58367 ",
Tioga Chamber of Commerce ,,,(701)664-2807, PO Box 52," Tioga, ND 58852 ",
Velva Assn. Of Commerce ,,www.velva.net,(701)338-2816, PO Box 334," Velva, ND 58790 ",
Walhalla Area Chamber of Commerce ,,tradecorridor.com/walhalla/,(701)549-3939, PO Box 34," Walhalla, ND 58282 ",
Watford City Area Chamber of Commerce ,,www.4eyes.net,(701)675-2526, PO Box 458," Watford City, ND 58854 ",
