Alamance County Area Chamber of Commerce ,U.S. Chamber Member,www.alamancechamber.com,(336)228-1338, 610 South Lexington Ave," Burlington, NC 27215 ",
Anson County Chamber of Commerce ,U.S. Chamber Member,www.ansoncounty.org/chamber,(704)694-4181, 101 W Martin St.," Wadesboro, NC 28170 ",
Apex Chamber of Commerce ,U.S. Chamber Member,www.apexchamber.com,(919)362-6456, 220 North Salem St," Apex, NC 27502 ",
Asheboro Randolph Chamber of Commerce ,U.S. Chamber Member,chamber.asheboro.com/,(336)626-2626, 137 South Fayetteville St," Asheboro, NC 27203 ",
Blowing Rock Chamber of Commerce ,U.S. Chamber Member,www.blowingrock.com,(828)295-7851, 132 Park Ave," Blowing Rock, NC 28605 ",
Brunswick County Chamber of Commerce ,U.S. Chamber Member,www.brunswickcountychamber.org,(910)754-6644, 4948 Main St," Shallotte, NC 28459 ",
Burke County Chamber of Commerce ,U.S. Chamber Member,www.burkecountychamber.org,(828)437-3021, 110 East Meeting St," Morganton, NC 28655 ",
Caldwell County Chamber of Commerce ,U.S. Chamber Member,www.caldwellcochamber.org/,(828)726-0616, 1909 Hickory Boulevard SE," Lenoir, NC 28645 ",
Cary Chamber of Commerce ,U.S. Chamber Member,www.carychamber.com,(919)467-1016, PO Box 4351," Cary, NC 27519 ",
Catawba County Chamber of Commerce ,U.S. Chamber Member,www.catawbachamber.org,(828)328-6000, P.O. Box 1828," Hickory, NC 28603 ",
Charlotte Regional Business Alliance ,U.S. Chamber Member,www.charlotteregion.com,(704)378-1330, 330 S Tryon St," Charlotte, NC 28202 ",
Clayton Area Chamber of Commerce ,U.S. Chamber Member,www.claytonchamber.com,(919)553-6352, 301 E Main St," Clayton, NC 27520 ",
Columbus Chamber of Commerce & Tourism ,U.S. Chamber Member,www.thecolumbuschamber.com,(910)642-3171, 601 South Madison St," Whiteville, NC 28472 ",
Eden Chamber of Commerce ,U.S. Chamber Member,www.edenchamber.com/,(336)623-3336, 678 South Van Buren Rd," Eden, NC 27288 ",
Elizabeth City Area Chamber of Commerce ,U.S. Chamber Member,www.elizabethcitychamber.org/,(252)335-4365, 502 E Ehringhaus St.," Elizabeth City, NC 27909 ",
Elizabethtown-White Lake Chamber of Commerce ,U.S. Chamber Member,www.elizabethtownnc.org/,(910)862-4368, 103 East Broad St," Elizabethtown, NC 28337 ",
Fuquay-Varina Chamber of Commerce ,U.S. Chamber Member,www.fuquay-varina.com,(919)552-4947, 121 North Main St," Fuquay-Varina, NC 27526 ",
Garner Chamber of Commerce ,U.S. Chamber Member,www.garnerchamber.com,(919)772-6440, 401 Circle Dr," Garner, NC 27529 ",
Gaston Regional Chamber of Commerce ,U.S. Chamber Member,www.gastonchamber.com,(704)864-2621, 601 West Franklin Blvd," Gastonia, NC 28052 ",
Greater Fayetteville Chamber of Commerce ,U.S. Chamber Member,www.faybiz.com/,(910)483-8133, 159 Maxwell St," Fayetteville, NC 28301 ",
Greater Franklin County Chamber of Commerce ,U.S. Chamber Member,www.franklin-chamber.org,(919)496-3056, PO Box 62," Louisburg, NC 27549 ",
Greater Raleigh Chamber of Commerce ,U.S. Chamber Member,www.raleighchamber.org,(919)664-7020, PO Box 2978," Raleigh, NC 27602 ",
Greater Winston-Salem Inc. ,U.S. Chamber Member,www.winstonsalem.com,(336)728-9200," 411 W 4th St, Ste 211 "," Winston-Salem, NC 27101 ",
Greensboro Chamber of Commerce ,U.S. Chamber Member,www.greensboro.org,(336)708-6286, 111 W FebruaryOne Pl," Greensboro, NC 27401 ",
Greenville-Pitt County Chamber of Commerce ,U.S. Chamber Member,www.greenvillenc.org,(252)752-4101, 302 South Greene St," Greenville, NC 27834 ",5 / 5
Holly Springs Chamber of Commerce ,U.S. Chamber Member,www.hollyspringschamber.org,(919)567-1796," 344 Raleigh St, Suite 100 "," Holly Springs, NC 27540 ",
Kinston-Lenoir County Chamber of Commerce ,U.S. Chamber Member,www.kinstonchamber.com,(252)527-1131, Po Box 157," Kinston, NC 28502 ",
Knightdale Chamber of Commerce ,U.S. Chamber Member,www.knightdalechamber.com,(919)266-8170, 207 Main St," Knightdale, NC 27545 ",
Laurinburg/Scotland Cnty Area Chamber of Commerce ,U.S. Chamber Member,www.laurinburgchamber.org,(910)276-7420, 606 Atkinson St," Laurinburg, NC 28352 ",
Lewisville-Clemmons Chamber of Commerce ,U.S. Chamber Member,www.lewisville-clemmons.com,(336)970-5100," 3540 Clemmons Rd, Suite 112 "," Clemmons, NC 27012 ",
Moore County Chamber of Commerce ,U.S. Chamber Member,www.moorecountychamber.com/,(910)692-3926," 1295 Old US Hwy 1 S, Suite B "," Southern Pines, NC 28387 ",
Morrisville Chamber of Commerce ,U.S. Chamber Member,www.morrisvillenc.com,(919)463-7159," 260 Town Hall Drive Ste A, White Ventures Chamber Building "," Morrisville, NC 27560 ",
NC Chamber ,U.S. Chamber Member,www.ncchamber.com,(919)836-1407," 701 Corporate Center Dr, Suite 400 "," Raleigh, NC 27607 ",
Rolesville Chamber of Commerce ,U.S. Chamber Member,www.rolesvillechamber.org,(919)562-7069, Po Box 518," Rolesville, NC 27571 ",
Rowan County Chamber of Commerce ,U.S. Chamber Member,www.rowanchamber.com,(704)633-4221, 204 East Innes St," Salisbury, NC 28144 ",
Sanford Area Growth Alliance ,U.S. Chamber Member,growsanfordnc.com/chamber,(919)775-7341, Po Box 519," Sanford, NC 27331 ",
Southport Oak Island Area Chamber of Commerce ,U.S. Chamber Member,www.southport-oakisland.com,(910)457-6964, 4433 Long Beach Rd SE," Southport, NC 28461 ",
Stanly County Chamber of Commerce ,U.S. Chamber Member,www.stanly-chamber.org/,(704)982-8116, 116 East North St," Albemarle, NC 28002 ",
Statesville Chamber of Commerce ,U.S. Chamber Member,www.statesvillechamber.org,(704)873-2892," 121 North Center St, Suite 101 "," Statesville, NC 28677 ",
Thomasville Area Chamber of Commerce ,U.S. Chamber Member,www.thomasvillechamber.net/,(336)475-6134, PO Box 1400," Thomasville, NC 27361 ",
Union County Chamber of Commerce ,U.S. Chamber Member,www.unioncountycoc.com,(704)289-4567, 903 Skyway Dr," Monroe, NC 28110 ",
Wilkes Chamber of Commerce ,U.S. Chamber Member,www.wilkesnc.org,(336)838-8662, PO Box 727," North Wilkesboro, NC 28659 ",
Wilmington Chamber of Commerce ,U.S. Chamber Member,www.wilmingtonchamber.org,(910)762-2611, One Estell Lee Pl," Wilmington, NC 28401 ",
Wilson Chamber of Commerce ,U.S. Chamber Member,www.wilsonncchamber.com,(252)237-0165, 200 Nash Street NE," Wilson, NC 27893 ",
Zebulon Chamber of Commerce ,U.S. Chamber Member,www.zebulonchamber.org/,(919)269-6320, 815 N Arendell Ave," Zebulon, NC 27597 ",
Archdale-Trinity Chamber of Commerce ,,www.archdaletrinitychamber.com,(336)434-2073, PO Box 4634," Archdale, NC 27263 ",
Asheville Area Chamber of Commerce ,,www.ashevillechamber.org,(828)258-6123, 36 Montford Avenue," Asheville, NC 28801 ",
Belhaven Community Chamber of Commerce ,,www.belhavenchamber.com,(252)943-3770," 125 W Main St., P.O. Box 147 "," Belhaven, NC 27810 ",
Benson Chamber of Commerce ,,www.benson-chamber.com/,(919)894-3825, 122 East Main St," Benson, NC 27504 ",
Boone Area Chamber of Commerce ,,www.boonechamber.com,(828)264-2225," 870 West King St, Suite A "," Boone, NC 28607 ",
Brevard-Transylvania Chamber of Commerce ,,www.brevardncchamber.org,(828)883-3700, 175 East Main St," Brevard, NC 28712 ",
Burgaw Area Chamber of Commerce ,,www.burgawchamber.com,(910)259-9817, PO Box 1096," Burgaw, NC 28425 ",
Cabarrus Regional Chamber of Commerce ,,www.cabarrus.biz,(704)782-4000, 3003 Dale Earnhardt Blvd," Kannapolis, NC 28083 ",
Carteret County Chamber of Commerce ,,www.nccoastchamber.com,(252)726-6350," 801 Arendell St, Suite 1 "," Morehead City, NC 28557 ",
Caswell County Chamber of Commerce ,,www.caswellchamber.com,(336)694-6106, PO Box 29," Yanceyville, NC 27379 ",
Chapel Hill-Carrboro Chamber of Commerce ,,www.carolinachamber.org,(919)967-7075, 104 South Estes Dr," Chapel Hill, NC 27515 ",
Chatham Chamber of Commerce ,,www.ccucc.net,(919)742-3333, 531 East 3rd St," Siler City, NC 27344 ",
Cherokee County Chamber of Commerce ,,www.cherokeecountychamber.com,(828)837-2242, 805 West US Highway 64," Murphy, NC 28906 ",
Clay County Chamber of Commerce ,,www.ncmtnchamber.com,(828)389-3704, 96 Sanderston St," Hayesville, NC 28904 ",
Cleveland County Chamber of Commerce ,,www.clevelandchamber.org,(704)487-8521, PO Box 879," Shelby, NC 28151 ",
Clinton-Sampson Chamber of Commerce ,,www.clintonareacoc.org,(910)592-6177, PO Box 467," Clinton, NC 28329 ",
Currituck County Chamber of Commerce ,,www.currituckchamber.org,(252)453-9497, PO Box 937," Moyock, NC 27958 ",
Davie County Chamber Commerce ,,www.daviecounty.com/,(336)751-3304, 135 South Salisbury St," Mocksville, NC 27028 ",
Dunn Area Chamber of Commerce ,,www.dunnchamber.com,(910)892-4113, PO Box 548," Dunn, NC 28335 ",
Farmville Chamber of Commerce ,,,(252)753-4670," 3744 South Main St, PO Box 150 "," Farmville, NC 27828 ",
Granville County Chamber of Commerce ,,www.granville-chamber.com/,(919)693-6125, PO Box 820," Oxford, NC 27565 ",
Greater Durham Chamber of Commerce ,,www.durhamchamber.org,(919)328-8700, PO Box 3829," Durham, NC 27702 ",
Greater Hyde County Chamber of Commerce ,,,(252)926-9171, 20791 US 264," Swanquarter, NC 27885 ",
Greater Mount Airy Chamber of Commerce ,,www.mtairyncchamber.org,(336)786-6116, PO Box 913," Mount Airy, NC 27030 ",3 / 5
Greater Topsail Area Chamber of Commerce ,,www.topsailchamber.org,(910)329-4446," 13775 Highway 50, Suite 101 "," Surf City, NC 28445 ",
Havelock Area Chamber of Commerce ,,www.havelockchamber.net,(252)447-1101," 201 Tourist Center Dr, PO Box 21 "," Havelock, NC 28532 ",
Haywood County Chamber of Commerce ,,www.haywood-nc.com,(828)456-3021," 28 Walnut St, Suite 1 "," Waynesville, NC 28786 ",
Henderson County Chamber of Commerce ,,www.hendersoncountychamber.org,(828)692-1413, 204 Kanuga Rd," Hendersonville, NC 28739 ",
Henderson-Vance County Chamber of Commerce ,,www.hendersonvance.org,(252)438-8414, PO Box 1302," Henderson, NC 27536 ",
High Point Chamber of Commerce ,,www.highpointchamber.org,(336)882-5000, 1101 North Main St," High Point, NC 27262 ",
Highlands Chamber of Commerce ,,www.highlandschamber.org/,(828)526-5841, PO Box 62," Highlands, NC 28741 ",
Hope Mills Area Chamber of Commerce ,,,(910)423-4314, PO Box 451," Hope Mills, NC 28348 ",
Jacksonville-Onslow Chamber of Commerce ,,www.jacksonvilleonline.org,(910)347-3141, 1099 Gum Branch Rd," Jacksonville, NC 28540 ",
Kernersville Chamber of Commerce ,,www.kernersvillenc.com,(336)993-4521, 136 East Mountain St," Kernersville, NC 27284 ",
King Chamber of Commerce ,,www.kingnc.com,(336)983-9308, PO Box 863," King, NC 27021 ",
Lake Gaston Regional Chamber of Commerce ,,www.LakeGastonChamber.com,(252)586-5711, 2357 Eaton Ferry Rd," Littleton, NC 27850 ",
Lake Norman Chamber of Commerce ,,www.lakenormanchamber.org,(704)892-1922, 19900 West Catawba Ave," Cornelius, NC 28031 ",
Lexington Chamber of Commerce ,,www.lexingtonchamber.net/,(336)248-5929, 507 E Center St," Lexington, NC 27292 ",
Lincolnton-Lincoln County Chamber of Commerce ,,www.lincolncounty.org,(704)735-3096, PO Box 1617," Lincolnton, NC 28093 ",
McDowell Chamber of Commerce ,,www.mcdowellchamber.com,(828)652-4240, 1170 West Tate St," Marion, NC 28752 ",
Mooresville-South Iredell Chamber of Commerce ,,www.mooresvillenc.org,(704)664-6111, PO Box 628," Mooresville, NC 28115 ",
Mount Olive Chamber of Commerce ,,www.moachamber.com,(919)658-3113, 123 North Center St," Mount Olive, NC 28365 ",
New Bern Area Chamber of Commerce ,,www.newbernchamber.com,(252)637-3111, 316 South Front St," New Bern, NC 28560 ",
North Brunswick Chamber of Commerce ,,www.nbchamberofcommerce.com,(910)383-0553, PO Box 100," Leland, NC 28451 ",
Perquimans County Chamber of Commerce ,,perquimanschamber.com/,(252)506-2656, 118 West Market St," Hertford, NC 27944 ",
"Reidsville Chamber of Commerce, Inc. ",,www.reidsvillechamber.org,(336)349-8481, PO Box 1020," Reidsville, NC 27323 ",
Roanoke Valley Chamber of Commerce ,,www.rvchamber.com,(252)537-3513, 260 Premier Blvd," Roanoke Rapids, NC 27870 ",
Rocky Mount Area Chamber of Commerce ,,www.rockymountchamber.org,(252)973-1211," 100 Coastline St, Ste 200 "," Rocky Mount, NC 27804 ",
Rose Hill Chamber of Commerce ,,www.rosehillnc.org,(910)271-4673, PO Box 985," Rose Hill, NC 28458 ",
Roxboro Area Chamber of Commerce ,,roxboronc.com/,(336)599-8333, 211 North Main St," Roxboro, NC 27573 ",
Rutherford County Chamber of Commerce ,,www.rutherfordcoc.com,(828)287-3090, 162 North Main St," Rutherfordton, NC 28139 ",
Swansboro Area Chamber of Commerce ,,swansborochamber.org/,(910)326-1174, 108 Webb St," Swansboro, NC 28584 ",
The Greater Spring Lake Chamber of Commerce ,,www.springlakenc.org,(910)497-8821," 300 Ruth St, Suite 16 "," Spring Lake, NC 28390 ",
The Wallace Area Chamber of Commerce ,,www.wallacechamber.com/,(910)285-4044, PO Box 427," Wallace, NC 28466 ",
Washington Beaufort County Chamber of Commerce ,,www.wbcchamber.com/,(252)946-9169, 102 Stewart Parkway," Washington, NC 27889 ",
Wayne County Chamber of Commerce ,,www.waynecountychamber.com,(919)734-2241, PO Box 1107," Goldsboro, NC 27533 ",
Western Rockingham Chamber of Commerce ,,wrcchamber.com/,(336)548-6248, 112 West Murphy St," Madison, NC 27025 ",
Yadkin County Chamber of Commerce ,,www.yadkinchamber.org,(336)679-2200," 205 S Jackson St, PO Box 1840 "," Yadkinville, NC 27055 ",
Yadkin Valley Chamber of Commerce ,,yadkinvalley.org,(336)526-1111, PO Box 496," Elkin, NC 28621 ",
Yancey County/Burnsville Chamber of Commerce ,,www.yanceychamber.com,(828)682-7413, 106 West Main St," Burnsville, NC 28714 ",
African American Chamber of Commerce ,,,, PO Box 790081," Charlotte, NC 28206 ",
Ahoskie Chamber of Commerce ,,,(252)332-2042," 310 S Catherine Creek Rd., P.O. Box 7 "," Ahoskie, NC 27910 ",
Alleghany County Chamber of Commerce ,,www.sparta-nc.com,(336)372-5473, 348 S Main St.," Sparta, NC 28675 ",
Andrews Chamber of Commerce ,,www.andrewschambercommerce.com,(828)321-3584, PO Box 800," Andrews, NC 28901 ",
Angier Chamber of Commerce ,,www.angierchamber.org,(919)639-2500, 24 East Depot St," Angier, NC 27501 ",
Ashe County Chamberof Commerce & Visitors Center ,,www.ashechamber.com,(336)246-9550, 1 N Jefferson Ave.," West Jefferson, NC 28694 ",
Aurora Richland Twp. Chamber of Commerce ,,www.aurorarichlandchamber.com,(252)322-4405, PO Box 326," Aurora, NC 27806 ",
Avery County Chamber of Commerce ,,www.averycounty.com,(828)898-5605," 4501 Tynecastle Hwy, Unit 2 "," Banner Elk, NC 28604 ",
Ayden Chamber of Commerce ,,,(252)746-2266, PO Box 31," Ayden, NC 28513 ",
Beech Mountain AreaChamber of Commerce ,,www.beechmtn.com,(828)387-9283, 403a Beech Mountain Pkwy.," Beech Mountain, NC 28604 ",
Belmont Chamber of Commerce ,,www.ci.belmont.nc.us/Belmont,(704)825-5307," 32 N Main St., P.O. Box 368 "," Belmont, NC 28012 ",
Bermuda Run Chamber of Commerce ,,www.bermudarunchamber.com/,(336)946-0333, 6255 Town Center Dr," Clemmons, NC 27012 ",
Bessemer City Area Chamber of Commerce ,,,(704)629-3900," 201 W Washington Ave., P.O. Box 1342 "," Bessemer City, NC 28016 ",
Black Mountain-Swannanoa Chamber of Commerce ,,www.blackmountain.org,(828)669-2300, 201 E State St.," Black Mountain, NC 28711 ",
Caldwell Chamber Of Commerce ,,,(828)726-0616, 1909 Hickory Blvd SE," Lenoir, NC 28645 ",
Carolina Foothills Chamber of Commerce ,,polkchamber.org,(828)859-6236," 2753 Lynn Rd., A "," Tryon, NC 28782 ",
Cashiers Area Chamber of Commerce ,,www.cashiers-nc.com,(828)743-5191, PO Box 238," Cashiers, NC 28717 ",
Chamber of Commerce Of Warren County ,,www.warren-chamber.org,, 130 N Main St," Warrenton, NC 27589 ",
Cherokee Chamber of Commerce ,,www.cherokee-nc.com,(828)497-9195, PO Box 460," Cherokee, NC 28719 ",
Cherryville C Of C & Edc ,,www.cherryvillechamber.com,(704)435-3451, 220 E Main St," Cherryville, NC 28021 ",
Christian Business Chamber ,,,(704)900-5855, 11139 Waxberry Dr," Charlotte, NC 28277 ",
Coats Area Chamber of Commerce ,,www.coatschamber.com,(910)897-6213, PO Box 667," Coats, NC 27521 ",
Denton Area Chamberof Commerce ,,,(336)859-5922, PO Box 1268," Denton, NC 27239 ",
Edenton-Chowan Chamber of Commerce ,,www.edenton.com,(252)482-3400, 116 E King St.," Edenton, NC 27932 ",
Erwin Area Chamber of Commerce ,,,(910)897-7300, PO Box 655," Erwin, NC 28339 ",
Fair Bluff Chamber of Commerce ,,www.fairbluff.com/,(910)649-7201, 1140 Main St," Fair Bluff, NC 28439 ",
Franklin Area Chamber of Commerce ,,www.franklin-chamber.com,(828)524-3161, 98 Hyatt Rd," Franklin, NC 28734 ",
Franklin County Chamber Of Commerce ,,,, 112 E Nash St," Louisburg, NC 27549 ",
Greater Chadbourn Chamber of Commerce ,,,(910)654-3445," 115 N Brown St., P.O. Box 200 "," Chadbourn, NC 28431 ",
Greater Cleveland Chamber of Commerce ,,,(919)773-8448," 5533 Nc W, Suite A4-1"," Garner, NC 27529 ",
Greene County Chamber of Commerce ,,www.greenechamber.com,(252)747-8090, PO Box 364," Snow Hill, NC 28580 ",
Grifton Chamber of Commerce ,,www.grifton.com,(252)524-5169, PO Box 133," Grifton, NC 28530 ",
Hickory Nut Gorge Chamber of Commerce ,,,(828)625-2725, PO Box 32," Chimney Rock, NC 28720 ",
Hillsborough/OrangeCounty Chamber of Commerce ,,www.hillsboroughchamber.com,(919)732-8156," 1000 Corporate Dr, #301"," Hillsborough, NC 27278 ",
Jackson County Chamber of Commerce ,,www.mountainlovers.com,(828)586-2155, 773 W Main St.," Sylva, NC 28779 ",
Kenansville-Duplin County Chamber of Commerce ,,,(910)275-0323, PO Box 34," Kenansville, NC 28349 ",
Kenly Area Chamber of Commerce ,,www.kenlynorthcarolina.com,, PO Box 190," Kenly, NC 27542 ",
Liberty Chamber of Commerce ,,,(336)622-4937," 112 S Greensboro, P.O. Box 986 "," Liberty, NC 27298 ",
Lillington Area Chamber of Commerce ,,www.lillington.org,(910)893-3751," 827 1/2 8th St., P.O. Box 967 "," Lillington, NC 27546 ",
Lumberton Area Chamber of Commerce ,,www.lumbertonchamber.com,(910)739-4750, 800 N Chestnut St.," Lumberton, NC 28358 ",
Madison County Chamber of Commerce ,,www.madisoncounty-nc.com,(828)689-9351," 635 Carl Eller Road, Unit 4 "," Mars Hill, NC 28754 ",
Maggie Valley Area Chamber of Commerce & CVB ,,www.maggievalley.org,(828)926-1686, PO Box 279," Maggie Valley, NC 28751 ",
Marshville Chamber of Commerce ,,,(704)624-3183, PO Box 337," Marshville, NC 28103 ",
Martin County Chamber of Commerce ,,www.MartinCountyNC.com,(252)792-4131, 415 E Blvd.," Williamston, NC 27892 ",
Matthews Chamber of Commerce ,,www.matthewschamber.org,(704)847-3649," 608 Matthews-Mint Hill Rd., 106 "," Matthews, NC 28105 ",
Mitchell County Chamber of Commerce ,,www.mitchell-county.com,(828)765-9483, 11 Crystal St," Spruce Pine, NC 28777 ",
Montgomery County Chamber of Commerce ,,www.montgomery-county.com,(910)572-4300, 444 N Main St," Troy, NC 27371 ",
Mooresville South Iredelll Chamber of Commerce ,,,(704)664-3898, 149 E Iredell Ave," Mooresville, NC 28117 ",
Murfreesboro Chamber of Commerce ,,,(252)398-4886," 116 E Main St., P.O. Box 393 "," Murfreesboro, NC 27855 ",
Nashville Chamber of Commerce ,,www.townofnashville.com,(252)459-4050," PO Box 1003, P.O. Box 1506 "," Nashville, NC 27856 ",
Northampton County Chamber of Commerce ,,www.northamptonchamber.org,(252)534-1383, PO Box 1035," Jackson, NC 27845 ",
Old Fort Chamber of Commerce ,,www.oldfortchamber.com,, 25 W Main St," Old Fort, NC 28762 ",
Outer Banks Chamber of Commerce ,,www.outerbankschamber.com,(252)441-8144, 101 Town Hall Dr.," Kill Devil Hills, NC 27948 ",
Pamlico County Chamber of Commerce ,,www.pamlicochamber.com,(252)745-3008, PO Box 92," Grantsboro, NC 28529 ",
Pembroke Area Chamber of Commerce ,,,(910)521-0549, PO Box 1978," Pembroke, NC 28372 ",
"Pleasure Island, Carolina & Kure Beach Chamber of ",,caro-kure.wilmington.net,(910)458-8434, 1140b N Lake Park Blvd.," Carolina Beach, NC 28428 ",
Raeford-Hoke Chamber of Commerce ,,www.hoke-raeford.com/chamber.htm,(910)875-5929, 101 N Main St.," Raeford, NC 28376 ",
Randleman Chamber of Commerce ,,,(336)495-1100," 102 W Naomi St., P.O. Box 207 "," Randleman, NC 27317 ",
Red Springs Chamber of Commerce ,,redspringschamber.org,(910)843-5441, 225 S Main," Red Springs, NC 28377 ",
Saint Pauls Chamber of Commerce ,,,(910)865-5164, PO Box 243," Saint Pauls, NC 28384 ",
Spring Hope Area Chamber of Commerce ,,www.springhopechamber.com,, PO Box 255," Spring Hope, NC 27882 ",
Swain County Chamber of Commerce ,,www.greatsmokies.com,(828)488-3681, 16 Everett St.," Bryson City, NC 28713 ",
Topsail Chamber of Commerce ,,,(910)270-9642," 13775 Highway 50, #101"," Holly Ridge, NC 28445 ",
Warsaw Chamber of Commerce ,,,(910)293-7804, PO Box 585," Warsaw, NC 28398 ",
Wendell Chamber of Commerce ,,www.wendellchamber.com,(919)365-6318," 115 N Pine St., P.O. Box 562 "," Wendell, NC 27591 ",
Windsor/bertie County Chamber of Commerce ,,www.windsorbertie.com,(252)794-4277, 102 N York St," Windsor, NC 27983 ",
