Bedford County Chamber of Commerce ,U.S. Chamber Member,www.bedfordcountychamber.org,(814)623-2233, 203 S Juliana St," Bedford, PA 15522 ",
Blair County Chamber of Commerce ,U.S. Chamber Member,www.blairchamber.com,(814)943-8151," 3900 Industrial Park Dr, Ste 12 "," Altoona, PA 16602 ",
Cambria Regional Chamber ,U.S. Chamber Member,www.citipage.com/chamber,(814)536-5107," 245 Market St, Suite 100 "," Johnstown, PA 15901 ",
Chamber of Commerce for Greater Philadelphia ,U.S. Chamber Member,,(215)790-3666," 200 S Broad St, Ste 700 "," Philadelphia, PA 19102 ",
Clarion Area Chamber of Commerce ,U.S. Chamber Member,www.clarionpa.com,(814)226-9161, 650 Main St," Clarion, PA 16214 ",
Columbia Montour Chamber of Commerce ,U.S. Chamber Member,www.bloomsburg.org,(570)784-2522, 238 Market St," Bloomsburg, PA 17815 ",
Delaware County Chamber of Commerce ,U.S. Chamber Member,www.delcochamber.org,(610)565-3677," 1001 Baltimore Pike, Suite 9LL "," Springfield, PA 19064 ",
Erie Regional Chamber and Growth Partnership ,U.S. Chamber Member,www.eriepa.com,(814)454-7191," 208 East Bayfront Pkwy, Suite 100 "," Erie, PA 16507 ",
Gettysburg Adams Chamber of Commerce ,U.S. Chamber Member,www.gettysburg-chamber.org,(717)334-8151, 1382 Biglerville Rd," Gettysburg, PA 17325 ",
Greater Chambersburg Chamber of Commerce ,U.S. Chamber Member,www.chambersburg.org,(717)264-7101," 100 Lincoln Way East, Suite A "," Chambersburg, PA 17201 ",5 / 5
Greater DuBois Area Chamber of Commerce ,U.S. Chamber Member,www.duboispachamber.com,(814)371-5010," 103 Beaver Dr, Suite 205 "," Du Bois, PA 15801 ",
Greater Lehigh Valley Chamber of Commerce ,U.S. Chamber Member,www.lehighvalleychamber.org,(610)841-5800, 840 Hamilton St," Allentown, PA 18101 ",
Greater Pittsburgh Chamber of Commerce ,U.S. Chamber Member,www.pittsburghchamber.com,(412)392-4500," 11 Stanwix St, 17th Floor "," Pittsburgh, PA 15222 ",
Greater Scranton Chamber of Commerce ,U.S. Chamber Member,www.scrantonchamber.com,(570)342-7711, PO Box 431," Scranton, PA 18501 ",
Greater Wilkes-Barre Chamber of Commerce ,U.S. Chamber Member,wilkes-barre.org,(570)823-2101, 2 Public Sq," Wilkes-Barre, PA 18701 ",
Hanover Area Chamber of Commerce ,U.S. Chamber Member,www.hanoverchamber.com,(717)637-6130, 146 Carlisle St," Hanover, PA 17331 ",5 / 5
Harrisburg Regional Chamber & CREDC ,U.S. Chamber Member,www.harrisburgregionalchamber.org,(717)232-4099," 3211 North Front St, #201"," Harrisburg, PA 17110 ",5 / 5
Huntingdon County Chamber of Commerce ,U.S. Chamber Member,www.huntingdonchamber.com,(814)643-1110, 500 Allegheny St," Huntingdon, PA 16652 ",
Indiana County Chamber of Commerce ,U.S. Chamber Member,www.indianapa.com/chamber,(724)465-2511, 1019 Philadelphia St," Indiana, PA 15701 ",
Lancaster Chamber of Commerce and Industry ,U.S. Chamber Member,www.lcci.com,(717)397-3531, 115 E King St," Lancaster, PA 17602 ",
Lawrence County Regional Chamber of Commerce ,U.S. Chamber Member,www.lawrencecountychamber.org,(724)658-1488, 325 E Washington St," New Castle, PA 16101 ",
Lebanon Valley Chamber of Commerce ,U.S. Chamber Member,www.lvchamber.org/,(717)273-3727, 604 Cumberland St," Lebanon, PA 17042 ",
Lower Bucks County Chamber of Commerce ,U.S. Chamber Member,www.lbccc.org,(215)943-7400, 409 Hood Blvd," Fairless Hills, PA 19030 ",
Main Line Chamber of Commerce ,U.S. Chamber Member,www.mlcc.org,(610)687-6232," 175 Strafford Avenue, #130 "," Wayne, PA 19087 ",
Meadville-Western Crawford County Chamber ,U.S. Chamber Member,www.meadvillechamber.com,(814)337-8030, 908 Diamond Park," Meadville, PA 16335 ",
Mon Valley Regional Chamber of Commerce ,U.S. Chamber Member,www.mvrchamber.org,(724)483-3507, One Chamber Plaza," Charleroi, PA 15022 ",
Monroeville Area Chamber of Commerce ,U.S. Chamber Member,www.monroevillechamber.com,(412)856-0622," 2790 Mosside Blvd, Suite 150 "," Monroeville, PA 15146 ",
Pennsylvania Chamber of Business and Industry ,U.S. Chamber Member,www.pachamber.org,(717)720-5469, 417 Walnut St," Harrisburg, PA 17101 ",
Pittsburgh North Regional Chamber ,U.S. Chamber Member,www.thechamberinc.com,(724)934-9700," 5000 Brooktree Rd, Suite 100 "," Wexford, PA 15090 ",
Schuylkill Chamber of Commerce ,U.S. Chamber Member,www.schuylkillchamber.com,(570)622-1942," One Progress Circle, Union Station, Suite 201 "," Pottsville, PA 17901 ",
Southern Chester County Chamber of Commerce ,U.S. Chamber Member,www.scccc.com,(610)444-0774," 8 Federal Rd, Suite 1 "," West Grove, PA 19390 ",
Spring-Ford Chamber of Commerce ,U.S. Chamber Member,www.springfordchamber.com,(610)489-7200," 313 West Ridge Pike, 2nd Floor "," Limerick, PA 19468 ",
TriCounty Area Chamber of Commerce ,U.S. Chamber Member,www.tricountyareachamber.com/,(610)326-2900," 152 East High St, Suite 360 "," Pottstown, PA 19464 ",
Venango Area Chamber of Commerce ,U.S. Chamber Member,www.venangochamber.org,(814)676-8521," 41 Main St, PO Box 376 "," Oil City, PA 16301 ",
Warren County Chamber of Business & Industry ,U.S. Chamber Member,www.wccbi.org,(814)723-3050, 308 Market St," Warren, PA 16365 ",
Westmoreland County Chamber of Commerce ,U.S. Chamber Member,www.westmorelandchamber.com/,(724)834-2900, 241 Tollgate Hill Rd," Greensburg, PA 15601 ",
Williamsport-Lycoming Chamber of Commerce ,U.S. Chamber Member,www.williamsport.org,(570)326-1971, 102 W 4th St Frnt," Williamsport, PA 17701 ",
York County Economic Alliance ,U.S. Chamber Member,www.yorkchamber.com,(717)848-4000, 144 Roosevelt Ave," York, PA 17401 ",
Alle Kiski Strong Chamber of Commerce ,,www.allekiskistrong.com/,(724)224-3400, 308 Pittsburgh Mills Cir," Tarentum, PA 15084 ",
Beaver County Chamber of Commerce ,,www.beavercountychamber.com,(724)775-3944, 798 Turnpike St," Beaver, PA 15009 ",
Carlisle Area Chamber of Commerce ,,www.carlislechamber.org,(717)243-4515, 212 North Hanover St," Carlisle, PA 17013 ",
Central PA Chamber of Commerce ,,www.centralpachamber.com,(570)742-7341, 30 Lawton Ln," Milton, PA 17847 ",
Chamber of Business & Industry of Centre County ,,www.cbicc.org,(814)234-1829," 131 S Fraser St, Ste 1 "," State College, PA 16801 ",
Chamber of Commerce for Greater Montgomery County ,,www.pennsuburban.org,(215)362-9200," 217 Church Rd, Suite C "," North Wales, PA 19454 ",
Clinton County Economic Partnership ,,www.clintoncountyinfo.com,(570)748-5782, PO Box 506," Lock Haven, PA 17745 ",
Eastern Montgomery County Chamber of Commerce ,,www.emccc.org,(215)887-5122, 436 Old York Rd," Jenkintown, PA 19046 ",
Elizabethtown Area Chamber of Commerce ,,www.elizabethtowncoc.com,(717)361-7188," 3 N Market St, #101 "," Elizabethtown, PA 17022 ",
Exton Region Chamber of Commerce ,,www.ercc.net,(610)363-7746, Rt 30," Exton, PA 19341 ",
Fayette Chamber of Commerce ,,www.fayettechamber.com/,(724)437-4571," 65 West Main St, Suite 107 "," Uniontown, PA 15401 ",
Greater Brownsville Area Chamber of Commerce ,,,(724)785-4160, 326 Market St," Brownsville, PA 15417 ",
Greater BucksMont Chamber of Commerce ,,bucksmontchamber.com,(215)672-6633, PO Box 3014," Warminster, PA 18974 ",
Greater Hazleton Chamber of Commerce ,,www.hazletonchamber.org,(570)455-1509," 8 West Broad St, Suite M-1490 "," Hazleton, PA 18201 ",
Greater Latrobe- Laurel Valley Regional C of C ,,www.latrobearea.com,(724)537-2671, 811 Ligonier St," Latrobe, PA 15650 ",
Greater New Hope Chamber of Commerce ,,,(215)862-9990, PO Box 633," New Hope, PA 18938 ",
Greater Northeast Philadelphia Chamber of Commerce ,,www.gnpcc.org,(215)332-3400," 8025 Roosevelt Blvd, Ste 200 "," Philadelphia, PA 19152 ",
Greater Pittston Chamber of Commerce ,,pittstonchamber.org,(570)655-1424, 104 Kennedy Blvd," Pittston, PA 18640 ",
Greater Pocono Chamber of Commerce ,,www.greaterpoconochamber.com,(570)421-4433, 556 Main St," Stroudsburg, PA 18360 ",
Greater Susquehanna Valley Chamber of Commerce ,,www.gsvcc.org/,(570)275-6155, 2859 N Susquehanna Trl," Shamokin Dam, PA 17876 ",
Greater Susquehanna Valley Chamber of Commerce ,,www.parivertowns.com,(717)684-5249, 445 Linden St," Columbia, PA 17512 ",
Greater West Chester Chamber of Commerce ,,www.greaterwestchester.com,(610)696-4046, 137 N High St," West Chester, PA 19380 ",
Greenville Area Chamber of Commerce ,,www.greenvillechamber-pa.com,(724)588-7150, PO Box 350," Greenville, PA 16125 ",
Grove City Area Chamber of Commerce ,,grovecityareachamber.com,(724)458-6410, 119 South Broad St," Grove City, PA 16127 ",
Indian Valley Chamber of Commerce ,,www.indianvalleychamber.com,(215)723-9472, 211 East Broad St," Souderton, PA 18964 ",
Ligonier Valley Chamber of Commerce ,,www.ligonier.com,(724)238-4200, 120 East Main St," Ligonier, PA 15658 ",
Mercer Area Chamber of Commerce ,,www.mercerareachamber.com,(724)662-4185, 143 North Diamond St," Mercer, PA 16137 ",
Mountain Laurel Chamber of Commerce ,,www.mlchamber.com,(724)593-8900, 3682 State Route 31," Donegal, PA 15628 ",
Nazareth Chamber of Commerce ,,www.nazarethchamber.com,(610)759-9188, 201 North Main St," Nazareth, PA 18064 ",
Northeast Berks Chamber of Commerce ,,www.northeastberkschamber.com,(610)683-8860, PO Box 209," Kutztown, PA 19530 ",
Northern Lancaster County Chamber of Commerce ,,www.ephrataareachamber.org/,(717)738-9010, PO Box 723," Ephrata, PA 17522 ",
Norwin Chamber of Commerce ,,www.norwinchamber.com/,(724)863-0888, 321 Main St," Irwin, PA 15642 ",
Pennridge Chamber of Commerce ,,www.pennridge.com,(215)257-5390, 538 West Market St," Perkasie, PA 18944 ",
Perkiomen Valley Chamber of Commerce ,,www.perkiomenvalleychamber.org,(610)489-6660, 351 East Main St," Collegeville, PA 19426 ",
Peters Township Chamber of Commerce ,,www.peterstownshipchamber.com,(724)941-6345, 3909 Washington Rd," McMurray, PA 15317 ",
Phoenixville Regional Chamber of Commerce ,,www.phoenixvillechamber.org,(610)933-3070, 171 East Bridge St.," Phoenixville, PA 19460 ",
Pike County Chamber of Commerce ,,www.pikechamber.com,(570)296-8700, 201 Broad St," Milford, PA 18337 ",
Pittsburgh Airport Area Chamber of Commerce ,,www.paacc.com,(412)264-6270, 850 Beaver Grade Rd," Moon Township, PA 15108 ",
Shenango Valley Chamber of Commerce ,,www.svchamber.com/,(724)981-5880, 41 Chestnut St," Sharon, PA 16146 ",
Somerset County Chamber of Commerce ,,www.somersetcountychamber.com,(814)445-6431, 601 North Center Ave," Somerset, PA 15501 ",
South Hills Chamber of Commerce ,,www.shchamber.org,(412)306-8090," 61 McMurray Rd, Suite 105 "," Pittsburgh, PA 15241 ",
South West Communities Chamber of Commerce ,,www.bridgevilleareachamber.com,(412)221-4100, 990 Washington Pike," Bridgeville, PA 15017 ",
Tamaqua Area Chamber of Commerce ,,www.tamaqua.net,(570)668-1880," 37 West Broad St, Suite 101 "," Tamaqua, PA 18252 ",
The Chamber Of The Northern Poconos ,,www.northernpoconoschamber.com,(570)253-1960, 32 Commercial St," Honesdale, PA 18431 ",
Titusville Area Chamber of Commerce ,,www.titusvillechamber.com,(814)827-2941, 202 West Central Ave," Titusville, PA 16354 ",
Upper Bucks Chamber of Commerce ,,www.ubcc.org,(215)536-3211, 21 North Main St," Quakertown, PA 18951 ",
Washington County Chamber of Commerce ,,www.washcochamber.com,(724)225-3010," 375 Southpointe Blvd, Suite 240 "," Canonsburg, PA 15317 ",
West Shore Chamber of Commerce ,,www.wschamber.org,(717)761-0702, 4211 Trindle Rd," Camp Hill, PA 17011 ",
Western Chester County Chamber of Commerce ,,www.westernchestercounty.com,(610)384-9550, 50 South First Ave.," Coatesville, PA 19320 ",
Whitehall Area Chamber of Commerce ,,,(610)573-4010," 881 Third St, Suite B10 "," Whitehall, PA 18052 ",
"African American Chamber of Commerce Of Pa, Nj & D ",,www.aachamber.org,(215)751-9501," One Penn Center 1617 JFK Blvd, #889"," Philadelphia, PA 19103 ",
Ambridge Area Chamber of Commerce ,,www.ambridgechamberofcommerce.com,, 562 Merchant St," Ambridge, PA 15003 ",
Apollo Area Business Association ,,,(724)478-382, PO Box 244," Apollo, PA 15613 ",
Armstrong County Chamber of Commerce ,,www.armstrongchamber.org,(724)543-1305," 124 Market St, Ste 1 "," Kittanning, PA 16201 ",
Aspinwall Chamber of Commerce ,,,(412)781-0213, 217 Commercial Ave.," Aspinwall, PA 15215 ",
Bellefonte Intervalley Area Chamber of Commerce ,,www.bellefontechamber.org,(814)355-2917, Train Station," Bellefonte, PA 16823 ",
Berwick Area Chamber of Commerce ,,www.berwickpa.org,(570)752-3601, 206 Mulberry St.," Berwick, PA 18603 ",
Borough Of Cresson Chamber of Commerce ,,www.cressonarea.com,(814)886-8100, PO Box 113," Cresson, PA 16630 ",
Bradford Area Chamber of Commerce ,,bradfordpa.com,(814)368-7115," Two Marilyn Horne Way, Seneca Bldg"," Bradford, PA 16701 ",
Brentwood-Baldwin-Whitehall Chamber of Commerce ,,www.bbwchamber.com,(412)884-1233, 3501 Brownsville Rd.," Pittsburgh, PA 15227 ",
Broad Top Chamber of Commerce ,,,(814)635-2193, PO Box 121," Saxton, PA 16678 ",
Brookville Area Chamber of Commerce ,,www.brookvillechamber.com,(814)849-8448, 278 Main St," Brookville, PA 15825 ",
Brush Valley Regional Chamber of Commerce ,,www.bvrchamber.com,(570)648-4675," 415 E Sunbury St, Ste 2 "," Shamokin, PA 17872 ",
Butler County Chamber of Commerce ,,www.butlercountychamber.com,(724)283-2222, 101 East Diamond St," Butler, PA 16003 ",
California Area Chamber of Commerce ,,,(724)938-2305, PO Box 311," California, PA 15419 ",
Cameron County Chamber of Commerce ,,,(814)486-4314, 14 W Fourth St.," Emporium, PA 15834 ",
Canton Area Chamber of Commerce ,,www.cantonareachamberofcommerce.com,(570)364-2600, PO Box 153," Canton, PA 17724 ",
Carbon County Chamber of Commerce ,,www.carboncountychamber.org,(610)379-5000," 110 N 3rd St, # 217 "," Lehighton, PA 18235 ",
Carbondale Area Chamber of Commerce ,,www.carbondale-pa-coc.com,(570)282-1690," City Hall, One N. Main St. "," Carbondale, PA 18407 ",
Central Bradford County Chamber of Commerce ,,www.bradford-pa.com/cbccc,(570)268-2732," 601 Main St., P.O. Box 146 "," Towanda, PA 18848 ",
Central Bucks Chamber of Commerce ,,www.centralbuckschamber.com,(215)348-3913," 252 W Swamp Rd, Ste 23 "," Doylestown, PA 18901 ",
Clearfield Chamber of Commerce ,,www.clearfieldchamber.com,(814)765-7567, 125 East Market St.," Clearfield, PA 16830 ",
Corry Area Chamber of Commerce ,,,(814)665-9925, 221 N Center St.," Corry, PA 16407 ",
Coudersport Chamber of Commerce ,,,(814)274-8165," 227 N Main St, P.O. Box 261 "," Coudersport, PA 16915 ",
Donora Chamber of Commerce ,,,, 638 Mckean Avenue," Donora, PA 15033 ",
Downingtown-Thorndale Regional Chamber of Commerce ,,www.dtrcc.com,(610)269-1523," 216 E Lancaster Ave, 2nd Floor "," Downingtown, PA 19335 ",
East Liberty Quarter Chamber of Commerce ,,,(412)661-9660," 5907 Penn Ave., Suite 314 "," Pittsburgh, PA 15206 ",
Ellwood City Area Chamber of Commerce ,,www.ellwood-city-chamber.com,(724)758-5501, 314 Fifth St.," Ellwood City, PA 16117 ",
Franklin Area Chamber of Commerce ,,www.franklinareachamber.org,(814)432-5823, 1255 Liberty St," Franklin, PA 16323 ",
Freeland Chamber ofCommerce ,,www.freeland-wa.org,(360)331-1980, PO Box 31," Freeland, PA 18224 ",
Fulton County Chamber of Commerce ,,www.fultoncountypa.com,(717)485-4064, PO Box 141," McConnellsburg, PA 17233 ",
Galeton Area Chamber of Commerce ,,www.visitgaleton.com,(814)435-8737, PO Box 154," Galeton, PA 16922 ",
Girard-lake City Chamber of Commerce ,,www.girard-lakecity.com,, 522 Main St E," Girard, PA 16417 ",
Great Valley Reg. Chamber of Commerce ,,www.greatvalleyonline.com,(610)889-2069, 5 Great Valley Pkwy," Malvern, PA 19355 ",
Greater Canonsburg Chamber of Commerce ,,www.canonchamber.com,(724)745-1812, 169 E Pike St," Canonsburg, PA 15317 ",
Greater Connellsville Chamber of Commerce ,,www.greaterconnellsville.org,(724)628-5500, 100 South Arch St," Connellsville, PA 15425 ",
Greater Glenside Chamber of Commerce ,,www.glensidechamber.org,(215)887-3110, 452 N Easton Rd.," Glenside, PA 19038 ",
Greater Hatboro Chamber of Commerce ,,www.hatboro-pa.com,(215)956-9540," 120 S York Rd Ste 6, Ste 6 "," Hatboro, PA 19040 ",
Greater Lehigh Valley Chamber of Commerce ,,,(610)739-1513, 99 Pleasant St," Northampton, PA 18067 ",
Greater Mansfield Area Chamber of Commerce ,,www.mansfield.org,(570)662-3442, 54 S Main St.," Mansfield, PA 16933 ",
Greater Nanticoke Area Chamber of Commerce ,,,(570)735-6990, 495 East Main St - Mill House," Nanticoke, PA 18634 ",
Greater Scottdale Chamber of Commerce ,,,(724)887-3611, PO Box 531," Scottdale, PA 15683 ",
Greater Wyalusing Chamber of Commerce & Idc ,,www.wyalusing.net,(570)746-4922, PO Box 55," Wyalusing, PA 18853 ",
Greencastle-Antrim Chamber of Commerce ,,greencastlepachamber.org/,(717)597-4610, 217 E Baltimore St.," Greencastle, PA 17225 ",
Greene County Chamber of Commerce ,,www.greenpa.net/~wbgchamb,(724)627-5926," 3157 Mt. Morris Rd, Suite 103 "," Waynesburg, PA 15370 ",
Hatfield Chamber of Commerce ,,,(215)855-3335, PO Box 445," Hatfield, PA 19440 ",
Hawley-Lake Wallenpaupack Chamber of Commerce ,,www.hawleywallenpaupackcc.com,(570)226-3191, Route 6," Hawley, PA 18428 ",
Indian Valley Chamber of Commerce ,,www.indianvalley.net,(215)723-9472," 121 E Chestnut St, Suite 201 "," Souderton, PA 18964 ",
Johnsonburg Chamber of Commerce ,,,(814)965-2039, 189 East Ave," Johnsonburg, PA 15845 ",
Juniata Valley Area Chamber of Commerce ,,www.juniatavalley.org,(717)248-6713," 152 E Market St., 103 "," Lewistown, PA 17044 ",
Kane Chamber of Commerce ,,www.kanepa.com/,(814)837-6565, 54 Fraley St," Kane, PA 16735 ",
Linesville Area Chamber of Commerce ,,,(814)683-1006, PO Box 651," Linesville, PA 16424 ",
Littlestown Area Chamber of Commerce ,,,(717)359-7006, PO Box 384," Littlestown, PA 17340 ",
Manheim Area Chamber of Commerce ,,manheimchamber.com,(717)665-6330, 15 East High St," Manheim, PA 17545 ",
Mechanicsburg Chamber of Commerce ,,www.mechanicsburg.org,(717)796-0811, 6 W Strawberry Ave," Mechanicsburg, PA 17055 ",
Monessen Chamber of Commerce ,,www.monessenchamberofcommerce.com,(724)684-3200," East Gate 11, Ste 154 "," Monessen, PA 15062 ",
Monongahela Area Chamber of Commerce ,,www.cityofmonongahela.com/chamberofcommerce,(724)258-5919, 173 W Main St," Monongahela, PA 15063 ",
Montgomery County Chamber of Commerce ,,www.montgomerycountychamber.org,(610)265-1776, 101 Bill Smith Blvd," King Of Prussia, PA 19406 ",
Montgomery County Chamber of Commerce ,,www.montcocc.org,(610)265-1776, 1341 Sandy Hill Rd.," Norristown, PA 19401 ",
Montrose Area Chamber of Commerce ,,www.montrosearea.com,(570)278-1174, PO Box 423," Montrose, PA 18801 ",
Mount Joy Area Chamber of Commerce ,,www.mountjoypa.org,(717)653-0773, PO Box 73," Mount Joy, PA 17552 ",
Mount Lebanon Area Chamber of Commerce ,,www.mlacc.com,(412)531-1133," 733 Washington Rd., 301 "," Pittsburgh, PA 15228 ",
Mount Union Area Chamber of Commerce ,,www.muacoc.com,(814)542-9413, PO Box 12," Mount Union, PA 17066 ",
New Bethlehem Area Chamber of Commerce ,,,(814)275-3929," 400 Broad St. Broadwood Towers, P.O. Box 107 "," New Bethlehem, PA 16242 ",
North East Area Chamber of Commerce ,,www.nechamber.org,(814)725-4262, 44 W Main St," North East, PA 16428 ",
North Side Chamber of Commerce ,,www.pghnorthside.com/chamber,(412)231-6500, 809 Middle St.," Pittsburgh, PA 15212 ",
North Suburban Chamber of Commerce ,,,(412)761-2113, 547 Lincoln Ave.," Bellevue, PA 15202 ",
Northern Dauphin Reg. Chamber of Commerce ,,www.ndrcc.org,(717)362-1240, PO Box 218," Elizabethville, PA 17023 ",
Northern Dauphin Regional Chamber of Commerce ,,,, PO Box 120," Halifax, PA 17032 ",
Oxford Area Chamberof Commerce ,,www.oxfordpa.org,(610)932-0740, PO Box 4," Oxford, PA 19363 ",
Palmerton Area Chamber of Commerce ,,www.browncounty.org,(610)824-6954, 410 Delaware Ave," Palmerton, PA 18071 ",
Patton Area Chamberof Commerce ,,,(814)674-3641, PO Box 72," Patton, PA 16668 ",
Penn Hills Chamber of Commerce ,,www.pennhillschamber.org,(412)795-8741, 11900 Frankstown Rd.," Pittsburgh, PA 15235 ",
Port Allegany Chamber of Commerce ,,,(814)642-9555, 45 W Maple St," Port Allegany, PA 16743 ",
Punxsutawney Area Chamber of Commerce ,,www.punxsutawneychamber.com,(814)938-7700, 124 W Mahoning St.," Punxsutawney, PA 15767 ",
Quarryville Area Chamber of Commerce ,,,(717)786-1911, PO Box 24," Quarryville, PA 17566 ",
Reynoldsville Area Chamber of Commerce ,,,(814)653-8270," Municipal Bldg. - Main St., P.O. Box 157 "," Reynoldsville, PA 15851 ",
Ridgway Chamber of Commerce ,,www.ridgwaypa.org,(814)776-1424," 231 Main St., P.O. Box 357 "," Ridgway, PA 15853 ",
Rochester Chamber of Commerce ,,,," 350 Adams St, Ste 4c "," Rochester, PA 15074 ",
Shippensburg Area Chamber of Commerce ,,www.shippensburg.org,(717)532-5509, 75 W King St.," Shippensburg, PA 17257 ",
Slate Belt Chamber of Commerce ,,www.slatebeltchamber.org,(610)863-0315, PO Box 5," Pen Argyl, PA 18072 ",
Smethport Chamber of Commerce ,,www.smethportchamber.com,, PO Box 84," Smethport, PA 16749 ",
South Side Chamber of Commerce ,,www.southsidepgh.com,(412)481-0650, 50 S 14th St.," Pittsburgh, PA 15203 ",
Spring-ford Chamber of Commerce ,,www.springfordchamber.com,(610)948-1771, 313 W Ridge Pike," Royersford, PA 19468 ",
St. Marys Area Chamber of Commerce ,,www.stmaryschamber.com,(814)781-3804, 53 S St. Marys St.," Saint Marys, PA 15857 ",
Steel Valley Chamber of Commerce ,,,," 3905 Main St., Munhall "," Homestead, PA 15120 ",
Sullivan County Chamber of Commerce ,,www.sullivanpachamber.com,(570)946-4160, PO Box 269," Laporte, PA 18626 ",
Township of Richland ,,,(724)443-5921, 4011 Dickey Rd.," Gibsonia, PA 15044 ",
Tuscarora Area Chamber of Commerce ,,www.mercersburg.org,(717)328-5827, 106 S Main St.," Mercersburg, PA 17236 ",
Tyrone Area Chamberof Commerce ,,www.tyronechamber.com,(814)684-0736, 1004 Logan Ave.," Tyrone, PA 16686 ",
Union City Chamber of Commerce ,,,(814)438-7293, 33 N Main St.," Union City, PA 16438 ",
Union County Chamber of Commerce ,,www.uccc.org,(570)524-2815, 219 D Hafer Rd.," Lewisburg, PA 17837 ",
Upper Perkiomen Valley Chamber of Commerce ,,,(215)679-3336, PO Box 52," Pennsburg, PA 18073 ",
Upper St. Clair Chamber of Commerce ,,www.uscchamber.org,(412)833-9111," 71 Mcmurray Road, Ste 201 "," Pittsburgh, PA 15241 ",
Wellsboro Area Chamber of Commerce ,,www.wellsboropa.com,(570)724-1926, 114 Main St.," Wellsboro, PA 16901 ",
Westfield Area Chamber of Commerce ,,www.westfieldpa.org,, PO Box 232," Westfield, PA 16950 ",
Westmoreland Chamber of Commerce ,,www.westmorelandchamber.com,(724)834-2900, 241 Tollgate Hill Rd," Greensburg, PA 15601 ",
Wilkinsburg Chamberof Commerce ,,,(412)242-0234, 730 Penn Ave.," Wilkinsburg, PA 15221 ",
Wyoming County Chamber of Commerce ,,www.wyccc.com,(570)836-7755, 81b Warren St," Tunkhannock, PA 18657 ",
