Alice Chamber of Commerce ,U.S. Chamber Member,www.alicetxchamber.org,(361)664-3454, PO Box 1609," Alice, TX 78333 ",
Allen Fairview Chamber of Commerce ,U.S. Chamber Member,www.allenchamber.com/,(972)727-5585, 210 West Mcdermott Dr," Allen, TX 75013 ",4 / 5
Alvin-Manvel Area Chamber of Commerce ,U.S. Chamber Member,www.alvinmanvelchamber.org,(281)331-3944, 105 West Willis St," Alvin, TX 77511 ",
Amarillo Chamber ,U.S. Chamber Member,www.amarillo-chamber.org,(806)373-7800, 1000 S Polk St," Amarillo, TX 79101 ",
Aransas Pass Chamber of Commerce ,U.S. Chamber Member,www.aransaspass.org/,(361)758-2750, 130 W Goodnight Avenue," Aransas Pass, TX 78336 ",
Asian Chamber Of Commerce ,U.S. Chamber Member,www.asianchamber-hou.org,(713)782-7222," 3535 Briarpark Dr, Ste 108 "," Houston, TX 77042 ",
Austin Chamber of Commerce ,U.S. Chamber Member,www.austinchamber.org,(512)322-5615, 535 East 5th St," Austin, TX 78701 ",
Bastrop Chamber of Commerce ,U.S. Chamber Member,www.bastropchamber.com,(512)303-0558, 927 Main St," Bastrop, TX 78602 ",
Bay City Chamber of Commerce & Agricultu ,U.S. Chamber Member,www.baycity.org,(979)245-8333, PO Box 768," Bay City, TX 77414 ",
Baytown Chamber of Commerce ,U.S. Chamber Member,www.baytownchamber.com,(281)422-8359," 1300 Rollingbrook, Suite 400 "," Baytown, TX 77521 ",
Benbrook Area Chamber of Commerce ,U.S. Chamber Member,www.gobenbrook.com,(817)249-4451, 8507 Benbrook Blvd," Benbrook, TX 76126 ",
Bolivar Peninsula Chamber of Commerce ,U.S. Chamber Member,www.bolivarchamber.org,(409)684-5940," 1760 Hwy. 87, P.O. Box 1170 "," Crystal Beach, TX 77650 ",
Borger Chamber of Commerce ,U.S. Chamber Member,www.borgerchamber.com,(806)274-2211, PO Box 490," Borger, TX 79008 ",
Brady/McCulloch County Chamber of Commerce ,U.S. Chamber Member,www.bradytx.com,(325)597-3491, 101 East First St," Brady, TX 76825 ",
Brazosport Area Chamber of Commerce ,U.S. Chamber Member,www.brazosport.org,(979)285-2501, 300 Abner Jackson Pkwy," Lake Jackson, TX 77566 ",
Breckenridge Chamber of Commerce ,U.S. Chamber Member,www.breckenridgetexas.com,(254)559-2301, PO Box 1466," Breckenridge, TX 76424 ",
Bridge City Chamber of Commerce ,U.S. Chamber Member,cityofbridgecity.org,(409)735-5671, 150 W Roundbunch," Bridge City, TX 77611 ",
Brownsville Chamber of Commerce ,U.S. Chamber Member,www.brownsvillechamber.com,(956)542-4341, 1600 University Blvd," Brownsville, TX 78520 ",
Brownwood Area Chamber of Commerce ,U.S. Chamber Member,www.brownwoodchamber.org,(325)646-9535," 600 East Depot St, PO BOX 880 "," Brownwood, TX 76804 ",
Bryan-College Station Chamber of Commerce ,U.S. Chamber Member,www.bcschamber.org,(979)260-5200," 4001 E 29th St., Suite 175 "," Bryan, TX 77802 ",
Bulverde/Spring Branch Area Chamber of Commerce ,U.S. Chamber Member,www.bulverdespringbranchchamber.com,(830)438-4285," 121 Bulverde Crossing, Suite 115 "," Bulverde, TX 78163 ",
Canadian Texas Chamber of Commerce & EDC ,U.S. Chamber Member,canadiantx.org,(806)323-6234, 119 North 2nd St," Canadian, TX 79014 ",
Cedar Park Chamber of Commerce ,U.S. Chamber Member,www.cedarparkchamber.org,(512)260-4260," 1460 East Whitestone Blvd, Suite 180 "," Cedar Park, TX 78613 ",
Central Fort Bend Chamber Allliance ,U.S. Chamber Member,www.cfbca.org,(281)342-5464, 4120 Avenue H," Rosenberg, TX 77471 ",
Clear Lake Area Chamber of Commerce ,U.S. Chamber Member,www.clearlakearea.com,(281)488-7676, 1201 East Nasa Pkwy," Houston, TX 77058 ",
Cleburne Chamber of Commerce ,U.S. Chamber Member,www.cleburnechamber.com/,(817)645-2455, PO Box 701," Cleburne, TX 76033 ",
Clifton Chamber of Commerce ,U.S. Chamber Member,www.cliftontexas.org,(254)675-3720, 115 N Ave. D," Clifton, TX 76634 ",
Comanche Chamber of Commerce ,U.S. Chamber Member,www.comanchechamber.org/,(325)356-3233, 304 South Austin St," Comanche, TX 76442 ",
Coppell Chamber of Commerce ,U.S. Chamber Member,www.coppellchamber.org,(972)393-2829," 509 West Bethel Rd, #200"," Coppell, TX 75019 ",
Corsicana & Navarro County Chamber of Commerce ,U.S. Chamber Member,www.corsicana.org,(903)874-4731, 120 North 12th St," Corsicana, TX 75110 ",
Cy-Fair Houston Chamber of Commerce ,U.S. Chamber Member,www.cyfairchamber.com,(281)373-1390," 8711 Highway 6 N, Suite 120 "," Houston, TX 77095 ",
Dallas Regional Chamber of Commerce ,U.S. Chamber Member,www.dallaschamber.org,(214)746-6600," 500 North Akard St, Suite 2600 "," Dallas, TX 75201 ",
Dayton Chamber of Commerce ,U.S. Chamber Member,www.daytontxchamber.com,(936)257-2393," 801 South Cleveland St, Suite B "," Dayton, TX 77535 ",
Deer Park Chamber of Commerce ,U.S. Chamber Member,www.deerpark.org,(281)479-1559, 120 E 8th St," Deer Park, TX 77536 ",
Del Rio Chamber of Commerce ,U.S. Chamber Member,www.drchamber.com,(830)775-3551, 1915 Veterans Blvd," Del Rio, TX 78840 ",
Denison Area Chamber of Commerce ,U.S. Chamber Member,www.denisontexas.com,(903)465-1551, 313 W Woodard St," Denison, TX 75020 ",
Denton Chamber of Commerce ,U.S. Chamber Member,www.denton-chamber.org,(940)382-9693, 414 West Pkwy," Denton, TX 76201 ",4 / 5
DeSoto Chamber of Commerce ,U.S. Chamber Member,www.desotochamber.org/,(214)224-3565, Po Box 1209," Desoto, TX 75123 ",
Dripping Springs Chamber of Commerce ,U.S. Chamber Member,www.drippingspringstx.org,(512)858-7000, Po Box 206," Dripping Springs, TX 78620 ",
Duncanville Chamber of Commerce ,U.S. Chamber Member,www.duncanvillechamber.org/,(972)780-4990, 300 East Wheatland Rd," Duncanville, TX 75116 ",
Eagle Pass Chamber of Commerce ,U.S. Chamber Member,eaglepasstexas.com,(830)773-3224, PO Box 1188," Eagle Pass, TX 78853 ",
East Parker County Chamber of Commerce ,U.S. Chamber Member,,(817)441-7844, 100 Chuck Wagon Trl," Willow Park, TX 76087 ",3 / 5
El Campo Chamber of Commerce ,U.S. Chamber Member,www.elcampochamber.com/,(979)543-2713, PO Box 1400," El Campo, TX 77437 ",
Farmers Branch Chamber of Commerce ,U.S. Chamber Member,,(972)243-8966," 2815 Valley View Ln, Ste 118"," Farmers Branch, TX 75234 ",
Flower Mound Chamber of Commerce ,U.S. Chamber Member,www.flowermoundchamber.com,(972)539-0500," 700 Parker Sq, # 100"," Flower Mound, TX 75028 ",4 / 5
Fort Bend Chamber of Commerce ,U.S. Chamber Member,www.fortbendcc.org,(281)491-0800, 445 Commerce Green Blvd," Sugar Land, TX 77478 ",5 / 5
Fredericksburg Chamber of Commerce ,U.S. Chamber Member,www.fredericksburg-texas.com,(830)997-5000, 306 East Austin St," Fredericksburg, TX 78624 ",
Frisco Chamber of Commerce ,U.S. Chamber Member,www.friscochamber.com,(972)335-9522, 6843 Main St," Frisco, TX 75034 ",5 / 5
Fulshear-Katy Area Chamberof Commerce ,U.S. Chamber Member,,(832)600-3221," 29818 Fm 1093 Rd, Ste 108 "," Fulshear, TX 77441 ",
Galveston Regional Chamber of Commerce ,U.S. Chamber Member,www.galvestoncc.com,(409)763-5326," 2228 Mechanic St, Ste 101 "," Galveston, TX 77550 ",4 / 5
Garland Chamber of Commerce ,U.S. Chamber Member,www.garlandchamber.com,(972)272-7551, 520 N Glenbrook Dr," Garland, TX 75040 ",5 / 5
Georgetown Chamber of Commerce ,U.S. Chamber Member,www.georgetownchamber.org,(512)930-3535, 1 Chamber Way," Georgetown, TX 78626 ",
Giddings Area Chamber of Commerce ,U.S. Chamber Member,www.giddingstx.com,(979)542-3455, 183 E Hempstead," Giddings, TX 78942 ",
Graham Chamber of Commerce ,U.S. Chamber Member,www.grahamtxchamber.com,(940)549-3355, 608 Elm St," Graham, TX 76450 ",
Granbury Chamber of Commerce ,U.S. Chamber Member,www.granburychamber.com/,(817)573-1622, 3408 East Highway 377," Granbury, TX 76049 ",
Grand Prairie Chamber of Commerce ,U.S. Chamber Member,www.grandprairiechamber.org,(972)264-1558, 900 Conover Dr," Grand Prairie, TX 75051 ",
Grapevine Chamber of Commerce ,U.S. Chamber Member,www.grapevinechamber.org,(817)481-1522, 200 East Vine St.," Grapevine, TX 76051 ",5 / 5
Greater Angleton Chamber of Commerce ,U.S. Chamber Member,,(979)849-6443, 222 N Velasco St," Angleton, TX 77515 ",
Greater Anna Chamber of Commerce ,U.S. Chamber Member,www.GreaterAnnaChamber.com,(972)924-8533, 312 N Powell Pkwy," Anna, TX 75409 ",
Greater Arlington Chamber of Commerce ,U.S. Chamber Member,www.arlingtontx.com,(517)275-2613, 505 East Border St," Arlington, TX 76010 ",5 / 5
Greater Beaumont Chamber of Commerce ,U.S. Chamber Member,www.bmtcoc.org,(409)838-6585, 1110 Park St," Beaumont, TX 77701 ",5 / 5
Greater Boerne Chamber of Commerce ,U.S. Chamber Member,www.boerne.org,(830)249-8000, 121 South Main St," Boerne, TX 78006 ",
Greater El Paso Chamber of Commerce ,U.S. Chamber Member,www.elpaso.org/epcoc-chamber,(915)534-0500, 10 Civic Center Plaza," El Paso, TX 79901 ",
Greater Hewitt Chamber of Commerce ,U.S. Chamber Member,www.HewittChamber.com,(254)666-1200, 101 Third St," Hewitt, TX 76643 ",
Greater Houston Partnership ,U.S. Chamber Member,www.houston.org,(713)844-3603," 701 Avenida De Las Americas, Ste 9 "," Houston, TX 77010 ",
Greater Irving Las Colinas Chamber of Commerce ,U.S. Chamber Member,www.irvingchamber.com,(214)217-8484," 5201 North O'Connor Blvd, Suite 100 "," Irving, TX 75039 ",5 / 5
Greater Killeen Chamber of Commerce ,U.S. Chamber Member,www.gkcc.com,(254)526-9551, PO Box 548," Killeen, TX 76540 ",
Greater Magnolia Parkway Chamber of Commerce ,U.S. Chamber Member,www.magnoliatexas.org,(281)356-1488, PO Box 399," Magnolia, TX 77355 ",
Greater Marshall Chamber of Commerce ,U.S. Chamber Member,www.marshall-chamber.com,(903)935-7868," 110 South Bolivar St, Suite 101 "," Marshall, TX 75670 ",
Greater Mission Chamber of Commerce ,U.S. Chamber Member,www.missionchamber.com,(956)585-2727, 202 West Tom Landry St," Mission, TX 78572 ",
Greater New Braunfels Chamber of Commerce ,U.S. Chamber Member,www.nbcham.org/website/,(830)625-2385, PO Box 311417," New Braunfels, TX 78131 ",
Greater Orange Area Chamber of Commerce ,U.S. Chamber Member,www.orangetexaschamber.org,(409)883-3536, 1012 Green Ave," Orange, TX 77630 ",
Greater Port Arthur Chamber of Commerce ,U.S. Chamber Member,www.portarthurtexas.com,(409)963-1107," 501 Procter St, Suite 300 "," Port Arthur, TX 77640 ",5 / 5
Greater Taylor Chamber of Commerce & Visitors Ctr. ,U.S. Chamber Member,www.taylorchamber.org,(512)352-6364, 1519 North Main St," Taylor, TX 76574 ",4 / 5
Greater Tomball Area Chamber of Commerce ,U.S. Chamber Member,www.tomballchamber.org,(281)351-7222, PO Box 516," Tomball, TX 77377 ",4 / 5
Greater Waco Chamber of Commerce ,U.S. Chamber Member,www.wacochamber.com,(254)752-6551, 101 South Third St," Waco, TX 76701 ",
Greenville Chamber of Commerce ,U.S. Chamber Member,www.greenvillechamber.org,(903)455-1510, 2713 Stonewall St," Greenville, TX 75401 ",4 / 5
Hillsboro Area Chamber of Commerce ,U.S. Chamber Member,www.hillsborochamber.org/,(254)582-2481, PO Box 358," Hillsboro, TX 76645 ",
Hopkins County Chamber of Commerce ,U.S. Chamber Member,www.sulphursprings-tx.com,(903)885-6515, 300 Connelly St," Sulphur Springs, TX 75482 ",
Houston Northwest Chamber of Commerce ,U.S. Chamber Member,www.houstonnwchamber.org,(281)440-4160," 3920 Cypress Creek Pkwy, Suite 120 "," Houston, TX 77068 ",3 / 5
Houston West Chamber of Commerce ,U.S. Chamber Member,www.hwcoc.org/,(713)785-4922," 10370 Richmond Ave, Suite 125 "," Houston, TX 77042 ",
Hurst-Euless Bedford Chamber of Commerce ,U.S. Chamber Member,www.heb.org,(817)283-1521, 2109 Martin Dr," Bedford, TX 76022 ",4 / 5
International Small Business Chamber of Commerce ,U.S. Chamber Member,,(713)914-0786," 10500 Fountain Lake Dr, Suite# 1132 "," Stafford, TX 77477 ",
Katy Area Chamber of Commerce ,U.S. Chamber Member,www.katychamber.com/,(281)391-5289," 814 East Ave, Suite G "," Katy, TX 77493 ",
Kenedy Chamber of Commerce ,U.S. Chamber Member,kenedychamber.com/,(830)583-3223, 205 S 2nd St.," Kenedy, TX 78119 ",
Koam Chamber ,U.S. Chamber Member,koamchambers.com,(469)233-6226, 229 Bricknell Ln," Coppell, TX 75019 ",
Kyle Area Chamber of Commerce and Visitors Bureau ,U.S. Chamber Member,www.kylechamber.org,(512)268-4220, PO Box 900," Kyle, TX 78640 ",
La Porte-Bayshore Chamber of Commerce ,U.S. Chamber Member,www.laportechamber.org/,(281)471-1123, PO Box 996," La Porte, TX 77572 ",
Lake Houston Area Chamber of Commerce ,U.S. Chamber Member,www.lakehouston.org/,(281)446-2128, 110 West Main St," Humble, TX 77338 ",
Lake Travis Chamber of Commerce ,U.S. Chamber Member,www.laketravischamber.com,(512)263-5833," 1415 Ranch Road 620 South, Suite 202 "," Austin, TX 78734 ",
Lamar County Chamber of Commerce ,U.S. Chamber Member,www.paristexas.com,(903)784-2501, 8 West Plaza," Paris, TX 75460 ",
Laredo Chamber of Commerce ,U.S. Chamber Member,www.laredochamber.com,(956)722-9895, 2310 San Bernardo Ave," Laredo, TX 78040 ",5 / 5
League City Chamber of Commerce ,U.S. Chamber Member,www.leaguecitychamber.com,(281)338-7339, 319 E Galveston St," League City, TX 77573 ",
Lewisville Area Chamber of Commerce ,U.S. Chamber Member,www.lewisvillechamber.org,(972)436-9571, 551 North Valley Pkwy," Lewisville, TX 75067 ",4 / 5
Lindale Area Chamber of Commerce ,U.S. Chamber Member,www.lindale-tx.net/lacc,(903)882-7181," 205 South Main St, P.O. Box 670 "," Lindale, TX 75771 ",
Lockhart Chamber of Commerce ,U.S. Chamber Member,lockhartchamber.com,(512)398-2818, 702 S Commerce St," Lockhart, TX 78644 ",
Longview Chamber of Commerce ,U.S. Chamber Member,www.longviewchamber.com,(903)237-4000, 410 North Center St," Longview, TX 75601 ",5 / 5
Lufkin/Angelina County Chamber of Commerce ,U.S. Chamber Member,www.lufkintexas.org,(936)634-6644, 1615 South Chestnut," Lufkin, TX 75901 ",4 / 5
Mansfield Area Chamber of Commerce ,U.S. Chamber Member,www.mansfieldchamber.org,(817)473-0507, 114 North Main St," Mansfield, TX 76063 ",
Marion County Chamber of Commerce ,U.S. Chamber Member,www.jefferson-texas.com,(903)665-2672," PO Box 967, P.O. Box 789 "," Jefferson, TX 75657 ",
McAllen Chamber of Commerce ,U.S. Chamber Member,www.mcallenchamber.com,(956)682-2871, 10 N Broadway Street," McAllen, TX 78501 ",5 / 5
McKinney Chamber of Commerce ,U.S. Chamber Member,www.mckinneychamber.com,(972)542-0163," 1700 North Redbud Blvd, Ste 180 "," McKinney, TX 75069 ",5 / 5
Metrocrest Chamber of Commerce ,U.S. Chamber Member,metrocrestchamber.com,(469)587-0420," 2550 Midway Rd, Ste 240 "," Carrollton, TX 75006 ",
Midland Chamber of Commerce ,U.S. Chamber Member,www.midlandtxchamber.com,(432)683-3381," 303 W Wall St, Ste 200 "," Midland, TX 79701 ",
Midlothian Chamber of Commerce ,U.S. Chamber Member,www.midlothianchamber.org,(972)723-8600, 513 S 9th St," Midlothian, TX 76065 ",
Mineral Wells Area Chamber of Commerce ,U.S. Chamber Member,www.mineralwellstx.com,(940)325-2557, 511 East Hubbard St.," Mineral Wells, TX 76067 ",
Nacogdoches County Chamber of Commerce ,U.S. Chamber Member,www.nacogdoches.org,(936)560-5533, 2516 North St," Nacogdoches, TX 75965 ",4 / 5
North Dallas Chamber of Commerce ,U.S. Chamber Member,www.ndcc.org,(214)368-6485, 10707 Preston Rd," Dallas, TX 75230 ",
North San Antonio Chamber of Commerce ,U.S. Chamber Member,www.northsachamber.com,(210)344-4848, 12930 Country Pkwy," San Antonio, TX 78216 ",
North Texas Commission ,U.S. Chamber Member,ntc-dfw.org,(469)384-5336, 8445 Freeport Pkwy," Irving, TX 75063 ",
North Texas GLBT Chamber of Commerce ,U.S. Chamber Member,www.glbtchamber.org,(214)821-4528," 3824 Cedar Springs Rd, Ste 429 "," Dallas, TX 75219 ",
Northeast Tarrant Chamber of Commerce ,U.S. Chamber Member,www.netarrant.org,(817)281-9376, 5001 Denton Hwy.," Haltom City, TX 76117 ",
Northwest Metroport Chamber of Commerce ,U.S. Chamber Member,www.nwmetroportchamber.org,(817)491-1222, PO Box 74," Roanoke, TX 76262 ",
Oak Cliff Chamber of Commerce ,U.S. Chamber Member,www.oakcliffchamber.org,(214)943-4567," 1001 N. Bishop Ave, Suite 110 "," Dallas, TX 75208 ",
Odessa Chamber of Commerce ,U.S. Chamber Member,www.odessachamber.com,(432)332-9111," 700 North Grant, Suite 200 "," Odessa, TX 79761 ",
Palestine Area Chamber of Commerce ,U.S. Chamber Member,www.palestinechamber.org,(903)729-6066, 401 West Main St," Palestine, TX 75801 ",
Pasadena Chamber of Commerce ,U.S. Chamber Member,www.pasadenachamber.org/,(281)487-7871, 4334 Fairmont Pkwy," Pasadena, TX 77504 ",
Pearland Chamber of Commerce ,U.S. Chamber Member,www.pearlandtexaschamber.us,(281)485-3634, 6117 Broadway St," Pearland, TX 77581 ",
Perryton-Ochiltree Chamber of Commerce ,U.S. Chamber Member,www.perryton.org,(806)435-6575, PO Box 789," Perryton, TX 79070 ",
Portland Chamber of Commerce ,U.S. Chamber Member,www.portlandtx.org,(361)643-2475, PO Box 388," Portland, TX 78374 ",
Pottsboro Area Chamber of Commerce ,U.S. Chamber Member,www.pottsborochamber.com,(903)786-6371, 615 E FM 120," Pottsboro, TX 75076 ",
Richardson Chamber of Commerce ,U.S. Chamber Member,www.richardsonchamber.com,(972)792-2801, 411 Belle Grove Dr.," Richardson, TX 75080 ",5 / 5
Rockport-Fulton Area Chamber of Commerce ,U.S. Chamber Member,www.1rockport.org,(361)729-6445, 319 Broadway St," Rockport, TX 78382 ",5 / 5
Rockwall Area Chamber of Commerce ,U.S. Chamber Member,www.rockwallchamber.org,(972)771-5733, 697 E Interstate 30," Rockwall, TX 75087 ",4 / 5
Rowlett Chamber of Commerce ,U.S. Chamber Member,www.rowlettchamber.com,(972)475-3200, 4418 Main St," Rowlett, TX 75088 ",
San Angelo Chamber of Commerce ,U.S. Chamber Member,www.sanangelo.org,(325)655-4136, 418 W Ave. B," San Angelo, TX 76903 ",5 / 5
San Antonio Chamber of Commerce ,U.S. Chamber Member,www.sachamber.org,(210)229-2128, 602 E Commerce St," San Antonio, TX 78205 ",
San Antonio Hispanic Chamber of Commerce ,U.S. Chamber Member,www.sahcc.org,(210)225-0462," 200 East Grayson St, Suite 203 "," San Antonio, TX 78215 ",5 / 5
San Marcos Area Chamber of Commerce ,U.S. Chamber Member,www.sanmarcostexas.com/,(512)393-5900, 202 North C.M. Allen Pkwy," San Marcos, TX 78667 ",
Sealy Chamber of Commerce ,U.S. Chamber Member,www.sealychamber.com,(979)885-3222, 309 Main St," Sealy, TX 77474 ",
Seguin Area Chamber of Commerce ,U.S. Chamber Member,www.seguinchamber.com,(830)379-6382, 116 North Camp St," Seguin, TX 78155 ",
Shelby County Chamber of Commerce ,U.S. Chamber Member,www.shelbycountychamber.com/,(936)598-3682," 100 Courthouse Sq, A-101 "," Center, TX 75935 ",
Sherman Chamber of Commerce ,U.S. Chamber Member,www.shermanchamber.us,(903)893-1184, PO BOX 1029," Sherman, TX 75091 ",
Snyder Chamber of Commerce ,U.S. Chamber Member,www.snyderchamber.com,(325)573-3558, 2302 Avenue R," Snyder, TX 79549 ",
South Belt-Ellington Chamber of Commerce ,U.S. Chamber Member,www.southbeltchamber.com/,(281)481-5516, 10500 Scarsdale," Houston, TX 77089 ",
South Padre Island Chamber of Commerce ,U.S. Chamber Member,www.spichamber.com/,(956)761-4412, 610 Padre Blvd," South Padre Island, TX 78597 ",
Sweetwater Chamber of Commerce ,U.S. Chamber Member,www.sweetwatertexas.org,(325)235-5488, 810 East Broadway St," Sweetwater, TX 79556 ",
Temple Chamber of Commerce ,U.S. Chamber Member,www.templechamber.com,(254)773-2105,201 Santa Fe Way STE 105," Temple, TX 76501 ",
Terrell Chamber of Commerce ,U.S. Chamber Member,terrelltexas.com,(972)563-5703, PO Box 97," Terrell, TX 75160 ",
Texarkana USA Chamber of Commerce ,U.S. Chamber Member,www.texarkana.org,(903)792-7191, 819 North State Line Ave," Texarkana, TX 75501 ",
Texas A&M University Commerce ,U.S. Chamber Member,,(254)421-2472, 1018 Harlandale Ave," Dallas, TX 75216 ",
Texas City-La Marque Chamber of Commerce ,U.S. Chamber Member,www.texascitychamber.com/,(409)935-1408, PO Box 1717," Texas City, TX 77592 ",4 / 5
The Chamber (Schertz-Cibolo-Selma Area) ,U.S. Chamber Member,www.schertzchamber.org,(210)566-9000, 1730 Schertz Pkwy," Schertz, TX 78154 ",3 / 5
The Colony Chamber of Commerce ,U.S. Chamber Member,www.thecolonychamber.org,(464)404-4088, PO Box 560006," The Colony, TX 75056 ",
The Pflugerville Chamber Of Commerce ,U.S. Chamber Member,www.pfchamber.com/,(512)251-7799, 101 S 3rd St," Pflugerville, TX 78660 ",
Tyler Area Chamber of Commerce ,U.S. Chamber Member,www.tylertexas.com,(903)592-1661, 315 North Broadway," Tyler, TX 75702 ",
Uvalde Area Chamber of Commerce ,U.S. Chamber Member,www.uvalde.org,(830)278-3361, 340 North Getty," Uvalde, TX 78801 ",
Washington County Chamber of Commerce ,U.S. Chamber Member,www.brenhamtexas.com,(979)836-3695, 314 South Austin St," Brenham, TX 77833 ",
Waxahachie Chamber of Commerce ,U.S. Chamber Member,www.waxahachiechamber.com,(972)937-2390, 102 YMCA Dr," Waxahachie, TX 75165 ",
Weatherford Chamber of Commerce ,U.S. Chamber Member,www.weatherford-chamber.com,(817)596-3801, 401 Fort Worth Hwy," Weatherford, TX 76086 ",
West Austin Chamber Of Commerce ,U.S. Chamber Member,www.westaustinchamber.org,(512)551-0390," 13776 Research Blvd, Ste 107A"," Austin, TX 78750 ",
Whitesboro Area Chamber of Commerce ,U.S. Chamber Member,www.whitesborotx.com,(903)564-3331, PO Box 522," Whitesboro, TX 76273 ",
Wichita Falls Chamber of Commerce & Industry ,U.S. Chamber Member,www.wichitafallscommerce.com,(940)723-2741," 900 8th St, Suite 218 "," Wichita Falls, TX 76301 ",
Woodlands Area Chamber of Commerce ,U.S. Chamber Member,www.woodlandschamber.org,(281)367-5777," 9320 Lakeside Blvd, Building 2, Suite 200 "," Spring, TX 77381 ",
Bee County Chamber of Commerce ,,www.beecountychamber.org,(361)358-3267, 1705 North St. Mary's St," Beeville, TX 78102 ",
Hallsville Area Chamber of Commerce ,,,(903)386-3913, PO Box 37," Hallsville, TX 75650 ",
Alamo Chamber of Commerce ,,alamochamber.com,(956)787-2117, 803 Main St," Alamo, TX 78516 ",
Alamo City Chamber of Commerce ,,www.alamocitychamber.org,(210)226-9055," 202 Connelly St, #204-09, Suite 209 "," San Antonio, TX 78203 ",
Alpine Chamber of Commerce ,,www.alpinetexas.com,(432)837-4144, PO Box 2325," Alpine, TX 79831 ",
Bellmead Chamber of Commerce ,,www.bellmeadchamber.org,(254)799-1552, PO Box 154615," Bellmead, TX 76705 ",
Belton Area Chamber of Commerce ,,www.beltontxchamber.com,(254)939-3551, 412 East Central Ave," Belton, TX 76513 ",
Big Spring Area Chamber of Commerce ,,www.bigspringtx.com,(432)263-7641, PO Box 1391," Big Spring, TX 79721 ",
Burleson Area Chamber of Commerce ,,www.burlesonareachamber.com,(817)295-6121, PO Box 9," Burleson, TX 76097 ",
Cameron Chamber of Commerce ,,www.cameron-tx.com,(254)697-4979, PO Drawer 432," Cameron, TX 76520 ",
Childress Chamber of Commerce ,,www.childresstexas.net,(940)937-2567, PO Box 35," Childress, TX 79201 ",
Colleyville Area Chamber of Commerce ,,www.colleyvillechamber.org,(817)488-7148, 6700 Colleyville Blvd," Colleyville, TX 76034 ",
Colorado City Area Chamber of Commerce ,,www.coloradocitychamberofcommerce.com,(915)728-3403," 157 West 2nd St, PO Box 242 "," Colorado City, TX 79512 ",
Copperas Cove Chamber of Commerce ,,www.copperascove.com,(254)547-7571, 204 East Robertson Ave," Copperas Cove, TX 76522 ",
Crockett Area Chamber of Commerce ,,www.crockettareachamber.org/,(936)544-2359, PO Box 307," Crockett, TX 75835 ",
Dalhart Area Chamber of Commerce ,,www.dalhart.org,(806)244-5646, 102 East 7th St," Dalhart, TX 79022 ",
Deaf Smith County Chamber of Commerce ,,www.herefordtx.org,(806)364-3333, 701 North Main St," Hereford, TX 79045 ",
"Defend Technology, Inc. ",,www.defendtechnology.com,(281)797-3546," 3091 College Park Dr., Suite 240 #33 "," Conroe, TX 77384 ",
Dimmit County Chamber of Commerce ,,www.dimmitcountychamber.org/,(830)876-5205, 103 North 6th St," Carrizo Springs, TX 78834 ",
Early Chamber of Commerce ,,www.earlychamber.com,(325)649-9317," 104 E Industrial Dr., Box 2"," Early, TX 76802 ",
Edinburg Chamber of Commerce ,,www.edinburg.com/,(956)383-4974, PO Box 85," Edinburg, TX 78540 ",
Ennis Chamber of Commerce ,,www.ennis-chamber.com,(972)878-2625, P.O Box 1177," Ennis, TX 75120 ",
Friendswood Chamber of Commerce ,,www.friendswood-chamber.com,(281)482-3329, PO Box 11," Friendswood, TX 77549 ",
Friona Chamber of Commerce ,,www.frionachamber.com,(806)250-3491, 621 Main," Friona, TX 79035 ",
Glen Rose/Somervell County Chamber of Commerce ,,www.glenrosechamberofcommerce.com,(254)897-2286, PO Box 605," Glen Rose, TX 76043 ",
Greater Dallas Asian American Chamber of Commerce ,,www.gdaacc.com/,(972)241-8250, 1402 Corinth St," Dallas, TX 75215 ",
Greater Dallas Hispanic Chamber of Commerce ,,www.gdhcc.com,(214)521-6007, 1402 Corinth St," Dallas, TX 75215 ",
Greater Keller Chamber of Commerce ,,www.kellerchamber.com,(817)431-2169," 420 Johnson Rd, Suite 301 "," Keller, TX 76248 ",
Hale Center Chamber of Commerce ,,www.halecenterchamberofcommerce.com,(806)839-2642, PO Box 487," Hale Center, TX 79041 ",
Harker Heights Chamber of Commerce ,,www.harkerheights.com/chamber.htm,(254)699-4999, 552 East FM 2410," Harker Heights, TX 76548 ",
Harlingen Area Chamber of Commerce ,,www.harlingen.com,(956)423-5440, 311 East Tyler Ave," Harlingen, TX 78550 ",
Hearne Chamber of Commerce ,,www.hearnetexas.info,(979)279-2351, 304 South Market St," Hearne, TX 77859 ",
Henderson Area Chamber of Commerce ,,www.hendersontx.com,(903)657-5528, 201 North Main St," Henderson, TX 75652 ",
Houston Intercontinental Chamber of Commerce ,,www.houstonicc.org,(281)408-0866, PO Box 670252," Houston, TX 77267 ",
Houston Metropolitan Chamber of Commerce ,,www.gswhcc.org,(713)666-1521," 5100 Westheimer, Suite 200 "," Houston, TX 77056 ",
Huntsville-Walker County Chamber of Commerce ,,www.chamber.huntsville.tx.us,(936)295-8113, PO Box 538," Huntsville, TX 77342 ",
Jacksonville Chamber of Commerce ,,www.jacksonvilletexas.com,(903)586-2217, 526 East Commerce St," Jacksonville, TX 75766 ",
Jasper/ Lake Sam Rayburn Area Chamber of Commerce ,,jaspercoc.org,(409)384-2762, 500 S Wheeler St," Jasper, TX 75951 ",
Kilgore Chamber of Commerce ,,www.kilgorechamber.com/,(903)218-6895, PO Box 1582," Kilgore, TX 75663 ",
Kingsville Chamber of Commerce ,,www.kingsville.org,(361)592-6438, 635 E King," Kingsville, TX 78363 ",
Kingwood Chamber of Commerce ,,www.kwchamber.org,(281)360-4321, 804 Russell Palmer Rd," Kingwood, TX 77339 ",
La Grange Area Chamber of Commerce ,,www.lagrangetx.org,(979)968-5756, 220 W Colorado St," La Grange, TX 78945 ",
Lake Cities Chamber of Commerce ,,www.lakecitieschamber.com,(940)497-3097," 3300 Corinth Pkwy, 2nd Floor Corinth City Hall "," Corinth, TX 76208 ",
Lamesa Area Chamber of Commerce ,,www.growlamesa.com,(806)872-2181, 123 Main Ave," Lamesa, TX 79331 ",
Lampasas County Chamber of Commerce ,,www.lampasaschamber.org,(512)556-5172, PO Box 627," Lampasas, TX 76550 ",
Lancaster Chamber of Commerce ,,www.lancastertexas.org,(972)227-2579," 1201 N Dallas Ave, Ste 100"," Lancaster, TX 75146 ",
Liberty-Dayton Area Chamber of Commerce ,,www.libertydaytonchamber.com,(936)336-5736, PO Box 1270," Liberty, TX 77575 ",
Little Elm Chamber of Commerce ,,www.littleelmchamber.com,(972)955-8014, PO Box 184," Little Elm, TX 75068 ",
Luling Chamber of Commerce ,,www.lulingcc.org/,(830)875-3214, 421 East Davis St," Luling, TX 78648 ",
Marble Falls/Lake LBJ Chamber of Commerce ,,www.chamber.marblefalls.org,(830)693-2815, 916 2nd St," Marble Falls, TX 78654 ",
Mesquite Chamber of Commerce ,,www.mesquitechamber.com/,(972)285-0211, 617 North Ebrite," Mesquite, TX 75149 ",
Moore County & Dumas Chamber of Commerce ,,www.dumaschamber.com,(806)935-2123, PO Box 735," Dumas, TX 79029 ",
National Acres Homes Chamber of Commerce ,,nahc-of-c.webs.com/,(281)820-2620, S Victory," Houston, TX 77220 ",
Nederland Chamber of Commerce ,,www.nederlandtx.com,(409)722-0279, 1515 Boston Ave," Nederland, TX 77627 ",
New Boston Chamber of Commerce ,,www.newbostontx.org,(903)628-2581, 1 Trail Head Park Plaza," New Boston, TX 75570 ",
North Channel Area Chamber of Commerce ,,"www.ncacc.com,www.northchanne",(713)450-3600," 13301 I-10 East Fwy, Suite 100 "," Houston, TX 77015 ",
North Galveston County Chamber of Commerce ,,www.northgalvestoncountychamber.com,(281)534-4380, 218 FM 517 West," Dickinson, TX 77539 ",
Ozona Chamber of Commerce ,,www.ozona.com/crockettcounty,(325)392-3737, PO Box 1135," Ozona, TX 76943 ",
Pakistan Chamber of Commerce- USA ,,pakistanchamberusa.com,(832)448-0520," 11110 Bellaire Blvd, Suite 202 "," Houston, TX 77072 ",
Pharr Economic Development Corp II ,,,(956)402-4332, 1215 South Cage Blvd," Pharr, TX 78577 ",
Port Isabel Chamber of Commerce ,,www.portisabelchamber.org,(956)943-2262, 421 Queen Isabella," Port Isabel, TX 78578 ",
Port Lavaca Chamber of Commerce ,,www.portlavacatx.org,(361)552-2959, 2300 Highway 35 North," Port Lavaca, TX 77979 ",
Possum Kingdom Chamber of Commerce ,,www.possumkingdomlake.com,(940)779-2424," 362 North FM 2353, Possum Kingdom Lake "," Graford, TX 76449 ",
Red Oak Area Chamber of Commerce ,,,(972)617-0906, PO Box 2098," Red Oak, TX 75154 ",
Rockdale Chamber of Commerce ,,www.rockdalechamber.com,(512)446-2030, 1203 West Cameron Ave," Rockdale, TX 76567 ",
Sachse Chamber of Commerce ,,www.sachsechamber.com,(972)496-1212," 7214 Highway 78, Suite 16 "," Sachse, TX 75048 ",
Saginaw Area Chamber of Commerce ,,www.saginawtxchamber.org,(817)232-0500, 301 S Saginaw Blvd," Saginaw, TX 76179 ",
Santa Fe Chamber of Commerce ,,www.santafetexaschamber.com,(409)925-8558," 12425 Hwy 6, Ste 1 "," Santa Fe, TX 77510 ",
Schulenburg Chamber of Commerce ,,www.schulenburg.chamber.com,(979)743-4514, PO Box 65," Schulenburg, TX 78956 ",
Seminole Area Chamber of Commerce ,,www.seminoletxchamber.org,(432)758-2352, PO Box 1198," Seminole, TX 79360 ",
Sinton Chamber of Commerce ,,www.sintontexas.org,(361)364-2307, 218 West Sinton St," Sinton, TX 78387 ",
Sonora Chamber of Commerce ,,www.sonoratx-chamber.com/,(325)387-2880, PO Box 1172," Sonora, TX 76950 ",
South Houston Chamber of Commerce ,,southhoustonchamber.org,(713)943-0244, 58 Spencer Hwy," South Houston, TX 77587 ",
South San Antonio Chamber of Commerce ,,www.southsachamber.org,(210)533-1600," 3315 Sidney Brooks Dr, #200"," San Antonio, TX 78235 ",
Stephenville Chamber of Commerce ,,www.stephenvilletexas.org,(254)965-5313, PO Box 306," Stephenville, TX 76401 ",
Texas Chamber of Commerce Executives ,,,(512)637-7711, 1209 Nueces St," Austin, TX 78701 ",
Three Rivers Chamber of Commerce ,,www.threeriverstx.org,(361)786-4330, PO Box 1648," Three Rivers, TX 78071 ",
Van Alstyne Area Chamber of Commerce ,,www.vanalstynetx.com,(903)482-6066, 228 West Marshall Dr," Van Alstyne, TX 75495 ",
Vidor Chamber of Commerce ,,www.vidorchamber.com,(409)769-6339," 1395 North Main St, Suite 111 "," Vidor, TX 77672 ",
West Dallas Chamber of Commerce ,,www.westdallaschamber.org/,(9720232-6092, PO Box 225558," Dallas, TX 75222 ",
Wharton Chamber of Commerce ,,www.whartontexas.com,(979)532-1862, 225 North Richmond Rd," Wharton, TX 77488 ",
Wheeler Chamber of Commerce ,,www.wheelertexas.com,(806)826-3408, PO Box 221," Wheeler, TX 79096 ",
Wylie Chamber of Commerce ,,www.wyliechamber.org,(972)442-2804, 307 North Ballard Ave," Wylie, TX 75098 ",
Yoakum Area Chamber of Commerce ,,www.yoakumareachamber.com/,(361)293-2309, 105 Huck St," Yoakum, TX 77995 ",
Alamo Heights Chamber of Commerce ,,www.alamoheightschamber.org,(210)822-7027, PO Box 6141," San Antonio, TX 78209 ",
Albany Chamber of Commerce ,,www.albanytexas.com,(325)762-2525, 2 S Main," Albany, TX 76430 ",
Alvarado Chamber of Commerce ,,www.alvaradochamber.com,(817)783-2233, PO Box 712," Alvarado, TX 76009 ",
Anahuac Area Chamber of Commerce ,,texasgatorfest.com,(409)267-4190, PO Box R," Anahuac, TX 77514 ",
Andrews Chamber of Commerce ,,www.andrewstx.com,(915)523-2695, 700 W Broadway," Andrews, TX 79714 ",
Anson Chamber of Commerce ,,,(915)823-3259," 1132 W Court Plaza, P.O. Box 351 "," Anson, TX 79501 ",
Archer County Chamber of Commerce ,,www.archercity.org,(940)574-2489," 116 S Sycamore, P.O. Box 877 "," Archer City, TX 76351 ",
Argyle Chamber of Commerce ,,,(940)464-9990, PO Box 245," Argyle, TX 76226 ",
Arp Area Chamber ofCommerce ,,,(903)859-3025, PO Box 146," Arp, TX 75750 ",
Aspermont Chamber of Commerce & Eco. Dev. Corp. ,,www.aspermonttexas.com,(940)989-3197, PO Box 556," Aspermont, TX 79502 ",
Atlanta Area Chamber of Commerce ,,www.atlantatexas.org,(903)796-3296, 101 N West St.," Atlanta, TX 75551 ",
Aubrey Area Chamber of Commerce ,,www.aubreycoc.org,(940)365-9781, 205 S Main St," Aubrey, TX 76227 ",
Avinger Chamber of Commerce ,,avingertxchamber.com,(903)562-1000, C/O PO Box 218," Avinger, TX 75630 ",
Azle Area Chamber of Commerce ,,www.azlechamber.com,(817)444-1112," 404 W Main St, #102 "," Azle, TX 76020 ",
Azle Chamber of Commerce ,,www.azlechamber.com,(817)444-1112," 252 W Main St, Ste A "," Azle, TX 76020 ",
Baird Chamber of Commerce ,,,(915)854-2003, 100 Market St.," Baird, TX 79504 ",
Balch Springs Chamber of Commerce ,,www.balchspringschamber.org,(972)557-0988, 3636 Shepherd Ln," Mesquite, TX 75180 ",
Ballinger Chamber of Commerce ,,www.ballingertx.org,(915)365-2333," 700 Railroad Ave., P.O. Box 577 "," Ballinger, TX 76821 ",
Bandera County Chamber of Commerce ,,www.banderatex.com,(830)796-3280, PO Box 2445," Bandera, TX 78003 ",
Bartlett Area Chamber of Commerce ,,www.bartlettchamberofcommerce.org,(254)527-4141, PO Box 103," Bartlett, TX 76511 ",
Bellville Chamber of Commerce ,,www.bellville.com,(979)865-3407," 4 W Main, P.O. Box 670 "," Bellville, TX 77418 ",
Big Lake Chamber of Commerce ,,www.biglaketx.com,(325)884-2980," 120 N Main Avenue, P.O. Box 241 "," Big Lake, TX 76932 ",
Big Sandy Chamber of Commerce ,,bigsandytx.net,, PO Box 175," Big Sandy, TX 75755 ",
Bishop Chamber of Commerce ,,www.bishoptx.org,(361)584-2214, 213 E Main," Bishop, TX 78343 ",
Blanco Chamber of Commerce ,,www.blancotex.com,(830)833-5101, PO Box 626," Blanco, TX 78606 ",
Bonham Area Chamber of Commerce ,,www.bonhamchamber.com,(903)583-4811, 119 E 1st St.," Bonham, TX 75418 ",
Booker Chamber of Commerce ,,,(806)658-4579, PO Box 22," Booker, TX 79005 ",
Bovina Chamber of Commerce ,,,(806)251-1116, PO Box 418," Bovina, TX 79009 ",
Bowie Chamber of Commerce ,,"www.bowietxchamber.org,www.bowietexas.i",(940)872-1173, 405 W Wichita St," Bowie, TX 76230 ",
Brady McCulloch County Chamber Of Commerce ,,,, 101 E 1st," Brady, TX 76825 ",
Brazoria Chamber ofCommerce ,,,(979)798-6100, 202 West Smith St," Brazoria, TX 77422 ",
Bremond Chamber of Commerce ,,www.bremondtexas.org,(254)746-7636, PO Box 487," Bremond, TX 76629 ",
Brownfield Chamber of Commerce ,,,(806)637-2564, 221 Lubbock Rd.," Brownfield, TX 79316 ",
Buda Area Chamber of Commerce ,,www.budachamber.com,(512)295-9999," 203 Railroad St, Suite 1-C "," Buda, TX 78610 ",
Buffalo Chamber of Commerce ,,,(903)322-5810, PO Box 207," Buffalo, TX 75831 ",
Bullard Area Chamber of Commerce ,,www.bullardtexaschamber.com,(903)894-4238, 114 S Phillips St," Bullard, TX 75757 ",
Buna Chamber of Commerce ,,,(409)994-5586, PO Box 1782," Buna, TX 77612 ",
Burkburnett Chamber of Commerce ,,www.burkburnett.org,(940)569-3304, 104 W Third," Burkburnett, TX 76354 ",
Burleson County Chamber of Commerce ,,www.rtis.com/reg/caldwell,(979)567-3218," 202 7th St., A "," Somerville, TX 77879 ",
Burnet Chamber of Commerce ,,www.burnetchamber.org,(512)756-4297, 703 Buchanan Dr.," Burnet, TX 78611 ",
Caddo Lake Area Chamber of Commerce ,,www.caddolake.org,, 984 T J Taylor Avenue," Karnack, TX 75661 ",
Calvert Chamber of Commerce ,,www.calvertx.com,(979)364-2559, PO Box 132," Calvert, TX 77837 ",
Canton Chamber of Commerce ,,,(903)567-2991, 315 First Monday Ln," Canton, TX 75103 ",
Canyon Chamber of Commerce ,,www.canyonchamber.org,(806)655-7815, 1518 5th Ave.," Canyon, TX 79015 ",
Canyon Lake Area Chamber of Commerce & Visitor Cen ,,www.canyonlakechamber.com,(830)964-2223, 3934 Fm 2673," Canyon Lake, TX 78133 ",
Castroville Area Chamber of Commerce ,,www.castroville.com,(830)538-3142, PO Box 572," Castroville, TX 78009 ",
Celina Chamber of Commerce ,,celinatx.com,(972)382-3300, PO Box 1476," Celina, TX 75009 ",
Centerville Chamber of Commerce ,,www.centervilletexas.com,(903)536-7261, PO Box 422," Centerville, TX 75833 ",
Centex Hispanic Chamber of Commerce ,,www.wacohispanicchamber.com,(254)754-7111, 915 La Salle Avenue," Waco, TX 76706 ",
Chandler Brownsboro Chamber of Commerce ,,www.cbacc.net,(903)849-5930, PO Box 1500," Chandler, TX 75758 ",
Cisco Chamber of Commerce ,,www.cityofcisco.com,(254)442-2537, 309 Conrad Hilton Ave.," Cisco, TX 76437 ",
City of Hubbard Chamber of Commerce ,,,(254)576-2521," 101 Northeast Second St, PO Box 221 "," Hubbard, TX 76648 ",
Clarendon-Donley County Chamber of Commerce ,,www.clarendonedc.org,(806)874-2421, 318 Kearney," Clarendon, TX 79226 ",
Clyde Chamber of Commerce ,,,(325)893-4221, PO Box 257," Clyde, TX 79510 ",
Coldspring Chamber of Commerce ,,www.coldspringtexas.com,(936)653-2184, PO Box 980," Coldspring, TX 77331 ",
Coleman County Chamber of Commerce & Ag. ,,www.colemantexas.org,(915)625-2163," 218 Commercial Ave, P.O. Box 796 "," Coleman, TX 76834 ",
Collingsworth Chamber of Commerce ,,,(806)447-5848," 824 East Ave, P.O. Box 267 "," Wellington, TX 79095 ",
Columbus Area Chamber of Commerce ,,www.columbustexas.org,(979)732-8385, 425 Spring St.," Columbus, TX 78934 ",5 / 5
Comfort Chamber of Commerce ,,comfort-texas.com,(830)995-3131," 630 Hwy 27, PO Box 777 "," Comfort, TX 78013 ",
Comm. Chamber of Commerce Of East Montgomery Count ,,www.communitychamber.com,(281)354-0051," 21575 Us Highway 59, Ste 100 "," New Caney, TX 77357 ",
Commerce Chamber ofCommerce ,,www.digitcom.org,(903)886-3950, 1114 Main," Commerce, TX 75428 ",
Community Chamber of East Montgomery County ,,www.communitychamberemc.com,(281)354-0051," 21575 U.S Hwy. 59 N, Suite 100 "," New Caney, TX 77357 ",
Cotulla-LaSalle County Chamber of Commerce ,,www.cotullachamber.com,(830)879-2326, 290 N Ih-35," Cotulla, TX 78014 ",
Crosby-Huffman Chamber of Commerce ,,www.crosbyhuffmancc.org,(281)328-6984," 5317 1st St, P.O. Box 452 "," Crosby, TX 77532 ",
Crosbyton Chamber of Commerce ,,,(806)675-2261, 114 W Aspen," Crosbyton, TX 79322 ",
Cross Plains Chamber of Commerce ,,,(254)725-7251, PO Box 233," Cross Plains, TX 76443 ",
Crowell Chamber of Commerce ,,,(940)684-1670, PO Box 79," Crowell, TX 79227 ",
Crowley Area Chamber of Commerce ,,,(817)297-4211," 201 N Hampton Rd, Ste A "," Crowley, TX 76036 ",
Cuero Chamber of Commerce & Ag. ,,www.cuero.org,(361)275-2112, 124 E Church," Cuero, TX 77954 ",
Daingerfield Chamber of Commerce ,,www.daingerfieldtx.net,, 102 Coffey St," Daingerfield, TX 75638 ",
Dallas Black Chamber of Commerce ,,www.dallasblackchamber.org,(214)421-5200," 2922 MLK Jr. Blvd., Building A, Suite 104 "," Dallas, TX 75215 ",
Decatur Chamber of Commerce ,,www.decaturtx.com,(940)627-3107," 308 W Main St, PO Box 474 "," Decatur, TX 76234 ",
DeKalb Chamber of Commerce ,,,(903)667-3706, PO Box 219," De Kalb, TX 75559 ",
DeLeon Chamber of Commerce & Agriculture ,,www.deleontexas.com,(254)893-2083, 109 S Texas St.," De Leon, TX 76444 ",
Dell Valley Chamber of Commerce ,,,(915)964-2424, PO Box 709," Dell City, TX 79837 ",
Delta County Chamber of Commerce ,,www.deltacounty.org,(903)395-4314, PO Box 457," Cooper, TX 75432 ",
Denver City Chamber of Commerce & CVB ,,www.denvercitychamber.com,(806)592-5424, 120 N Main St.," Denver City, TX 79323 ",
Dimmitt Chamber of Commerce ,,www.dimmittchamber.com,(806)647-2524, 115 W Bedford St," Dimmitt, TX 79027 ",
Dublin Chamber of Commerce ,,www.dublintexas.com,(254)445-3422," 108 S Patrick, P.O. Box 309 "," Dublin, TX 76446 ",
Dumas/Moore County Chamber of Commerce ,,www.dumaschamber.com,(806)935-2123, 524 S Porter," Dumas, TX 79029 ",
Eagle Lake Chamber of Commerce ,,www.visiteaglelake.com,(979)234-2780, 210 Golf Course Rd," Eagle Lake, TX 77434 ",
East Bernard Chamber of Commerce ,,www.ebchamber.com/,(979)335-6558, PO Box 567," East Bernard, TX 77435 ",
East End Area Chamber of Commerce ,,www.eecoc.org,(713)926-3305," 4600 Gulf Frwy., 125 "," Houston, TX 77023 ",
Eastland Chamber of Commerce ,,www.eastlandchamber.com/,(254)629-2332, 209 West Main St," Eastland, TX 76448 ",
Eden Chamber of Commerce ,,www.edentexas.com,(325)869-3336, PO Box 367," Eden, TX 76837 ",
Edwards County Chamber of Commerce ,,,(830)683-6466," 109 S Sweeten St, PO Box 267 "," Rocksprings, TX 78880 ",
El Paso Hispanic Chamber of Commerce ,,www.ephcc.org,(915)566-4066," 2829 Montana, B-100 "," El Paso, TX 79903 ",
Eldorado Chamber of Commerce ,,www.eldoradotx.com,, PO Box 1155," Eldorado, TX 76936 ",
Electra Chamber of Commerce ,,www.electratexas.org,(940)495-3577, 112 W Cleveland," Electra, TX 76360 ",
Eustace Area Chamber of Commerce ,,,(903)425-4702, PO Box 333," Eustace, TX 75124 ",
Fairfield Chamber of Commerce ,,www.fairfieldtx.com,(903)388-5703, 900 West Commerce St," Fairfield, TX 75840 ",
Falfurrias Chamber of Commerce ,,,(361)325-3333," 124 N St. Mary St., P.O. Box 476 "," Falfurrias, TX 78355 ",
Farmersville Chamber of Commerce ,,www.farmersvilletx.com,(972)782-6533, 201 S Main," Farmersville, TX 75442 ",
Fayetteville Chamber of Commerce ,,www.fayettevilletx.com,(315)637-5544," PO Box 217, Suite 300 "," Fayetteville, TX 78940 ",3 / 5
Fisher County Chamber of Commerce ,,,(915)776-2181," City Of Rotan, 206 W. Sammy Bough "," Rotan, TX 79546 ",
Florence Chamber ofCommerce ,,,(254)793-8010, PO Box 430," Florence, TX 76527 ",
Floresville Chamberof Commerce ,,www.floresvillecoc.org,(830)216-3276, 910 10th St.," Floresville, TX 78114 ",
Floydada Chamber of Commerce ,,www.floydadachamber.com,(806)983-3434," 114 W Virginia, P.O. Box 147 "," Floydada, TX 79235 ",
Forney Chamber of Commerce ,,www.forneychamber.com,(972)564-2233, PO Box 570," Forney, TX 75126 ",
Fort Davis Chamber of Commerce ,,www.fortdavis.com,(915)426-3015, PO Box 378," Fort Davis, TX 79734 ",
Fort Stockton Chamber of Commerce ,,,(423)336-2264, 1000 Railroad Ave.," Fort Stockton, TX 79735 ",
Fort Worth Hispanic Chamber of Commerce ,,www.fwhcc.org,(817)625-5411, 1327 North Main St.," Fort Worth, TX 76106 ",
Franklin Chamber of Commerce ,,www.franklintexas.com,(979)828-3276, PO Box 126," Franklin, TX 77856 ",
Franklin County Chamber of Commerce ,,www.mt-vernon.com/~chamber/,(903)537-4365," 109 S Kaufman St., P.O. Box 554 "," Mount Vernon, TX 75457 ",
Freer Chamber of Commerce ,,www.freerrattlesnake.com,(361)394-6891," 154 E Hwy. 44, P.O. Box 717 "," Freer, TX 78357 ",
Gainesville Area Chamber of Commerce ,,www.gainesvillecofc.com,(940)665-2831, 101 S Culberson St.," Gainesville, TX 76240 ",5 / 5
Gatesville Area Chamber of Commerce ,,www.ci.gatesville.tx.us/chambe,(254)865-2617, 2307 Hwy. 36 S," Gatesville, TX 76528 ",
George West Chamberof Commerce ,,www.georgewest.org,(361)449-2033, PO Box 359," George West, TX 78022 ",
Gilmer Area Chamber of Commerce ,,www.upshurcounty.com,(903)843-2413, 106 Buffalo St.," Gilmer, TX 75644 ",
Gladewater Chamber of Commerce ,,www.mall1000.com/chamber,(903)845-5501, 215 N Main St.," Gladewater, TX 75647 ",
Goliad Chamber of Commerce ,,www.goliadcc.org,(361)645-3563," 131 S Courthouse Sq., P.O. Box 606 "," Goliad, TX 77963 ",
Gonzales Chamber of Commerce ,,www.gonzalestexas.com,(830)672-6532, 414 St. Lawrence St.," Gonzales, TX 78629 ",
Gorman Chamber of Commerce ,,,(254)639-2317, PO Box 266," Gorman, TX 76454 ",
Grand Saline Chamber of Commerce ,,www.grandsaline.com,(903)962-7147, PO Box 125," Grand Saline, TX 75140 ",
Grandfalls-Royalty Chamber of Commerce ,,,(915)547-2210, PO Box 269," Grandfalls, TX 79742 ",
Greater Cedar CreekLake Area Chamber of Commerce ,,www.cclake.net,(903)887-3152," 604 South 3rd St, Ste E "," Mabank, TX 75147 ",
Greater Cleveland Chamber of Commerce ,,www.clevelandtxchamber.com,(281)592-8786, 908 East Houston St," Cleveland, TX 77327 ",
Greater Crandall Chamber of Commerce ,,www.crandallchamber.net,(972)472-8663, PO Box 669," Crandall, TX 75114 ",
Greater Devine Chamber of Commerce ,,www.devinechamberofcommerce.com,(830)663-2739," 200 E Hondo, P.O. Box 443 "," Devine, TX 78016 ",
Greater East Dallas Chamber of Commerce ,,www.eastdallaschamber.com,(214)328-4100," 9543 Losa Dr, Ste 118 "," Dallas, TX 75218 ",
Greater East Texas Chamber Of Commerce ,,www.getcc.org,(903)882-9581, 515 Dogwood Ln," Lindale, TX 75771 ",
Greater Elgin Chamber of Commerce ,,,(512)285-4515, PO Box 408," Elgin, TX 78621 ",
Greater Grandview Chamber of Commerce ,,www.grandviewchamber.net,(817)866-4881, PO Box 276," Grandview, TX 76050 ",
Greater Heights Area Chamber of Commerce ,,www.heightschamber.com,(713)861-6735," 545 W 19th St., 2nd Floor "," Houston, TX 77008 ",
Greater Highlands Chamber of Commerce ,,,, 127 San Jacinto," Highlands, TX 77562 ",
Greater Kaufman Chamber of Commerce ,,www.kaufmantx.com,(972)932-3118, 2100 S Washington," Kaufman, TX 75142 ",
Greater La Vernia Chamber of Commerce ,,www.lavernia.org,, PO Box 1055," La Vernia, TX 78121 ",
Greater Leander Chamber of Commerce ,,www.leandercc.org,(512)259-1907, 103 N Brushy St," Leander, TX 78641 ",
Greater Lytle Chamber of Commerce ,,,(830)709-3515, PO Box 148," Lytle, TX 78052 ",
Greater Pampa Area Chamber of Commerce ,,www.coc.pampa.com,(806)669-3241, 200 N Ballard," Pampa, TX 79065 ",
Greater Pflugerville Chamber of Commerce ,,www.GPCC.pflugerville.tx.us,(512)251-7799, PO Box 483," Pflugerville, TX 78691 ",
Greater Quitman Chamber of Commerce ,,www.quitman.com,(903)763-4411, 101 E Goode," Quitman, TX 75783 ",
Greater Shepherd Chamber of Commerce ,,,(936)628-3890," W Hwy. 150, P.O. Box 520 "," Shepherd, TX 77371 ",
Groveton Chamber ofCommerce ,,,(936)642-1715, 106 S Main St.," Groveton, TX 75845 ",
Gruver Chamber of Commerce ,,,(806)733-5114, PO Box 947," Gruver, TX 79040 ",
Gunter Area Chamber of Commerce ,,ww.guntertxchamber.com,(903)433-2050, PO Box 830," Gunter, TX 75058 ",
Hallettsville Chamber of Commerce & Agriculture ,,www.hallettsville.com,(361)798-2662, 1614 N Texana," Hallettsville, TX 77964 ",
Hamlin Chamber of Commerce ,,,(325)576-3501, 245 S Central Ave," Hamlin, TX 79520 ",
Haskell Chamber of Commerce ,,www.haskelltexasusa.com,(940)864-2477, 22 N Ave D," Haskell, TX 79521 ",
Hawkins Area Chamber of Commerce ,,,(903)769-4482, 300 S Beaulah St," Hawkins, TX 75765 ",
Healthy Communities Of Brownsville ,,,(956)882-5067," 80 Fort Brown Sph Bldg, Room N. 116 "," Brownsville, TX 78520 ",
Hempstead Chamber of Commerce ,,www.hempsteadtxchamber.com,(979)826-8217," PO Box 517, P.O. Box 4264 "," Hempstead, TX 77445 ",
Henrietta/Clay County Chamber of Commerce ,,www.hccchamber.org,(940)538-5261," 202 W Omega St., P.O. Box 75 "," Henrietta, TX 76365 ",
Hidalgo Chamber of Commerce ,,,(956)843-2734, 800 E Coma Ave," Hidalgo, TX 78557 ",
Hitchcock Chamber of Commerce ,,www.hitchcocktexaschamber.com,(409)986-9224," 8300 Highway 6, Ste A "," Hitchcock, TX 77563 ",
Hondo Area Chamber of Commerce ,,www.hondotex.com,(830)426-3037, 1113 17th St," Hondo, TX 78861 ",
Honey Grove Chamberof Commerce ,,,(903)378-7211, PO Box 92," Honey Grove, TX 75446 ",
Howe Area Chamber of Commerce ,,,(903)532-4693, PO Box 250," Howe, TX 75459 ",
Hughes Springs Chamber of Commerce ,,,(903)639-2351," 603 E 1st St., P.O. Box 218 "," Hughes Springs, TX 75656 ",
Hutto Area Chamber Of Commerce ,,,(512)759-4400, 122 East St," Hutto, TX 78634 ",
Ingleside Chamber of Commerce ,,www.inglesidetxchamber.org,, 2867 Avenue J," Ingleside, TX 78362 ",
Iowa Park Chamber of Commerce ,,www.iowapark.com,(940)592-5441, 102 N Wall St," Iowa Park, TX 76367 ",
Iraan-Sheffield Chamber of Commerce ,,,(432)639-2232," 501 W 6th St, PO Box 153 "," Iraan, TX 79744 ",
Iredell Chamber of Commerce ,,,(254)364-2436, PO Box 111," Iredell, TX 76649 ",
Jacksboro Chamber of Commerce ,,business.jacksborochamber.com,(940)567-2602, 302 South Main St," Jacksboro, TX 76458 ",
Jackson County Chamber of Commerce & Ag. ,,ykc.com/jccc/,(361)782-7146, 317 W Main St.," Edna, TX 77957 ",
Jewett Area Chamberof Commerce ,,,(903)626-4202," 111 North Robinson, PO Box 220 "," Jewett, TX 75846 ",
Joshua Area Chamber of Commerce ,,www.joshuachamber.com,(817)556-2480, 402 S Main St," Joshua, TX 76058 ",
Jourdanton Chamber of Commerce ,,www.jourdanton.net,(830)769-2866, 1101 Campbell Avenue," Jourdanton, TX 78026 ",
Karnes City Community Chamber of Commerce ,,www.karnescitychamberofcommerce.com,(830)780-3112, 210 E Calvert St.," Karnes City, TX 78118 ",
Keene Chamber of Commerce ,,www.keenechamber.org,(817)556-2995, PO Box 817," Keene, TX 76059 ",
Kennedale Chamber of Commerce ,,www.kennedalechamber.com,(817)985-2109, PO Box 1552," Kennedale, TX 76060 ",
Kerens Chamber of Commerce ,,,(903)396-2391," 101 South Colket Ave, PO Box 117 "," Kerens, TX 75144 ",
Kermit Chamber of Commerce ,,www.mteglobal.com/org/kcoc,(915)586-2507, 112 N Poplar," Kermit, TX 79745 ",
Kimble County Chamber of Commerce ,,www.junctiontexas.net,(915)446-3190, 402 Main St.," Junction, TX 76849 ",
Kingsland/Lake LBJ Chamber of Commerce ,,www.kingslandchamber.org,(325)388-6211, PO Box 465," Kingsland, TX 78639 ",
Kinney County Chamber of Commerce ,,,(830)563-0514, PO Box 986," Brackettville, TX 78832 ",
Kirbyville Chamber of Commerce ,,,(409)423-5827, 105 S Elizabeth," Kirbyville, TX 75956 ",
Knox City Chamber of Commerce ,,,(940)658-3442, 123 Central Ave.," Knox City, TX 79529 ",
Kountze Chamber of Commerce ,,,(409)246-3413, PO Box 878," Kountze, TX 77625 ",
Ladonia Chamber of Commerce ,,www.cityofladonia.com,(903)367-7011, PO Box 44," Ladonia, TX 75449 ",
Lago Vista Chamber of Commerce ,,www.lagovista.org,(512)267-7952, PO Box 4946," Lago Vista, TX 78645 ",
Lake Buchanan-Inks Lake CoC ,,www.highlandlakes.com/chamber,," Hwy. 29 Between Burnet & Llano, P.O. Box 282 "," Buchanan Dam, TX 78609 ",
Lake Palestine Chamber of Commerce ,,www.lakepalestinechamber.com,(903)876-5310, PO Box 1002," Frankston, TX 75763 ",
Lake Tawakoni Area Chamber of Commerce ,,,(903)447-3020, 605 E Hwy. 276," West Tawakoni, TX 75474 ",
Lake Whitney Chamber of Commerce ,,www.lakewhitneytexas.com,(254)694-2540, PO Box 604," Whitney, TX 76692 ",
Leonard Chamber of Commerce ,,,(903)587-0174, PO Box 117," Leonard, TX 75452 ",
Levelland Area Chamber of Commerce ,,www.levelland.com,(806)894-3157, 1101 Ave. H," Levelland, TX 79336 ",
Lexington CommunityChamber of Commerce ,,,, PO Box 562," Lexington, TX 78947 ",
Liberty Hill Chamber of Commerce ,,www.mylibertyhill.net,(512)548-6343, PO Box 586," Liberty Hill, TX 78642 ",
Linden Area Chamber of Commerce ,,www.lindentexas.org,(903)756-3106, PO Box 993," Linden, TX 75563 ",
Littlefield Chamberof Commerce ,,,(806)385-5331," 4th & Lfd Dr., P.O. Box 507 "," Littlefield, TX 79339 ",
Livingston-Polk County Chamber of Commerce ,,www.livingston.net/chamber/,(936)327-4929, PO Box 600," Livingston, TX 77351 ",
Llano Chamber of Commerce & Visitor Center ,,www.llanochamber.org,(325)247-5354, 100 Train Station Dr," Llano, TX 78643 ",
Lockney Chamber of Commerce ,,,(806)652-2355, PO Box 477," Lockney, TX 79241 ",
Lone Star Chamber of Commerce ,,,(903)656-2184, PO Box 0505," Lone Star, TX 75668 ",
Los Fresnos Chamber of Commerce ,,www.losfreshnoschamber.com,(956)233-4488," 203 North Arroyo Blvd, Suite A"," Los Fresnos, TX 78566 ",
Louise-Hillje Chamber of Commerce ,,,(979)541-7056, PO Box 156," Louise, TX 77455 ",
Lubbock Hispanic Chamber of Commerce ,,,(806)762-5059, PO Box 886," Lubbock, TX 79408 ",
Lumberton Chamber of Commerce ,,,(409)755-0554, 826 N Main Hwy 96," Lumberton, TX 77657 ",
Madison County Chamber of Commerce ,,www.madisonchamber.net,(936)348-3591, 113 W Trinity," Madisonville, TX 77864 ",
Malakoff Area Chamber of Commerce ,,www.malakofftexas.net,(903)489-1346, 207 East Main St," Malakoff, TX 75148 ",
Marathon Chamber ofCommerce ,,,(915)386-4516, PO Box 163," Marathon, TX 79842 ",
Marfa Chamber of Commerce ,,www.marfacc.com,(432)729-4942, PO Box 635," Marfa, TX 79843 ",
Marlin Chamber of Commerce ,,www.marlintexas.com,(254)883-2171," 245 Coleman St., P.O. Box 369 "," Marlin, TX 76661 ",
Marquez Area Chamber of Commerce ,,,, PO Box 751," Marquez, TX 77865 ",
Mart Chamber of Commerce & Ag. ,,www.cityofmart.net,(254)876-2561, PO Box 59," Mart, TX 76664 ",
Martin County Chamber of Commerce ,,,(432)756-3386, PO Box 615," Stanton, TX 79782 ",
Mason County Chamber of Commerce ,,www.masontxcoc.com,(915)347-5758," 108 Ft. Mckavitt, P.O. Box 156 "," Mason, TX 76856 ",
McCamey Chamber of Commerce ,,,(432)652-8202," 201 E 6th St., P.O. Box 906 "," McCamey, TX 79752 ",
Mcgregor Chamber of Commerce ,,www.mcgregor-texas.com,(254)840-0123, 303 S Main St," Mcgregor, TX 76657 ",
Melissa Area Chamber of Commerce ,,www.melissatx.org,(972)837-4277, 1501 Harrison St," Melissa, TX 75454 ",
Memphis Chamber of Commerce ,,,(806)259-3144, 113 S 6th St.," Memphis, TX 79245 ",
Menard County Chamber of Commerce ,,www.menardchamber.com,(915)396-2365," 100 E San Saba, P.O. Box 64 "," Menard, TX 76859 ",
Mercedes Area Chamber of Commerce ,,www.mercedeschamber.com,(956)565-2221, 417 S Ohio," Mercedes, TX 78570 ",
Meridian Chamber of Commerce ,,www.meridian-chamber.com,(254)435-2966, PO Box 758," Meridian, TX 76665 ",
Merkel Chamber of Commerce ,,merkeltexas.com,(915)928-5722, 116 Edwards," Merkel, TX 79536 ",
Mexia Chamber of Commerce ,,www.mexiachamber.com,(254)562-5569," 405 E Milam St, Ste 2 "," Mexia, TX 76667 ",
Mills County-goldthwaite Chamber of Commerce ,,www.goldthwaite.biz,(325)648-3619, PO Box 308," Goldthwaite, TX 76844 ",
Mineola Chamber of Commerce ,,"www.chamber.mineola.com,www.m",(903)569-2087, 101 E Broad," Mineola, TX 75773 ",
Monahans Chamber ofCommerce ,,www.monahans.org,(915)943-2187, 1525 East Monahans Pkwy," Monahans, TX 79756 ",
Morton Area Chamberof Commerce ,,,(806)266-5200, 200-D W Taylor," Morton, TX 79346 ",
Muenster Chamber ofCommerce ,,www.ntin.net/gfest,(940)759-2227," 202 E Division, P.O. Box 714 "," Muenster, TX 76252 ",
Muleshoe Chamber ofCommerce ,,,(806)272-4248," 115 E American Blvd., P.O. Box 356 "," Muleshoe, TX 79347 ",
Munday Chamber of Commerce and Agriculture ,,,(940)422-4540," 121 E B St., P.O. Drawer L "," Munday, TX 76371 ",
Myanmar Chamber Of Commerce ,,,(713)496-3348, 11110 Bellaire Blvd," Houston, TX 77072 ",
Naples Chamber of Commerce ,,,(903)897-2041, 101 Wl Doc Dodson E," Naples, TX 75568 ",
Navasota Grimes County Chamber of Commerce ,,navasotagrimeschamber.com/,(936)825-6600, 117 S Lasalle," Navasota, TX 77868 ",
Needville Area Chamber of Commerce ,,www.needville.org,(979)793-5700, PO Box 1200," Needville, TX 77461 ",
Newton County Chamber of Commerce ,,www.newton-texas.com,(409)379-5527, PO Box 66," Newton, TX 75966 ",
Nocona Area Chamberof Commerce ,,,(940)825-3526," 100 E Hwy. 82, P.O. Box 27 "," Nocona, TX 76255 ",
Normangee Area Chamber of Commerce ,,,(936)396-3611, PO Box 436," Normangee, TX 77871 ",
Northwest Tarrant Chamber of Commerce ,,www.nwtarrantchamber.org,(817)237-0060," 3918 Telephone Rd, Suite 200 "," Lake Worth, TX 76135 ",
Oldham County Chamber of Commerce ,,www.oldhamcofc.org,(806)267-2828, PO Box 538," Vega, TX 79092 ",
Olney Chamber of Commerce ,,www.brazosnet.com/olney/biz,(940)564-5445, 108 E Main," Olney, TX 76374 ",
Olton Chamber of Commerce & Ag. ,,www.oltontexas.com,(806)285-2292, PO Box 487," Olton, TX 79064 ",
Omaha Chamber of Commerce ,,,(903)884-2302, PO Box 816," Omaha, TX 75571 ",
Onalaska Chamber of Commerce ,,www.cityofonalaska.us,(936)646-5000, PO Box 2444," Onalaska, TX 77360 ",
Orange Grove Chamber of Commerce ,,,, PO Box 537," Orange Grove, TX 78372 ",
Overton-New London Area Chamber of Commerce ,,www.ci.overton.tx.us,(903)834-3542," 121 E Henderson, P.O. Box 6 "," Overton, TX 75684 ",
Paducah Chamber of Commerce ,,www.paducahchamber.org,(806)492-2044, PO Box 863," Paducah, TX 79248 ",
Palacios Chamber ofCommerce ,,www.palacioschamber.com,(361)972-2615, 420 Main St," Palacios, TX 77465 ",
Panhandle Chamber of Commerce ,,,(806)646-0046, PO Box 1021," Panhandle, TX 79068 ",
Panola County Chamber of Commerce ,,www.carthagetexas.us,(903)693-6634, 300 W Panola St.," Carthage, TX 75633 ",
Pecos Area Chamber of Commerce ,,www.pecostx.com,," 111 S Cedar, P.O. Box 27 "," Pecos, TX 79772 ",
Pilot Point Chamberof Commerce ,,www.pilotpoint.org,(940)686-5385," PO Box 497, 300 S Washington"," Pilot Point, TX 76258 ",
Pittsburg/Camp County Chamber of Commerce ,,www.pittsburgchamber.com,(903)856-3442, 202 Jefferson St.," Pittsburg, TX 75686 ",
Plains Chamber of Commerce ,,www.plainschamber.org,(806)456-2288, PO Box 364," Plains, TX 79355 ",
Plainview Chamber of Commerce ,,"www.plainviewtexaschamber.com,www.mooc",(806)296-7431, 1906 W 5th St," Plainview, TX 79072 ",
Pleasanton Chamber of Commerce ,,www.atascosa.ebgi.com,(830)569-2163," 605 Second St., P.O. Box 153 "," Pleasanton, TX 78064 ",
Port Aransas Chamber of Commerce ,,www.portaransas.org,(361)749-5919, 421 W Cotter," Port Aransas, TX 78373 ",
Port Mansfield Chamber of Commerce ,,www.portmansfield.us,(956)944-2354, PO Box 75," Port Mansfield, TX 78598 ",
Port Neches Chamber of Commerce ,,www.portnecheschamber.com,(409)722-9154," 1110 Port Neches Ave., P.O. Box 445 "," Port Neches, TX 77651 ",
Port O'Connor Chamber of Commerce ,,portoconnor.cc,(361)983-2898," 3rd & Main, P.O. Box 701 "," Port O'Connor, TX 77982 ",
Post Area Chamber of Commerce ,,www.postcitytexas.com,(806)495-3461, 131 E Main St," Post, TX 79356 ",
Poth Chamber of Commerce ,,,(830)484-2111, PO Box 128," Poth, TX 78147 ",
Prairie View Chamber of Commerce ,,prairieviewtexas.gov,(936)857-5817," 143 University Dr., P.O. Box 847 "," Prairie View, TX 77446 ",
Premont Chamber of Commerce ,,,(361)348-3561, PO Box 1142," Premont, TX 78375 ",
Presidio Chamber ofCommerce ,,www.presidiotx.com,, PO Box 2497," Presidio, TX 79845 ",
Princeton Area Chamber of Commerce ,,www.princetontx.com,(972)736-6462, 319 McKinney Ave," Princeton, TX 75407 ",
Princeton Chamber of Commerce ,,www.princetonmnchamber.org,(972)736-6462, 319 McKinney Ave," Princeton, TX 75407 ",
Prosper Area Chamber of Commerce ,,www.prosperchamber.org,(972)580-4200, PO Box 432," Prosper, TX 75078 ",
Prosper Chamber of Commerce ,,,(972)346-9213, PO Box 38," Prosper, TX 75078 ",
Quanah Chamber of Commerce ,,,(940)663-2222," 220 S Main, P.O. Box 158 "," Quanah, TX 79252 ",
Quitaque Chamber of Commerce ,,www.quitaque.org,, PO Box 487," Quitaque, TX 79255 ",
Rains County Chamber of Commerce ,,,(903)473-3913, PO Box 538," Emory, TX 75440 ",
Ralls Chamber of Commerce ,,www.cityofralls.org,(806)253-2342, 808 Avenue I," Ralls, TX 79357 ",
Ranger Chamber of Commerce ,,,(254)647-3091," Main & Commerce, P.O. Box 57 "," Ranger, TX 76470 ",
Raymondville Chamber of Commerce ,,www.raymondvillechamber.com,(956)689-3171, PO Box 746," Raymondville, TX 78580 ",
Red River County Chamber of Commerce ,,,(903)427-2645, 101 N Locust," Clarksville, TX 75426 ",
Refugio County Chamber of Commerce ,,www.refugiocountytx.org,(361)526-2835, 301 N Alamo St," Refugio, TX 78377 ",
Rio Grande City Chamber of Commerce ,,,(956)487-3024, 414 E Main St.," Rio Grande City, TX 78582 ",
Rio Grande Valley Partnership ,,www.valleychamber.com,(956)968-3141, Fm 1015 & Expressway 83," Weslaco, TX 78599 ",
River Oaks/Sansom Park Area Chamber of Commerce ,,,(817)626-3377, 5136 Jacksboro Hwy.," Fort Worth, TX 76114 ",
Robstown Area Dev. Comm. ,,www.robstownadc.com,(361)387-3933, PO Box 111," Robstown, TX 78380 ",
Rosebud Chamber of Commerce & Agriculture ,,www.rosebudtx.org,(254)583-7979, PO Box 369," Rosebud, TX 76570 ",
Round Top Chamber of Commerce ,,www.roundtop.org,(979)249-4042," 110 Schuman Ln, PO Box 216 "," Round Top, TX 78954 ",
Royse City Chamber of Commerce ,,www.roysecity.com,(972)636-5000, 102 West Old Greenville Rd," Royse City, TX 75189 ",
Rule Chamber of Commerce ,,,(940)997-2141, PO Box 58," Rule, TX 79547 ",
Rusk Chamber of Commerce ,,www.rusktx.net,(903)683-4242," 184 South Main St, P.O. Box 67 "," Rusk, TX 75785 ",
Sabine County Chamber of Commerce ,,www.sabinecountytexas.com,(409)787-2732," 125 North Texas St, P.O. Box 717 "," Hemphill, TX 75948 ",
Saint Jo Chamber of Commerce ,,www.saintjochamber.com,(940)995-2188, PO Box 130," Saint Jo, TX 76265 ",
Salado Chamber of Commerce ,,www.salado.com,(254)947-5040," 831 N Main St, P.O. Box 849 "," Salado, TX 76571 ",
San Augustine County Chamber of Commerce ,,www.sanaugustinetx.com,(936)275-3610, 611 W Columbia St.," San Augustine, TX 75972 ",
San Benito Chamber of Commerce ,,www.chamberofsanbenito.com,(956)361-9111, 223 South Sam Houston Blvd," San Benito, TX 78586 ",
San Juan Chamber ofCommerce ,,,(956)783-9957, 709 S Nebraska," San Juan, TX 78589 ",
San Leon-Bacliff-Bayview Chamber of Commerce ,,,, PO Box 5281," San Leon, TX 77539 ",
San Saba County Chamber of Commerce ,,sansabatexas.com,(915)372-5141, 302 E Wallace St.," San Saba, TX 76877 ",
Sanderson Chamber of Commerce ,,www.sandersonchamberofcommerce.info,, PO Box 734," Sanderson, TX 79848 ",
Sanger Area Chamberof Commerce ,,www.sangertexas.net,(940)458-7702," 300 Bolivar St., P.O. Box 537 "," Sanger, TX 76266 ",
Santa Anna Chamber of Commerce ,,,, 303 S Houston St," Santa Anna, TX 76878 ",
Schertz Chamber Of Commerce ,,,, PO Box 564," Schertz, TX 78154 ",
Schleicher County Chamber of Commerce ,,,, PO Box 1155," Eldorado, TX 76936 ",
Seadrift Chamber of Commerce ,,www.seadriftchamber.com,(361)655-9690, PO Box 3," Seadrift, TX 77983 ",
Seagoville Chamber of Commerce ,,,(972)287-5184, 109 N Kaufman St," Seagoville, TX 75159 ",
Seagraves Area Chamber of Commerce ,,,(806)546-2609," 401 Main, P.O. Box 1257 "," Seagraves, TX 79359 ",
Seymour Chamber of Commerce ,,www.seymourtxchamber.org,(940)889-2921, 301 N Washington St.," Seymour, TX 76380 ",
Shamrock Chamber ofCommerce ,,www.shamrocktx.net,, 105 E 12th St," Shamrock, TX 79079 ",
Shiner Chamber of Commerce ,,www.shinertx.com,(361)594-4180," 817 North Avenue East, #POBox221"," Shiner, TX 77984 ",
Silsbee Chamber of Commerce ,,,(409)385-5562, 545 North 5th St," Silsbee, TX 77656 ",
Slaton Chamber of Commerce ,,,(806)828-6238," 200 W Garza, P.O. Box 400 "," Slaton, TX 79364 ",
Smithville Area Chamber of Commerce ,,www.smithvilletx.org,(512)237-2313," 100 First St., PO Box 716 "," Smithville, TX 78957 ",
South Tarrant County Chamber of Commerce ,,www.southtarrantchamber.com,(817)568-2685, 6800 Forest Hill Dr," Fort Worth, TX 76140 ",
South Wise County Chamber of Commerce ,,www.southwisechamber.com,(817)636-2783, 303 Derting Road," Rhome, TX 76078 ",
Southeast Dallas Chamber of Commerce ,,www.sedcc.org,(214)398-9590, PO Box 170132," Dallas, TX 75217 ",
Spearman Chamber of Commerce & Economic Developmen ,,www.spearmantexas.org,(806)659-5555," 211 Main St., P.O. Box 161 "," Spearman, TX 79081 ",
Springtown Area Chamber of Commerce ,,www.springtowntexas.com,(817)523-7828," 112 S Main, P.O. Box 296 "," Springtown, TX 76082 ",
Spur Area Chamber of Commerce ,,,(806)271-3466, PO Box 103," Spur, TX 79370 ",
Stamford Chamber of Commerce ,,,(325)773-2411, 107 E McHarg St," Stamford, TX 79553 ",
Stockdale Chamber of Commerce ,,,(830)996-3866, PO Box 578," Stockdale, TX 78160 ",
Stonewall Chamber of Commerce ,,www.stonewalltexas.com,(830)644-2735, PO Box 1," Stonewall, TX 78671 ",
Stratford Chamber of Commerce ,,,(806)366-2260," 520 N Third, P.O. Box 570 "," Stratford, TX 79084 ",
Sudan Chamber of Commerce ,,,(806)227-2112, PO Box 224," Sudan, TX 79371 ",
Sweeny Chamber of Commerce ,,www.sweenytexas.org,(979)548-3249, 111 W 3rd St," Sweeny, TX 77480 ",
Taft Chamber of Commerce ,,,(361)528-3230," 501 Green Ave., P.O. Box 123 "," Taft, TX 78390 ",
Tawakoni Chamber of Commerce ,,www.tawakoncofc.org,(903)356-4703, 100 West Highway 276," Quinlan, TX 75474 ",
Teague Chamber of Commerce ,,,(254)739-2061," 316 Main St., P.O. Box 484 "," Teague, TX 75860 ",
Texas International Chamber Of Commerce ,,,, 229 Adams St Pmb 662 A," Eagle Pass, TX 78852 ",
Thorndale Area Chamber of Commerce ,,,(512)898-0053, PO Box 666," Thorndale, TX 76577 ",
Throckmorton CountyChamber of Commerce& Ag. ,,,(940)849-3076, PO Box 711," Throckmorton, TX 76483 ",
Timpson Chamber of Commerce ,,,(936)254-3500," 317 Bremond St., P.O. Box 989 "," Timpson, TX 75975 ",
Tri-city Area Chamber of Commerce ,,www.tricityareachamber.org,(817)377-4227, PO Box 10005," Fort Worth, TX 76114 ",
Trinity Peninsula Chamber of Commerce ,,www.trinitychamber.org,(936)594-3856, PO Box 549," Trinity, TX 75862 ",
Troup Chamber of Commerce ,,,(903)842-4113, PO Box 336," Troup, TX 75789 ",
Tulia Chamber of Commerce ,,,(806)995-2296, PO Box 267," Tulia, TX 79088 ",
Tyler County Chamber of Commerce ,,www.woodvilletx.com,(409)283-2632, 717 W Bluff," Woodville, TX 75979 ",
Tyler Metropolitan Chamber of Commerce ,,,(903)593-9538, 2000 W Gentry Pkwy," Tyler, TX 75702 ",
"Unique Wood Products, Inc. ",,,(713)466-5212," 9873 Tanner Rd, #B"," Houston, TX 77041 ",
Van Area Chamber ofCommerce ,,www.vantexas.com,(903)963-5051, PO Box 55," Van, TX 75790 ",
Waller Area Chamber of Commerce ,,www.wallerchamber.com,(936)372-5300, 2313 Main St," Waller, TX 77484 ",
Weimar Area Chamberof Commerce ,,www.weimartexas.net,(979)725-9511, 100 W Grange," Weimar, TX 78962 ",
West Chamber of Commerce ,,www.westchamberofcommerce.com,(254)826-3188, PO Box 123," West, TX 76691 ",
West Chambers County Chamber of Commerce ,,,(281)576-5440," 10616 Eagle Dr., P.O. Box 750 "," Mont Belvieu, TX 77580 ",
West Columbia Chamber of Commerce ,,,(979)345-3921," 247 E Brazos Ave., P.O. Box 837 "," West Columbia, TX 77486 ",
West I-10 Chamber of Commerce ,,www.westi10chamber.org,(281)375-8100, PO Box 100," Pattison, TX 77466 ",
West Kerr County Chamber of Commerce ,,www.wkcc.com,(830)367-4322, 3186 Junction Hwy," Ingram, TX 78025 ",
White Settlement Area Chamber of Commerce ,,www.whitesettlement-tx.com,(817)246-1121, 8211 White Settlement Rd," White Settlement, TX 76108 ",
Whitewright Chamberof Commerce ,,,(903)364-2000," 125 W Grand, P.O. Box 189 "," Whitewright, TX 75491 ",
Wills Point Chamberof Commerce ,,cityofwillspoint.com,(903)873-3111," 307 N 4th St., P.O. Box 217 "," Wills Point, TX 75169 ",
Wilmer Chamber of Commerce ,,,(972)525-3668, 211 S Dallas Ave.," Wilmer, TX 75172 ",
Wimberley Chamber of Commerce ,,www.wimberley.org,(512)847-2201, PO Box 12," Wimberley, TX 78676 ",
Wink Chamber of Commerce ,,,(432)527-3365, PO Box 401," Wink, TX 79789 ",
Winnie Area Chamberof Commerce ,,winnietexas.com,(409)296-2231," 327 E Leblanc Rd., P.O. Box 147 "," Winnie, TX 77665 ",
Winnsboro Chamber of Commerce ,,www.winnsboro.com,(903)342-3666, 101 N Main St," Winnsboro, TX 75494 ",
Winters Area Chamber of Commerce ,,www.winters-tx.org,(915)754-5210, PO Box 662," Winters, TX 79567 ",
Wolfforth Area Chamber of Commerce and Agriculture ,,,(806)855-4159, PO Box 35," Wolfforth, TX 79382 ",
Women's Chamber of Commerce of Texas ,,www.womenschambertexas.com,(512)476-4140, PO Box 26051," Austin, TX 78755 ",
Yorktown Chamber of Commerce ,,www.yorktowntx.com,(361)564-2661, PO Box 488," Yorktown, TX 78164 ",
Zapata Chamber of Commerce ,,,(956)765-4871, PO Box 1028," Zapata, TX 78076 ",
