Central Vermont Chamber of Commerce ,U.S. Chamber Member,centralvt.com,(802)229-5711," 33 Stewart Rd, PO Box 336 "," Barre, VT 05641 ",
Lake Champlain Regional Chamber of Commerce ,U.S. Chamber Member,www.vermont.org,(877)686-5253," 60 Main St, Ste 100 "," Burlington, VT 05401 ",
Southwestern Vermont Chamber of Commerce ,U.S. Chamber Member,www.bennington.com,(802)447-3311, 100 Veterans Memorial Dr," Bennington, VT 05201 ",
Vermont Chamber of Commerce ,U.S. Chamber Member,www.vtchamber.com,(802)223-3443, PO Box 37," Montpelier, VT 05601 ",
Addison County Chamber of Commerce ,,www.addisoncounty.com,(802)388-7951, 93 Court St," Middlebury, VT 05753 ",
Brattleboro Area Chamber of Commerce ,,www.brattleborochamber.com,(802)254-4565, 180 Main St," Brattleboro, VT 05301 ",
Franklin County Regional Chamber of Commerce ,,www.visitfranklincountyvt.com/,(802)524-2444, 2 North Main St," Saint Albans, VT 05478 ",
Rutland Region Chamber of Commerce ,,www.rutlandvermont.com,(802)773-2747, 50 Merchants Row," Rutland, VT 05701 ",
Springfield Regional Chamber of Commerce ,,www.springfieldvt.com,(802)885-2779," 56 Main St, Suite 2 "," Springfield, VT 05156 ",
Woodstock Area Chamber of Commerce ,,www.woodstockvt.com,(802)457-3555, PO Box 486," Woodstock, VT 05091 ",
Barton Area Chamberof Commerce ,,www.bartonareachamber.com,(802)525-1137, PO Box 776," Barton, VT 05822 ",
Brandon Area Chamber of Commerce ,,www.brandon.org,(802)247-6401, PO Box 267," Brandon, VT 05733 ",
Burke Area Chamber of Commerce ,,www.burkevermont.com,(802)626-4124, PO Box 347," East Burke, VT 05832 ",
Dorset Chamber of Commerce ,,,(802)440-0455, PO Box 121," Dorset, VT 05251 ",
Great Falls Reg. Chamber of Commerce ,,www.gfrcc.org,(802)463-4280, PO Box 554," Bellows Falls, VT 05101 ",
Heart of Vermont Chamber of Commerce ,,www.hardwickvtarea.com,(802)472-5906, PO Box 111," Hardwick, VT 05843 ",
Island Pond Chamberof Commerce ,,,, PO Box 255," Island Pond, VT 05846 ",
Lake Champlain Islands Economic Development Corp ,,www.champlainislands.com,(802)372-8400, PO Box 213," North Hero, VT 05474 ",
Lamoille Region Chamber of Commerce ,,www.lamoillechamber.com,(802)888-7607," 75 Portland St., Suite B, 2nd Floor "," Morrisville, VT 05661 ",
Londonderry Area Chamber of Commerce ,,www.londonderryvt.com,(802)824-8178, PO Box 58," Londonderry, VT 05148 ",
Lower Cohase Reg. Chamber of Commerce ,,www.cohase.org,, PO Box 35," Wells River, VT 05081 ",
Lyndon Area Chamber of Commerce ,,,(802)626-9696, PO Box 886," Lyndonville, VT 05851 ",
Mad River Valley Chamber of Commerce ,,www.madrivervalley.com,(802)496-3409, PO Box 173," Waitsfield, VT 05673 ",
Mt. Snow Valley Chamber of Commerce ,,www.visitvermont.com,(802)464-8092, 21 West Main St.," Wilmington, VT 05363 ",
New Hartford Area Chamber of Commerce ,,www.quechee.com,(802)295-7900," 5966 East Woodstock Rd, P.O. Box 106 "," Quechee, VT 05059 ",
Northeast Kingdom Chamber of Commerce ,,www.nekchamber.com,(802)748-3678," 357 Western Ave., 2 "," Saint Johnsbury, VT 05819 ",
Okemo Valley Regional Chamber of Commerce ,,okemovalleyvt.com,(802)228-5830, PO Box 333," Ludlow, VT 05149 ",
Poultney Area Chamber of Commerce ,,,(802)287-2010, PO Box 151," Poultney, VT 05764 ",
Randolph Chamber ofCommerce ,,www.randolph-chamber.com,(802)728-9027," 31 VT Route 66, Ste 1 "," Randolph, VT 05060 ",
Rochester Valley Chamber of Commerce ,,,, General Delivery," Rochester, VT 05767 ",
Smugglers Notch Area Chamber of Commerce ,,,, PO Box 364," Jeffersonville, VT 05464 ",
Swanton Chamber of Commerce ,,www.swantonchamber.com,(802)868-7200, PO Box 237," Swanton, VT 05488 ",
Upper Valley Bi-State Reg. Chamber of Commerce ,,uppervalleychamber.com,(802)295-6200, PO Box 697," White River Junction, VT 05001 ",
Vermont Lakes Region Chamber of Commerce ,,www.fairhavenchambervt.com,(802)265-8600, PO Box 206," Fair Haven, VT 05743 ",
Vermont's North Country Chamber of Commerce ,,,(802)334-7782, The Causeway," Newport, VT 05855 ",
Windsor-mount Ascutney Region Chamber of Commerce ,,www.windsorvt.com,(802)674-5910, PO Box 41," Windsor, VT 05089 ",
