Alexandria Chamber of Commerce ,U.S. Chamber Member,www.alexchamber.com,(703)549-1000, 2834 Duke St," Alexandria, VA 22314 ",
Alleghany Highlands Chamber of Commerce & Tourism ,U.S. Chamber Member,www.ahchamber.com/,(540)962-2178, 110 Mall RD," Covington, VA 24426 ",
Arlington Chamber of Commerce ,U.S. Chamber Member,www.arlingtonchamber.org,(703)525-2400," 2009 14th Street North, Suite 100 "," Arlington, VA 22201 ",
Bedford Area Chamber of Commerce ,U.S. Chamber Member,www.bedfordareachamber.com,(540)586-9401, 305 East Main St," Bedford, VA 24523 ",4 / 5
Charlottesville Regional Chamber of Commerce ,U.S. Chamber Member,www.cvillechamber.com,(434)295-3141, 209 5th St NE," Charlottesville, VA 22902 ",
Chesterfield County Chamber of Commerce ,U.S. Chamber Member,www.chesterfieldchamber.com,(804)748-6364," 9011 Arboretum Pkwy, Suite 245 "," Richmond, VA 23236 ",
Danville Pittsylvania County Chamber of Commerce ,U.S. Chamber Member,www.dpchamber.org,(434)836-6990, PO Box 99," Blairs, VA 24527 ",
Fredericksburg Regional Chamber of Commerce ,U.S. Chamber Member,www.fredericksburgchamber.org,(540)373-9400, PO Box 7476," Fredericksburg, VA 22404 ",
Greater Augusta Regional Chamber of Commerce ,U.S. Chamber Member,www.augustava.com,(540)324-1133, PO Box 1107," Fishersville, VA 22939 ",
Greater Springfield Chamber of Commerce ,U.S. Chamber Member,www.springfieldchamber.org,(703)866-3500," 6434 Brandon Ave., Suite 208 "," Springfield, VA 22150 ",5 / 5
Greater Williamsburg Chamber & Tourism Alliance ,U.S. Chamber Member,www.williamsburgcc.com,(757)253-2217, 421 N Boundary St," Williamsburg, VA 23185 ",
Hampton Roads Chamber of Commerce ,U.S. Chamber Member,www.hrccva.com,(757)664-2500," 500 East Main St, Suite 700 "," Norfolk, VA 23510 ",5 / 5
Hanover Chamber of Commerce ,U.S. Chamber Member,www.habcc.com,(804)798-8130," 9097 Atlee Station Rd, Suite 117 "," Mechanicsville, VA 23116 ",
Harrisonburg-Rockingham Chamber of Commerce ,U.S. Chamber Member,www.hrchamber.org,(540)434-3862, 800 Country Club Rd," Harrisonburg, VA 22802 ",
Loudoun County Chamber of Commerce ,U.S. Chamber Member,www.loudounchamber.org,(703)777-2176, PO Box 1298," Leesburg, VA 20177 ",4 / 5
Louisa County Chamber of Commerce ,U.S. Chamber Member,www.louisachamber.org,(540)967-0944, 214 Fredericksburg Ave," Louisa, VA 23093 ",
Lynchburg Regional Business Alliance ,U.S. Chamber Member,www.lynchburgregion.org,(434)845-5968, 300 Lucado Pl," Lynchburg, VA 24504 ",5 / 5
Martinsville-Henry County Chamber of Commerce ,U.S. Chamber Member,www.martinsville.com,(276)632-6401, PO Box 709," Martinsville, VA 24114 ",5 / 5
Mathews County Chamber of Commerce ,U.S. Chamber Member,,(804)815-8889, PO Box 7," New Point, VA 23125 ",
Northern Virginia Chamber of Commerce ,U.S. Chamber Member,www.novachamber.org,(703)749-0400," 7900 Westpark Dr, Suite A550 "," Tysons, VA 22102 ",
Prince William Chamber of Commerce ,U.S. Chamber Member,www.pwchamber.org,(703)368-6600," 9720 Capital Ct, Suite 203 "," Manassas, VA 20110 ",
Pulaski County Chamber of Commerce ,U.S. Chamber Member,www.swva.net/pulaskichamber,(540)674-1991, 4440 Cleburne Blvd," Dublin, VA 24084 ",
Roanoke Regional Chamber of Commerce ,U.S. Chamber Member,www.roanokechamber.org,(540)983-0700, 210 South Jefferson St," Roanoke, VA 24011 ",
The Chamber of Commerce of Smyth County ,U.S. Chamber Member,www.smythchamber.org,(276)783-3161, PO Box 924," Marion, VA 24354 ",
Virginia Chamber of Commerce ,U.S. Chamber Member,www.vachamber.com,(804)237-1460," 919 East Main St, Suite 900 "," Richmond, VA 23219 ",
Altavista Area Chamber of Commerce ,,www.altavistachamber.org,(434)369-6665, 414 Washington St," Altavista, VA 24517 ",
Asian American Chamber ,,,(571)633-9754," 8300 Boone Blvd, Ste 450 "," Tysons Corner, VA 22182 ",
Blackstone Chamber of Commerce ,,www.blackstoneva.com/,(434)292-1677, PO Box 295," Blackstone, VA 23824 ",
Buchanan County Chamber of Commerce ,,www.buchanancofc.org,(276)935-4147, PO Box 2818," Grundy, VA 24614 ",
Central Fairfax Chamber of Commerce ,,www.cfcc.org,(703)591-2450," 4031 University Dr, Suite 100 "," Fairfax, VA 22030 ",
Chincoteague Chamber of Commerce ,,www.chincoteaguechamber.com,(757)336-6161, 6733 Maddox Blvd," Chincoteague Island, VA 23336 ",
Culpeper Chamber of Commerce ,,www.culpeperchamber.com,(540)825-8628," 629 Sperryville Pike, Ste 100 "," Culpeper, VA 22701 ",
Dulles Regional Chamber of Commerce ,,www.dullesregionalchamber.org/,(571)323-5301, 3901 Centerview Dr," Chantilly, VA 20151 ",
Eastern Shore of Virginia Chamber of Commerce ,,www.esvachamber.org,(757)787-2460, PO Box 460," Melfa, VA 23410 ",
Farmville Area Chamber of Commerce ,,www.farmvilleareachamber.org/,(434)392-3939, PO Box 361," Farmville, VA 23901 ",
Franklin-Southampton Area Chamber of Commerce ,,www.fsachamber.com,(757)562-4900, 108 West Third Ave," Franklin, VA 23851 ",
Front Royal-Warren County Chamber of Commerce ,,www.frontroyalchamber.com,(540)635-3185, 201 E 2nd St," Front Royal, VA 22630 ",
Gloucester County Chamber of Commerce ,,www.gloucestervachamber.org,(804)693-2425," PO Box 685, #609"," Gloucester, VA 23061 ",
Goochland County Chamber of Commerce ,,www.goochlandchamber.org,(804)556-3811, PO Box 123," Goochland, VA 23063 ",
Greater Falls Church Chamber of Commerce ,,www.fallschurchchamber.org,(703)532-1050," 417 West Broad St., Suite 205 "," Falls Church, VA 22046 ",
Greater McLean Chamber of Commerce ,,www.mcleanchamber.org,(703)356-5424, 1437 Balls Hill Rd," McLean, VA 22101 ",
Greater Reston Chamber of Commerce ,,www.restonchamber.org,(703)707-9045," 1886 Metro Center Dr, Suite 150 "," Reston, VA 20190 ",
Greene County Chamber of Commerce ,,www.greenecoc.org,(434)906-4859, PO Box 643," Ruckersville, VA 22968 ",
Halifax County Chamber of Commerce ,,www.halifaxchamber.net,(434)572-3085, PO Box 399," South Boston, VA 24592 ",
Isle of Wight-Smithfield-Windsor Chamber of Commer ,,www.theisle.org,(757)357-3502," 100 Main St, PO Box 38 "," Smithfield, VA 23431 ",
Montgomery County Chamber of Commerce ,,www.montgomerycc.org,(540)382-3020, 1520 North Franklin St," Christiansburg, VA 24073 ",
Mount Vernon-Lee Chamber of Commerce ,,www.MtVernon-LeeChamber.org,(703)360-6925, 6821 Richmond Hwy," Alexandria, VA 22306 ",
Petersburg Chamber of Commerce ,,www.petersburgchamber.com/,(804)733-8131, 325 East Washington St," Petersburg, VA 23803 ",
Radford Chamber of Commerce ,,www.radfordchamber.com,(540)639-2202, 200 3rd Ave," Radford, VA 24141 ",
Shenandoah County Chamber of Commerce ,,www.shenandoahcountychamber.com,(540)459-2542, 103 South Main St," Woodstock, VA 22664 ",
Smith Mountain Lake Regional Chamber of Commerce ,,www.visitsmithmountainlake.com,(540)721-1203," 16430 Booker T. Washington Hwy, Bridgewater Plaza, Suite 2 "," Moneta, VA 24121 ",
South Fairfax Chamber of Commerce ,,www.SouthFairfaxChamber.org,(703)550-0005, PO Box 68," Lorton, VA 22199 ",
Top of Virginia Regional Chamber of Commerce ,,www.regionalchamber.biz,(540)662-4118, 407 South Loudoun St," Winchester, VA 22601 ",
Tysons Regional Chamber of Commerce ,,www.tysonschamber.org,(703)281-1333," 7925 Jones Branch Dr, Suite LL200 "," McLean, VA 22102 ",
Wytheville-Wythe-Bland Chamber of Commerce ,,www.wwbchamber.com,(276)223-3365, 150 East Monroe St," Wytheville, VA 24382 ",
Amherst County Chamber of Commerce ,,www.amherstvachamber.com,(434)946-0990, PO Box 560," Amherst, VA 24521 ",
Annandale Chamber of Commerce ,,www.annandalechamber.com,(703)256-7232, 4127 Meadow CT," Annandale, VA 22003 ",5 / 5
Appomattox County Chamber of Commerce ,,appomattox.com,(434)352-2621," 276 Court St, PO Box 704 "," Appomattox, VA 24522 ",
Ashland/Hanover Chamber of Commerce ,,,(804)798-1722, PO Box 1388," Ashland, VA 23005 ",
Bath County Chamberof Commerce ,,www.bathcountyva.org,(540)839-5409, PO Box 718," Hot Springs, VA 24445 ",
Botetourt County Chamber of Commerce ,,www.bot-co-chamber.com,(540)473-8280, PO Box 81," Fincastle, VA 24090 ",
Broadway-Timberville Chamber of Commerce ,,,(540)896-7413, 233 Coop Dr," Timberville, VA 22853 ",
Brookneal Area Chamber of Commerce ,,,, PO Box 387," Brookneal, VA 24528 ",
Brunswick Chamber of Commerce ,,www.brunswickchamber.com,(434)848-3154, 400 N Main St.," Lawrenceville, VA 23868 ",
Buckingham County Chamber of Commerce ,,,(434)983-2372, PO Box 951," Dillwyn, VA 23936 ",
Cape Charles-Northampton County Chamberof Commerc ,,www.ccncchamber.com,(757)331-2304, PO Box 87," Cape Charles, VA 23310 ",
Caroline Chamber of Commerce ,,www.carolinechamber.com,(804)448-5264, PO Box 250," Ladysmith, VA 22501 ",
Caroline County Chamber of Commerce ,,www.carolinechamber.com,(804)633-5264, PO Box 250," Ladysmith, VA 22501 ",
Carroll County Chamber of Commerce ,,thecarrollchamber.com,(276)728-5397," 515 N Main St., P.O. Box 1184 "," Hillsville, VA 24343 ",
Chase City Chamber of Commerce ,,www.chasecitychamberofcomm.com,(434)372-0379, 316 N Main St.," Chase City, VA 23924 ",
Clarksville Lake Country Chamber of Commerce ,,www.kerrlake.com/chamber,(434)374-2436," 105 2nd St., P.O. Box 1017 "," Clarksville, VA 23927 ",
Colonial Beach Chamber of Commerce ,,,(804)224-8145, PO Box 475," Colonial Beach, VA 22443 ",
Colonial Heights Chamber of Commerce ,,www.colonial-heights.com,(804)526-5872," 201 Temple Avenue, Ste E "," Colonial Heights, VA 23834 ",
Crewe-Burkeville Chamber of Commerce ,,,(434)645-7711, PO Box 305," Crewe, VA 23930 ",
Dickenson County Chamber of Commerce ,,www.dickensonchamber.net,(276)926-6074, PO Box 1989," Clintwood, VA 24228 ",
Dulles Reg. Chamber of Commerce ,,www.dullesregionalchamber.org,(571)323-5300," 3901 Centerview Dr, Ste R "," Chantilly, VA 20151 ",
Edinburg Area Chamber of Commerce ,,,(540)984-8318, 101 Town Hall Ave," Edinburg, VA 22824 ",
Emporia-Greensville Chamber of Commerce ,,www.emporia-greensvillechamber,(434)634-9441, 400 Halifax St," Emporia, VA 23847 ",
Fauquier County Chamber of Commerce ,,www.fauquierchamber.org,(540)347-4414, 183 A Keith St.," Warrenton, VA 20188 ",
Floyd County Chamber of Commerce ,,www.vistitfloyd.org,(540)745-4407," 201 E Main St, Ste 7 "," Floyd, VA 24091 ",
Fluvanna County Chamber of Commerce ,,www.fluvannachamber.org,(434)589-3262," Court Sq., P.O. Box 93 "," Palmyra, VA 22963 ",
Galax-Carroll-Grayson Chamber of Commerce ,,www.gcgchamber.com,(276)236-2184, 405 N Main St.," Galax, VA 24333 ",
Giles County Chamber of Commerce ,,,(540)921-5000," 101 S Main St., Pearisburg "," Pearisburg, VA 24134 ",
Greater Scottsville Chamber of Commerce ,,,(434)286-6000, PO Box 11," Scottsville, VA 24590 ",
Highland County Chamber of Commerce ,,www.highlandcounty.org,(540)468-2550, PO Box 223," Monterey, VA 24465 ",
Hopewell-Prince George Chamber of Commerce ,,www.hpgchamber.org,(804)458-5536, 210 N 2nd Ave.," Hopewell, VA 23860 ",
International Assn. of Refrigerated Warehouses ,,,(703)373-4307," 1500 King St, #201 "," Alexandria, VA 22314 ",
Irvington Chamber of Commerce ,,,(804)438-6230, PO Box 282," Irvington, VA 22480 ",
Irvington Improvement Assn. & Chamber of Commerce ,,www.townofirvington.com,(804)438-9371, PO Box 282," Irvington, VA 22480 ",
Kilmarnock Chamber of Commerce ,,,(804)435-1552, PO Box 248," Kilmarnock, VA 22482 ",
King George County Chamber of Commerce ,,www.kinggeorgechamber.com,(540)663-2000, PO Box 1073," Dahlgren, VA 22448 ",
Lancaster by the Bay Chamber of Commerce ,,www.lancasterva.com,(804)435-6092, PO Box 1868," Kilmarnock, VA 22482 ",
Lee County Area Chamber of Commerce ,,www.leecountyvachamber.org,, PO Box 417," Pennington Gap, VA 24277 ",
Lexington Rockbridge County Chamber of Commerce ,,www.lexrockchamber.com,(540)463-5375," 100 East Nelson St, Suite 101 "," Lexington, VA 24450 ",
Lunenburg County Chamber of Commerce ,,www.lunenburgva.org,, General Delivery," Lunenburg, VA 23952 ",
Luray-Page County Chamber of Commerce ,,www.luraypage.com,(540)743-3915, 46 E Main St.," Luray, VA 22835 ",
Madison County Visitor Center & Chamber of Commerc ,,www.madison-va.com,(540)948-4455," 110 N Main St, P.O. Box 373 "," Madison, VA 22727 ",
Mount Jackson Area Chamber of Commerce ,,,(540)477-2121, 5588 Main St.," Mount Jackson, VA 22842 ",
Nelson County Chamber of Commerce ,,,, PO Box 182," Lovingston, VA 22949 ",
New Kent Chamber ofCommerce ,,www.newkent.net,(804)932-9614, PO Box 119," Quinton, VA 23141 ",
New Market Area Chamber of Commerce ,,,(540)740-3212, PO Box 57," New Market, VA 22844 ",
Northampton County Chamber of Commerce ,,www.northamptoncountychamber.com,(757)678-0010, PO Box 475," Eastville, VA 23347 ",
Northumberland County Chamber of Commerce ,,northumberlandcoc.org,(804)529-5031, PO Box 149," Callao, VA 22435 ",
Orange County Chamber of Commerce ,,orangevachamber.com,(540)672-5216, 113 W Main St.," Orange, VA 22960 ",
Patrick County Chamber of Commerce ,,www.co.patrick.va.us,(276)692-6174, PO Box 577," Stuart, VA 24171 ",
Pittsylvania County Chamber of Commerce ,,,(804)432-1650," 38 North Main St., P.O. Box 933 "," Chatham, VA 24531 ",
Powhatan Chamber ofCommerce ,,www.powhatanchamberofcommerce.org,(804)598-2636, 3887F Old Buckingham Rd," Powhatan, VA 23139 ",
Richlands Area Chamber of Commerce ,,www.chamberrichlandsva.org,(276)963-3385, 1413 Front St.," Richlands, VA 24641 ",
Russell County Chamber of Commerce ,,www.russellcountyva.org,(276)889-8041, PO Box 926," Lebanon, VA 24266 ",
Salem Roanoke County Chamber of Commerce ,,www.salemva.org,(540)387-0267, 611 E Main St.," Salem, VA 24153 ",
Scott County Chamber of Commerce ,,www.scottcountyva.com,(276)386-6665," 190 Beech St, Suite 202 "," Gate City, VA 24251 ",
Sean Pearson ,,,," 3102 Furman Ln, Apt 401 "," Alexandria, VA 22306 ",
South Hill Chamber of Commerce ,,www.southhillchamber.com,(434)447-4547, 201 S Mecklenburg Ave.," South Hill, VA 23970 ",
Strasburg Chamber of Commerce ,,www.strasburgva.com,(540)465-3187, PO Box 42," Strasburg, VA 22657 ",
Surry County Chamber of Commerce ,,www.surrychamber.org,(757)876-6319, PO Box 353," Surry, VA 23883 ",
Sussex County Chamber of Commerce ,,www.sussexvachamber.org,(804)248-2223, PO Box 466," Stony Creek, VA 23882 ",
Tappahannock-Essex County Chamber of Commerce ,,,(804)443-5241, PO Box 481," Tappahannock, VA 22560 ",
Tazewell Area Chamber of Commerce ,,,(276)988-5091, Tazewell Mall," Tazewell, VA 24651 ",
VADA ,,,(804)359-3578, 1800 W Grace St," Richmond, VA 23220 ",
Victoria Chamber ofCommerce ,,,(434)696-2859, PO Box 949," Victoria, VA 23974 ",
Vinton Area Chamberof Commerce ,,,(540)343-1364," 109 Lee Ave., P.O. Box 83 "," Vinton, VA 24179 ",
Warsaw-Richmond County Chamber of Commerce ,,,(804)313-2252, PO Box 1141," Warsaw, VA 22572 ",
Washington County Chamber of Commerce ,,www.washingtonvachamber.org,(276)628-8141," 1 Government Center Way, Ste D "," Abingdon, VA 24210 ",
West Point/Tri-Rivers Chamber of Commerce ,,www.westpointvachamber.com,(804)843-4620," 801 Main St., P.O. Box 1035 "," West Point, VA 23181 ",
Westmoreland County Chamber of Commerce ,,www.wcchamber.com,(804)333-1974," P.O.Box 785, Ste 6 "," Montross, VA 22520 ",
Wise County Chamberof Commerce ,,www.wisecountychamber.org,(276)679-0961, 765 Park Ave.," Norton, VA 24273 ",
York County Chamber of Commerce ,,www.yorkcountychamberva.org,(757)877-5920, 5030 George Washington Mem Hwy," Yorktown, VA 23692 ",
