Aspire Johnson County ,U.S. Chamber Member,www.greenwood-chamber.com,(619)313-7912, 15060 Ne 95th," Redmond, WA 98052 ",
Association of Washington Business ,U.S. Chamber Member,www.awb.org/,(360)943-1600, PO Box 658," Olympia, WA 98507 ",
Bellevue Chamber of Commerce ,U.S. Chamber Member,www.bellevuechamber.org,(425)454-2464," 330 112 Avenue NE, Suite 100 "," Bellevue, WA 98004 ",
Birch Bay Chamber of Commerce ,U.S. Chamber Member,www.birchbaychamber.com,(360)371-5004," 7900 Birch Bay Dr, Suite B-119 "," Blaine, WA 98230 ",
Bremerton Area Chamber of Commerce ,U.S. Chamber Member,www.bremertonchamber.org,(360)479-3579," 409 Pacific Ave, Suite 207 "," Bremerton, WA 98337 ",
Centralia-Chehalis Chamber of Commerce ,U.S. Chamber Member,www.chamberway.com/,(360)748-8885, 500 NW Chamber of Commerce Way," Chehalis, WA 98532 ",
Coupeville Chamber of Commerce ,U.S. Chamber Member,www.centralwhidbeychamber.com,(360)678-5434," 905 NW Alexander, PO BOX 152 "," Coupeville, WA 98239 ",
Economic Alliance of Snohomish County ,U.S. Chamber Member,www.economicalliancesc.org,(425)743-4567," 808 134th Street SW, Ste 101 "," Everett, WA 98204 ",
Federal Way Chamber of Commerce ,U.S. Chamber Member,www.federalwaychamber.com/,(253)838-2605, PO Box 3440," Federal Way, WA 98063 ",
Ferndale Chamber of Commerce ,U.S. Chamber Member,ferndale-chamber.com,(360)384-3042, PO Box 1264," Ferndale, WA 98248 ",
Greater Spokane Inc. ,U.S. Chamber Member,www.spokanechamber.org,(509)321-3635," 801 West Riverside, Suite 100 "," Spokane, WA 99201 ",
Greater Spokane Valley Chamber of Commerce ,U.S. Chamber Member,www.spokanevalleychamber.org,(509)924-4994," 1421 North Meadowwood Ln, Suite 10 "," Liberty Lake, WA 99019 ",
Greater Yakima Chamber of Commerce ,U.S. Chamber Member,www.yakima.org,(509)248-2021, PO Box 1490," Yakima, WA 98907 ",
Lake Chelan Chamber of Commerce & Visitor Center ,U.S. Chamber Member,www.lakechelan.com,(509)682-3503, 102 East Johnson Ave," Chelan, WA 98816 ",
Leavenworth Chamber of Commerce ,U.S. Chamber Member,www.leavenworth.org,(509)548-5807, PO Box 327," Leavenworth, WA 98826 ",
Lewis Clark Valley Chamber of Commerce ,U.S. Chamber Member,www.lcvalleychamber.org,(509)758-7712, 825 6th St," Clarkston, WA 99403 ",
Moses Lake Chamber of Commerce ,U.S. Chamber Member,www.moseslake.com/,(509)765-7888, 324 S Pioneer Way," Moses Lake, WA 98837 ",
Pasco Chamber of Commerce ,U.S. Chamber Member,,(509)547-9755, 1110 Osprey Pointe Blvd.," Pasco, WA 99301 ",
Pullman Chamber of Commerce ,U.S. Chamber Member,www.pullmanchamber.com,(509)334-3565, 415 N Grand Ave," Pullman, WA 99163 ",
Puyallup/Sumner Chamber of Commerce ,U.S. Chamber Member,www.puyallupchamber.com/,(253)845-6755, PO Box 1298," Puyallup, WA 98371 ",
Seattle Southside Chamber of Commerce ,U.S. Chamber Member,www.swkcc.org,(206)575-1633," 14220 Interurban Avenue South, Suite 134 "," Tukwila, WA 98168 ",
Tacoma-Pierce County Chamber of Commerce ,U.S. Chamber Member,www.tacomachamber.org,(253)627-2175," 950 Pacific Avenue, Suite 300, PO Box 1933 "," Tacoma, WA 98401 ",
Thurston County Chamber of Commerce ,U.S. Chamber Member,thurstonchamber.com/,(360)357-3362, 809 Legion Way SE," Olympia, WA 98501 ",
Tri City Regional Chamber of Commerce ,U.S. Chamber Member,www.tricityregionalchamber.com,(509)736-0510," 7130 W Grandridge Blvd, Suite C "," Kennewick, WA 99336 ",4 / 5
Wenatchee Valley Chamber of Commerce ,U.S. Chamber Member,www.wenatchee.org,(509)662-2116," 137 North Wenatchee Ave, P.O. Box 850 "," Wenatchee, WA 98801 ",
Lakewood Chamber of Commerce ,,www.lakewood-wa.com/,(253)582-9400," 6310 Mt. Tacoma Drive SW, Suite B "," Lakewood, WA 98499 ",
Anacortes Chamber of Commerce ,,www.anacortes.org,(360)293-7911," 819 Commercial Ave, Suite F "," Anacortes, WA 98221 ",
Arlington Smokey Point Chamber of Commerce ,,www.arlington-smokeypointchamber.com,(360)659-5453," 4126B 172 Street, NE"," Arlington, WA 98223 ",
Auburn Area Chamber of Commerce ,,www.auburnareawa.org,(253)833-0700, 420 East Main Street," Auburn, WA 98002 ",
Bellingham/Whatcom Chamber of Commerce & Industry ,,www.bellingham.com,(360)734-1330," 119 North Commercial St, Suite 110 "," Bellingham, WA 98225 ",
Clark County Chamber of Commerce ,,www.clarkchamber.com/,(360)450-2119, PO Box 2485," Vancouver, WA 98668 ",
Colville Chamber of Commerce ,,www.colville.com,(509)684-5973," 986 South Main St, Suite B "," Colville, WA 99114 ",
Covington Chamber of Commerce ,,www.covingtonchamber.org,(253)631-6117, PO Box 8041," Covington, WA 98042 ",
Enumclaw Area Chamber of Commerce ,,www.enumclawchamber.com,(360)825-7666, 1421 Cole St.," Enumclaw, WA 98022 ",
Fife Milton Edgewood Chamber of Commerce ,,www.fifechamber.org,(253)922-9320, 2018 54th Ave E," Fife, WA 98424 ",
Gig Harbor Chamber of Commerce ,,www.gigharborchamber.net,(253)851-6865, PO Box 102," Gig Harbor, WA 98335 ",
Grays Harbor Chamber of Commerce ,,www.graysharbor.org,(360)533-1924," 506 Duffy St, Suite 100 "," Aberdeen, WA 98520 ",
Greater Eatonville Chamber of Commerce ,,www.eatonvillechamber.com,(360)832-4000, PO Box 845," Eatonville, WA 98328 ",
Greater Edmonds Chamber of Commerce ,,www.edmondswa.com,(425)670-1496, 121 Fifth Avenue North," Edmonds, WA 98020 ",
Greater Issaquah Chamber of Commerce ,,www.issaquahchamber.com.,(425)392-7024, 155 NW Gilman Blvd," Issaquah, WA 98027 ",
Greater Kirkland Chamber of Commerce ,,www.kirklandchamber.org,(425)822-7066, 440 Central Way," Kirkland, WA 98033 ",
Greater Lake Stevens Chamber of Commerce ,,www.lakestevenschamber.com/,(425)334-0433, PO Box 439," Lake Stevens, WA 98258 ",
Greater Othello Chamber of Commerce ,,www.othellochamber.com,(509)488-2683, PO Box 2813," Othello, WA 99344 ",
Greater Renton Chamber of Commerce ,,www.gorenton.com,(425)226-4560, 625 South 4th St," Renton, WA 98057 ",
Greater Vancouver Chamber of Commerce ,,www.vancouverusa.com,(360)694-2588," 1101 Broadway Street, Suite 100, Broadway Business Center "," Vancouver, WA 98660 ",
Kelso Longview Chamber of Commerce ,,www.kelsolongviewchamber.org/,(360)423-8400, 105 North Minor Rd," Kelso, WA 98626 ",
Kent Chamber of Commerce ,,www.kentchamber.com,(253)854-1770," 524 West Meeker St, Suite 1 "," Kent, WA 98032 ",
Mount Vernon Chamber of Commerce ,,www.mountvernonchamber.com/,(360)428-8547, 301 West Kincaid St," Mount Vernon, WA 98273 ",
OneRedmond ,,oneredmond.org,(425)885-4014," 8383 158th Avenue NE, Suite 225 "," Redmond, WA 98052 ",
Port Orchard Chamber of Commerce ,,www.portorchard.com,(360)876-3505," 1014 Bay St, #8"," Port Orchard, WA 98366 ",
Quincy Valley Chamber of Commerce ,,www.quincyvalley.org,(509)787-2140, PO Box 668," Quincy, WA 98848 ",
Seattle Metropolitan Chamber of Commerce ,,www.seattlechamber.com,(206)389-7200," 1301 Fifth Ave, Suite 1500 "," Seattle, WA 98101 ",
Sequim Dungeness Valley Chamber of Commerce ,,www.sequimchamber.com,(360)683-6197, 1192 East Washington St," Sequim, WA 98382 ",
Shelton-Mason County Chamber of Commerce ,,sheltonchamber.org,(360)426-2021, PO Box 2389," Shelton, WA 98584 ",
South Lewis County Chamber of Commerce ,,www.thelewiscountychamber.com,(360)864-8844, PO Box 607," Toledo, WA 98591 ",
Tumwater Area Chamber of Commerce ,,www.tumwaterchamber.com,(360)357-5153," 855 Trosper Rd SW, #108-229 "," Tumwater, WA 98512 ",
Ukrainian Chamber of Commerce ,,,(206)383-1014, 13470 Martin Luther King Jr Way," Seattle, WA 98178 ",
Walla Walla Valley Chamber of Commerce ,,business.wwvchamber.com,(509)525-0850, 29 East Sumach St," Walla Walla, WA 99362 ",
West Richland Chamber of Commerce ,,www.westrichlandchamber.org,(509)967-0521, PO Box 4023," West Richland, WA 99353 ",
West Seattle Chamber of Commerce ,,www.wschamber.com/,(206)932-5685, 5639-A California Avenue SW," Seattle, WA 98136 ",
Woodinville Chamber of Commerce ,,www.woodlinvillechamber.org,(425)481-8300, 14700 148th Ave NE," Woodinville, WA 98072 ",
Asotin Chamber of Commerce ,,www.cityofasotin.org,(509)243-4242, PO Box 574," Asotin, WA 99402 ",
Association of Washington State Hispanic C of C ,,www.wshcc.com,(206)441-8894, 3305 East Olive St," Seattle, WA 98122 ",
Bainbridge Island Chamber of Commerce ,,www.bainbridgechamber.com,(206)842-3700, 395 Winslow Way E," Bainbridge Island, WA 98110 ",
Battle Ground Chamber of Commerce ,,www.battlegroundchamber.org,(360)687-1510," 2210 West Main St, #107-345 "," Battle Ground, WA 98604 ",
Beacon Hill Chamberof Commerce ,,,, 3801 Beacon Ave. S," Seattle, WA 98108 ",
Benton City Chamberof Commerce ,,,(509)588-5848, PO Box 401," Benton City, WA 99320 ",
Blaine Community Chamber of Commerce ,,,(360)332-6484, PO Box 1718," Blaine, WA 98231 ",
Brewster Chamber ofCommerce ,,www.brewsterchamber.org,(509)689-3589, PO Box 1087," Brewster, WA 98812 ",
Bridgeport Area Chamber of Commerce ,,,(509)686-4101, PO Box 395," Bridgeport, WA 98813 ",
Buckley Chamber of Commerce ,,,(360)829-0975, PO Box 168," Buckley, WA 98321 ",
Burlington Chamber of Commerce ,,burlington-chamber.com,(360)757-0994, PO Box 1087," Burlington, WA 98233 ",
Camano Island Chamber of Commerce ,,www.camanoisland.org,(360)629-7136," 1992 Elger Bay Rd, PMB 416 "," Camano Island, WA 98282 ",
Camas-Washougal Chamber of Commerce ,,www.cwchamber.com,(360)834-2472, 422 NE 4th Ave.," Camas, WA 98607 ",
Capitol Hill Chamber of Commerce ,,www.caphillchamber.org/,(206)328-6646," 1620 12th Ave, Suite 204 "," Seattle, WA 98122 ",
Carnation Chamber of Commerce ,,www.carnationchamber.com,(425)444-9314, PO Box 603," Carnation, WA 98014 ",
Cashmere Chamber of Commerce ,,,(509)782-7404, PO Box 834," Cashmere, WA 98815 ",
Castle Rock Chamberof Commerce ,,www.mountsainthelens.net,(360)274-6603, PO Box 721," Castle Rock, WA 98611 ",
Chewelah Chamber ofCommerce ,,www.chewelah.org,(509)935-8595, 214 E Main St," Chewelah, WA 99109 ",
Clallam Bay-Sekiu Chamber of Commerce ,,"www.clallambay.com,www.sekiu.com",(360)963-2339, PO Box 355," Clallam Bay, WA 98326 ",
Colfax Chamber of Commerce ,,www.colfaxchamberofcommerce.com,(509)279-1220, 214 N Main St," Colfax, WA 99111 ",
Concrete Chamber of Commerce ,,www.concrete-wa.com,(360)853-7042, PO Box 743," Concrete, WA 98237 ",
Coulee City Chamberof Commerce ,,,(509)632-5043, PO Box 896," Coulee City, WA 99115 ",
Cranberry Coast Chamber of Commerce ,,www.cranberrycoastcoc.com,(360)267-2003, PO Box 306," Westport, WA 98595 ",
Davenport Chamber of Commerce ,,www.davenportwa.org,(509)725-6711, PO Box 869," Davenport, WA 99122 ",
Dayton Chamber of Commerce & Visitor Center ,,www.historicdayton.com,(509)382-4825, 166 E Main," Dayton, WA 99328 ",
Deer Park Chamber of Commerce ,,www.deerparkchamber.com,(509)276-5900, PO Box 518," Deer Park, WA 99006 ",
Duvall Chamber of Commerce ,,www.duvallchamberofcommerce.com,(425)788-9182," 15321 Main St NE, Ste 320b "," Duvall, WA 98019 ",
Eatonville Chamber of Commerce ,,,(360)832-4000, 220 Center St E," Eatonville, WA 98328 ",
Ellensburg Chamber of Commerce ,,www.ellensburg-chamber.com,(509)925-2002, 609 N Main St.," Ellensburg, WA 98926 ",
Elma Chamber of Commerce ,,,(360)482-3055, PO Box 798," Elma, WA 98541 ",
Ephrata Chamber of Commerce ,,ephratawachamber.com,(509)754-4656," 90 Alder NW, P.O. Box 275 "," Ephrata, WA 98823 ",
Everson Nooksack Chamber of Commerce ,,www.eversonnooksackchamber.org,(360)966-3407, 103 W Main St," Everson, WA 98247 ",
Forks Chamber of Commerce ,,www.forkswa.com,(360)374-2531, 1411 S Forks Ave.," Forks, WA 98331 ",
Fremont Chamber of Commerce ,,www.fremont.com,(206)632-1500, PO Box 31139," Seattle, WA 98103 ",
Garfield Chamber ofCommerce ,,,(509)635-1183, PO Box 454," Garfield, WA 99130 ",
Grand Coulee Dam Area Chamber of Commerce ,,www.grandcouleedam.org,(509)633-3074, PO Box 760," Grand Coulee, WA 99133 ",
Grandview Chamber of Commerce ,,www.grandviewchamber.com,(509)882-2100, 107 Division St," Grandview, WA 98930 ",
Greater Bothell Chamber of Commerce ,,www.bothellchamber.com,(425)485-4353, PO Box 1203," Bothell, WA 98041 ",
Greater Connell Area Chamber of Commerce ,,,(509)234-8731," 600 S Columbia, P.O. Box 401 "," Connell, WA 99326 ",
Greater Des Moines Chamber of Commerce ,,www.desmoineswa.org,(206)878-7000," 22030 7th Ave. S, 104 "," Des Moines, WA 98198 ",
Greater Goldendale Chamber of Commerce ,,www.gorge.net/community/goldendale,, 903 E Broadway St," Goldendale, WA 98620 ",
Greater Kingston Chamber of Commerce ,,www.kingstonchamber.com,(360)297-3813, PO Box 78," Kingston, WA 98346 ",
Greater Lake City Chamber of Commerce ,,www.lakecitychamber.org,(206)363-3287," 12345 30th Ave. NE, F-G "," Seattle, WA 98125 ",
Greater Maple Valley-Black Diamond CoC ,,,(425)432-0222, PO Box 302," Maple Valley, WA 98038 ",
Greater Poulsbo Chamber of Commerce ,,www.poulsbo.net/gpcc,(360)779-4999, 19168 Jensen Way," Poulsbo, WA 98370 ",
Greater Queen Anne Chamber of Commerce ,,www.qachamber.org,(206)282-4539, PO Box 19386," Seattle, WA 98109 ",
Greater University Chamber of Commerce ,,www.udistrictchamber.org,(206)547-4417," 4710 University Way NE, Ste 114 "," Seattle, WA 98105 ",
Hangman Creek/North Palouse Chamber of Commerce ,,www.hangmancreekchamber.com,(509)892-4412, PO Box 345," Fairfield, WA 99012 ",
Jefferson County Chamber of Commerce ,,www.ptchamber.org,(360)385-7869, 2409 Jefferson St," Port Townsend, WA 98368 ",
Kalama Chamber of Commerce ,,,(360)673-6299, 110 West Marine Dr," Kalama, WA 98625 ",
Kettle Falls Area Chamber of Commerce ,,,(509)738-2300," 425 W 3rd St., P.O. Box 119 "," Kettle Falls, WA 99160 ",
La Center North Clark County Chamber of Commerce ,,www.lacenternorthclarkcountychamber.com,(360)263-4636, PO Box 83," La Center, WA 98629 ",
La Conner Chamber of Commerce ,,www.laconnerchamber.com,(360)466-4778, PO Box 1610," La Conner, WA 98257 ",
Lacey Chamber of Commerce ,,www.laceychamber.com,(360)491-4141," 8300 Quinault Dr NE, Suite A "," Lacey, WA 98516 ",
Lacey Thurston County Chamber of Commerce ,,www.laceychamber.com,(360)491-4141, 4705b Lacey Blvd. SE," Lacey, WA 98509 ",
Langley Chamber of Commerce ,,www.visitlangley.com,(360)221-5676, PO Box 403," Langley, WA 98260 ",
Lind Chamber of Commerce ,,www.lindwa.com,, PO Box 561," Lind, WA 99341 ",
Lopez Island Chamber of Commerce ,,,, PO Box 102," Lopez Island, WA 98261 ",
Lynden Chamber of Commerce ,,,(360)354-5995, 109 6th St.," Lynden, WA 98264 ",
Magnolia Chamber of Commerce ,,,(206)618-1589," 3213 W Wheeler, #42, 518 "," Seattle, WA 98199 ",
McCleary Community Chamber of Commerce ,,mcclearychamber.com,(360)495-3667, PO Box 53," McCleary, WA 98557 ",
Mercer Island Chamber of Commerce ,,www.mercerislandchamber.org,(206)232-3404," 7613 SE 27th, P.O. Box 108 "," Mercer Island, WA 98040 ",
Monroe Chamber of Commerce & VIC ,,monroechamberofcommerce.org,(360)794-5488, 110 S Lewis," Monroe, WA 98272 ",
Montesano Chamber of Commerce ,,www.montesano-wa.com,(360)249-5522, PO Box 688," Montesano, WA 98563 ",
Morton Chamber of Commerce ,,,(360)496-6086, PO Box 10," Morton, WA 98356 ",
Mossyrock Chamber of Commerce ,,,(360)983-8470, PO Box 55," Mossyrock, WA 98564 ",
Mount St. Helens Chamber of Commerce ,,,(360)274-8920, 5304 Spirit Lake Hwy.," Toutle, WA 98649 ",
Mt. Adams Chamber of Commerce ,,www.business.gorge.net/mtadamschamber,(509)493-3630," One Heritage Plaza, P.O. Box 449 "," White Salmon, WA 98672 ",
Newport-Oldtown Chamber of Commerce ,,,(509)447-5812, 325 W 4th," Newport, WA 99156 ",
North Cascades Chamber of Commerce ,,marblemount.com,(360)873-4192, 59831 State Route 20," Marblemount, WA 98267 ",
North Mason Chamber of Commerce ,,,(360)275-1001, PO Box 416," Belfair, WA 98528 ",
North Pend Oreille Chamber of Commerce ,,www.npochamber.org,(509)446-4012, PO Box 388," Metaline Falls, WA 99153 ",
Northcentral Washington Hispanic CoC ,,,(509)665-9699," 300 S Columbia, P.O. Box 2001 "," Wenatchee, WA 98801 ",
Northgate Chamber of Commerce ,,www.northgatechamber.com,(206)733-0115," 9594 1st Avenue NE, Ste 296 "," Seattle, WA 98115 ",
Oak Harbor Chamber of Commerce ,,www.oakharborchamber.org,(360)675-3755, 32630 Sr 20," Oak Harbor, WA 98277 ",
Oakesdale Chamber of Commerce ,,,(509)285-4771, PO Box 84," Oakesdale, WA 99158 ",
Oakville Chamber of Commerce ,,www.oakvilleinfo.homestead.com/directory,(360)273-7766, 615 West Cedar St," Oakville, WA 98568 ",
Ocean Park Area Chamber of Commerce ,,www.opwa.com,(360)665-4448, PO Box 403," Ocean Park, WA 98640 ",
Ocean Shores Chamber of Commerce ,,www.oceanshores.org,(360)289-2451," 120 W Chance Ala Mer, P.O. Box 382 "," Ocean Shores, WA 98569 ",
Odessa Chamber of Commerce ,,,(509)982-0049, PO Box 355," Odessa, WA 99159 ",
Okanogan Chamber ofCommerce ,,,(509)422-3658, PO Box 1125," Okanogan, WA 98840 ",
Omak Chamber of Commerce ,,www.omakchronicle.com/omakchamber,(509)826-1880, 401 Omak Ave.," Omak, WA 98841 ",
Orcas Island Chamber of Commerce ,,www.orcasisland.org,(360)376-2273, PO Box 252," Eastsound, WA 98245 ",
Palouse Chamber of Commerce ,,visitpalouse.com/,(509)878-1211, PO Box 174," Palouse, WA 99161 ",
Pateros Chamber of Commerce ,,,(509)923-2571, PO Box 8," Pateros, WA 98846 ",
Point Roberts Chamber of Commerce ,,www.pointrobertschamber.com,(360)945-2313, PO Box 128," Point Roberts, WA 98281 ",
Pomeroy Chamber of Commerce ,,,(509)843-3691, PO Box 916," Pomeroy, WA 99347 ",
Port Angeles Regional Chamber of Commerce ,,www.portangeles.org,(360)452-2363, 121 E Railroad Ave.," Port Angeles, WA 98362 ",
Port Hadlock Tri-area Chamber of Commerce ,,www.porthadlockchamber.org,, PO Box 1223," Port Hadlock, WA 98339 ",
Prosser Chamber of Commerce ,,www.prosserchamber.org,(509)786-3177, 1230 Bennett Ave.," Prosser, WA 99350 ",
Quilcene & Brinnon Chamber of Commerce & Visitors ,,www.emeraldtowns.com,(360)765-4999, PO Box 774," Quilcene, WA 98376 ",
Republic Area Chamber of Commerce ,,www.republic-wa.com,(509)775-2704, PO Box 502," Republic, WA 99166 ",
Ridgefield RegionalChamber of Commerce ,,www.ridgefieldusa.com,, PO Box 608," Ridgefield, WA 98642 ",
Ritzville Area Chamber of Commerce & Visitor Info. ,,www.ritzville.com/chamber,(509)659-1936, 111 West Main St," Ritzville, WA 99169 ",
Rosalia Chamber of Commerce ,,www.rosaliachamber.com,(509)523-3506, PO Box 132," Rosalia, WA 99170 ",
Sammamish Chamber of Commerce ,,www.sammamishchamber.org,(425)681-4910," 704 228th Avenue NE, Ste 123 "," Sammamish, WA 98074 ",
San Juan Island Chamber of Commerce ,,www.sanjuanisland.org,(360)378-5240, PO Box 98," Friday Harbor, WA 98250 ",
Sedro-Woolley Chamber of Commerce ,,www.sedro-woolley.com,(360)855-1841, 810 Metcalf St.," Sedro Woolley, WA 98284 ",
Selah Chamber of Commerce ,,www.selahchamber.com,, PO Box 415," Selah, WA 98942 ",
Shoreline Chamber of Commerce ,,www.shorecham.org,(206)361-2260, 18560 1st Ave. NE," Shoreline, WA 98155 ",
Silverdale Chamber of Commerce ,,www.silverdalechamber.com,(360)692-6800, PO Box 1218," Silverdale, WA 98383 ",
Skamania County Chamber of Commerce ,,www.skamania.org,(509)427-8911," 167 NW Second St., P.O. Box 1037 "," Stevenson, WA 98648 ",
Sky Valley Chamber of Commerce ,,,(360)793-0983, PO Box 46," Sultan, WA 98294 ",
Snohomish Chamber of Commerce ,,www.cityofsnohomish.com,(360)568-2526," 127 Ave. A, P.O. Box 135 "," Snohomish, WA 98290 ",
Soap Lake Chamber of Commerce ,,www.soaplakecoc.org,(509)246-1821, PO Box 433," Soap Lake, WA 98851 ",
South Bend Chamber of Commerce ,,,(360)875-5231, PO Box 1249," South Bend, WA 98586 ",
Sprague Chamber of Commerce ,,,(509)979-3539, PO Box 32," Sprague, WA 99032 ",
Springdale Area Chamber of Commerce ,,www.higherelevations.com/springdale_chamber.htm,(509)258-7805, PO Box 275," Springdale, WA 99173 ",
Stanwood Chamber of Commerce ,,www.stanwoodchamber.org,(360)629-0562, 8725 271st St NW," Stanwood, WA 98292 ",
Steilacoom Chamber of Commerce ,,www.steilacoomchamber.com,(253)582-4204, PO Box 88584," Steilacoom, WA 98388 ",
Sumas Chamber of Commerce ,,www.sumaschamber.com,(360)988-2028, PO Box 268," Sumas, WA 98295 ",
Tenino Chamber of Commerce ,,www.teninochamberofcommerce.com,(360)264-4116, PO Box 506," Tenino, WA 98589 ",
The Chamber Collective ,,,(253)840-9683, PO Box 7171," Bonney Lake, WA 98391 ",
Tonasket Chamber ofCommerce ,,www.tonasket.org,(509)486-4543, PO Box 523," Tonasket, WA 98855 ",
Toppenish Chamber of Commerce ,,www.visittoppenish.com,(509)865-3262," 5a S Toppenish Ave., P.O. Box 28 "," Toppenish, WA 98948 ",
Town of Conconully Chamber of Commerce ,,,(509)826-3544, PO Box 309," Conconully, WA 98819 ",
Tri-City Association Of Realtors ,,,, 7151 West Clearwater," Kennewick, WA 99336 ",
Twisp Chamber of Commerce ,,www.twispinfo.com,(509)997-2020, PO Box 686," Twisp, WA 98856 ",
Upper Snoqualmie Valley Chamber of Commerce ,,www.snovalley.org,(425)888-4440, PO Box 357," North Bend, WA 98045 ",
Vashon-maury Island Chamber of Commerce ,,www.vashonchamber.com,(206)463-6217, PO Box 1035," Vashon, WA 98070 ",
Wahkiakum County Chamber of Commerce & Visitors In ,,www.cathlametchamber.com,(360)795-9996," 102 Main St, Ste 205 "," Cathlamet, WA 98612 ",
Wallingford Chamber of Commerce ,,www.wallingford.org,(206)632-0645," 4649 Sunnyside Avenue North, #140"," Seattle, WA 98103 ",
Washington Chamber of Commerce Execs. ,,www.wcce.org,(360)802-4595, PO Box 1349," Enumclaw, WA 98022 ",
Washington Coast Chamber of Commerce ,,washingtoncoastchamber.com,(360)289-4552, 2616- A State Route 109," Ocean Shores, WA 98569 ",
Waterville Chamber of Commerce ,,,(509)745-8871, PO Box 628," Waterville, WA 98858 ",
West Plains Chamber of Commerce ,,www.westplainschamber.org,(509)235-8480, PO Box 228," Airway Heights, WA 99001 ",
Westport/Grayland Chamber of Commerce ,,www.westportgrayland-chamber.org,(360)268-9422, 2985 S Montesano Ave.," Westport, WA 98595 ",
White Center Chamber of Commerce ,,www.whitecenterchamber.org,," 1612 Sw 114th St, Pmb 108 "," Seattle, WA 98146 ",
Wilbur Chamber of Commerce ,,,(509)647-5551, PO Box 111," Wilbur, WA 99185 ",
Winthrop Chamber ofCommerce ,,www.winthropwashington.com,(509)996-2125, PO Box 39," Winthrop, WA 98862 ",
Woodland Chamber ofCommerce ,,www.woodlandwachamber.com/,(360)225-9552," 900 Goerig, P.O. Box 1012 "," Woodland, WA 98674 ",
Yelm Area Chamber of Commerce ,,www.yelmchamber.com,(360)458-6608, PO Box 444," Yelm, WA 98597 ",
Zillah Chamber of Commerce ,,,(509)829-5055, PO Box 1294," Zillah, WA 98953 ",
