Chamber of Commerce of the Mid Ohio Valley ,U.S. Chamber Member,www.movchamber.org,(304)422-3588," 501 Avery St, 9th Floor "," Parkersburg, WV 26101 ",
Huntington Regional Chamber of Commerce ,U.S. Chamber Member,www.huntingtonchamber.org,(304)525-5131, PO Box 1509," Huntington, WV 25716 ",
Jefferson County Chamber of Commerce ,U.S. Chamber Member,www.jeffersoncountywvchamber.org,(304)725-2055, 201 East Washington St," Charles Town, WV 25414 ",
Logan County Chamber of Commerce ,U.S. Chamber Member,www.logancountychamberofcommerce.com,(304)752-1324, PO Box 218," Logan, WV 25601 ",
Marshall County Chamber of Commerce ,U.S. Chamber Member,www.marshallcountychamber.com,(304)845-2773, 609 Jefferson Ave," Moundsville, WV 26041 ",
Martinsburg-Berkeley Chamber of Commerce ,U.S. Chamber Member,www.berkeleycounty.org,(304)267-4841, 198 Viking Way," Martinsburg, WV 25401 ",
West Virginia Chamber of Commerce ,U.S. Chamber Member,www.wvchamber.com,(304)342-1115, 1624 Kanawha Boulevard East," Charleston, WV 25311 ",
Putnam County Chamber of Commerce ,,www.putnamchamber.org,(304)757-6510, 971 WV RT 34," Hurricane, WV 25526 ",
Barbour County Chamber of Commerce ,,www.barbourchamber.org,(304)457-1958, PO Box 2124," Philippi, WV 26416 ",
Beckley-Raleigh County Chamber of Commerce ,,www.brccc.com,(304)252-7328, 245 North Kanawha St," Beckley, WV 25801 ",
Buckhannon-Upshur Chamber of Commerce ,,www.buchamber.com,(304)472-1722, 14 East Main St," Buckhannon, WV 26201 ",
Charleston Area Alliance ,,www.charlestonareaalliance.org,(304)340-4253, 1116 Smith St," Charleston, WV 25301 ",
Greater Greenbrier Chamber of Commerce ,,www.greenbrierwvchamber.org,(304)648-2818," 905 West Washington St, Suite C "," Lewisburg, WV 24901 ",
Harrison County Chamber of Commerce ,,www.harrisoncountychamber.com,(304)624-6331, 520 West Main St," Clarksburg, WV 26301 ",
Marion County Chamber of Commerce ,,www.marionchamber.com,(304)363-0442, 110 Adams St," Fairmont, WV 26554 ",
Morgantown Area Chamber of Commerce ,,www.morgantownchamber.org,(304)292-3311," 1029 University Ave, Ste 101 "," Morgantown, WV 26505 ",
Princeton-Mercer County Chamber of Commerce ,,www.frontiernet.net,(304)487-1502, 1522 North Walker St," Princeton, WV 24740 ",
Ritchie County Chamber of Commerce ,,,(304)643-2500, PO Box 177," Harrisville, WV 26362 ",
South Charleston Chamber of Commerce ,,southcharlestonchamber.chambermaster.com,(304)744-0051, PO Box 8595," South Charleston, WV 25303 ",
Wheeling Area Chamber of Commerce ,,www.wheelingchamber.com/,(304)233-2575," 1100 Main St, 2nd Floor "," Wheeling, WV 26003 ",
Berkeley Springs-Morgan County CoC ,,,(304)258-3738, 127 Fairfax St.," Berkeley Springs, WV 25411 ",
Chester-Newell AreaChamber of Commerce ,,,(304)387-2025, 449 Carolina Ave," Chester, WV 26034 ",
Elkins-Randolph County Chamber of Commerce ,,www.randolphcountywv.com,(304)636-2717, 315 Railroad Ave.," Elkins, WV 26241 ",
Follansbee Chamber of Commerce ,,www.follansbeewv.com,(304)527-1330, PO Box 606," Follansbee, WV 26037 ",
Grant County Chamber of Commerce ,,,(304)257-2722," 126 S Main St, #1"," Petersburg, WV 26847 ",
Greater Ravenswood Chamber of Commerce ,,,(304)273-2621, PO Box 654," Ravenswood, WV 26164 ",
Hampshire County Chamber of Commerce ,,www.hampshirecountychamber.com,(304)822-7221, 91 S High St," Romney, WV 26757 ",
Lewis County Chamber of Commerce ,,,(304)269-2608," 115 E 2nd St., P.O. Box 229 "," Weston, WV 26452 ",
Mason County Area Chamber of Commerce ,,,(304)675-1050, 305 Main St.," Point Pleasant, WV 25550 ",
Mineral County Chamber of Commerce ,,,(304)788-2513," 40 1/2 North Main St, 2011 "," Keyser, WV 26726 ",
Oceana Area Chamberof Commerce ,,,(304)682-4234, PO Box 277," Oceana, WV 24870 ",
Pineville Area Chamber of Commerce ,,www.pinevillechamber.com,(304)732-6255, PO Box 116," Pineville, WV 24874 ",
Pocahontas County Chamber of Commerce ,,www.pccoc.com,(304)799-4476, PO Box 411," Marlinton, WV 24954 ",
Pocahontas County Chamber of Commerce ,,www.pccocwv.com,(304)799-6800," 204 Eighth St, P.O. Box 272 "," Buckeye, WV 24924 ",
Preston County Chamber of Commerce ,,www.prestonchamber.com,(304)329-0576, 200 W Main St.," Kingwood, WV 26537 ",
Richwood Area Chamber of Commerce ,,www.richwoodwv.com,(304)846-6790, 1 E Main St," Richwood, WV 26261 ",
Roane County Chamber of Commerce ,,www.roanechamberwv.org,(304)927-1780, PO Box 1," Spencer, WV 25276 ",
Salem Area Chamber of Commerce ,,www.salemwv.com,(304)782-1005, PO Box 191," Salem, WV 26426 ",
St. Albans Area Chamber of Commerce ,,www.stalbanswv.com,(304)727-7251," PO Box 675, 412 Sixth Avenue "," Saint Albans, WV 25177 ",
Summers County Chamber of Commerce ,,www.summerscounty.org,(304)466-5332, 238 Main St," Hinton, WV 25951 ",
Summersville Area Chamber of Commerce ,,,," 411 Old Main Dr., P.O. Box 567 "," Summersville, WV 26651 ",
Taylor County Chamber of Commerce ,,www.taylorcounty.com,(304)265-3938," 214 W Main St., 100 "," Grafton, WV 26354 ",
Tucker County Chamber of Commerce ,,,(304)463-4774, 410 William Ave," Davis, WV 26260 ",
Tug Valley Chamber of Commerce ,,www.tugvalleychamberofcommerce.com,(304)235-5240, 73 E 2nd Ave," Williamson, WV 25661 ",
Weirton Area Chamber of Commerce ,,www.weirtonchamber.com,(304)748-7212," 3174 Pennsylvania Ave, Suite 1 "," Weirton, WV 26062 ",
Welch Area Chamber of Commerce ,,,(304)436-4260," 92 Mcdowell St, #100"," Welch, WV 24801 ",
Wellsburg Chamber of Commerce ,,www.wellsburgchamber.com,(304)737-2787, 600 Colony Center," Wellsburg, WV 26070 ",
Wetzel County Chamber of Commerce ,,www.wetzelcountychamber.com,(304)455-3825, PO Box 271," New Martinsville, WV 26155 ",
White Sulphur Springs Chamber of Commerce ,,,, PO Box 11," White Sulphur Springs, WV 24986 ",
